GC Pooling® ECB Basket as of:,,02.10.2026,
Published List will be updated daily. Please consider eligible collateral may change randomly.,,,
For a current list kindly use the CMAX system,,,
ISIN,Brief Description,Haircut (%),Settlement Location
FR0014002JM6,"EUR 0,50 FRANCE (REGS OAT",3.73,CBF&CBL
DE000A3MQP42,"EUR 2,00 L-BANK 22-2031",2.30,CBF&CBL
DE000A3E5UU2,"EUR 0,01 DZ HYP AG (REGS)",1.47,CBF&CBL
AT0000A32661,"EUR 3,00 RAIFFEISEN LBK.A",0.46,CBF&CBL
DE000MHB41J8,"EUR 2,75 MUENCHENER HYPOB",2.44,CBF&CBL
FR0014014262,"EUR 3,032 SOCIETE GEN.SFH",2.04,CBF&CBL
ES00000126H9,"EUR 0,00 SPAIN, KINGDOM O",2.40,CBF&CBL
XS1756364474,"EUR 0,875 RAIF.LBK NIEDER",0.46,CBF&CBL
EU000A19XC51,"EUR 1,25 EUROPEAN UNION (",1.44,CBF&CBL
XS2086861437,"EUR 0,125 RAIFFEISEN BANK",1.18,CBF&CBL
XS2133386685,"EUR 0,01 EIKA BOLIGKREDI ",0.36,CBF&CBL
DE000LFA1966,"EUR 0,15 LFA FRDRBK.BAYER",1.74,CBF&CBL
DE000NWB1W69,"EUR 2,875 NRW.BANK (REGS)",0.50,CBF&CBL
FR001400XS13,"EUR FL.R COMP.FINA.FONCIE",2.41,CBF&CBL
DE000A3MQU11,"EUR 3,00 DZ HYP AG (REGS)",0.38,CBF&CBL
DE000A2GSM83,"EUR 0,625 EMISSIONS K DE ",0.36,CBF&CBL
XS1753809141,"EUR 1,00 NIBC BANK NV. (R",0.46,CBF&CBL
DE000NRW0NK8,"EUR 4,475 NORDRHEIN-WESTF",1.58,CBF&CBL
DE000NWB1W85,"EUR 2,45 NRW.BANK 24-2034",2.60,CBF&CBL
XS2989306506,"EUR 2,75 LANDESBANK HESS-",1.48,CBF&CBL
FR001400XLW2,"EUR 2,40 FRANCE (OAT) 25-",0.47,CBF&CBL
DE000CZ457C6,"EUR FL.R COMMERZBK AG (RE",0.61,CBF&CBL
EU000A1Z99F0,"EUR 0,75 ESM (REGS) 18-20",0.48,CBF&CBL
DE000A3E5MZ8,"EUR 2,39 NIEDERSACHSEN LA",1.98,CBF&CBL
FR0014002X50,"EUR 0,01 COMP.FINA.FONCIE",0.91,CBF&CBL
BE0390276450,"EUR XXX BRUSSELS, REG. OF",3.20,CBF&CBL
XS3296392668,"EUR 0,00 AUSTRIA, REP.OF ",20.80,CBF&CBL
FR0010809418,"EUR 0,00 FRANCE (OAT STRI",0.80,CBF&CBL
FR0014003513,"EUR 0,00 FRANCE (REGS OAT",0.08,CBF&CBL
EU000A3K4EY2,"EUR 3,375 EUROPEAN UNION ",4.12,CBF&CBL
DE000A352QG8,"EUR 1,99 L-BANK 25-2027",0.50,CBF&CBL
ES0000012775,"EUR 0,00 SPAIN, KINGDOM O",2.76,CBF&CBL
ES00000129J9,"EUR 0,00 SPAIN, KINGDOM O",5.18,CBF&CBL
DE0001102606,"EUR 1,70 BUNDES DEUTSCH 2",1.23,CBF&CBL
FI4000557525,"EUR 2,875 FINLAND REP.OF ",1.34,CBF&CBL
DE000A3MQTP1,"EUR 2,125 HAMBURG HANSEST",0.47,CBF&CBL
DE000A5GS6X1,"EUR 3,625 MECKLENBURG-VOR",1.91,CBF&CBL
BE0008538028,"EUR 0,00 BELGIUM, KINGDOM",14.71,CBF&CBL
AT0000A1VGK0,"EUR 0,50 AUSTRIA, REP.OF ",0.54,CBF&CBL
XS1792064047,"EUR 2,045 IRELAND, REP OF",11.28,CBF&CBL
XS2647979181,"EUR 3,00 EUROP.INVEST.BK ",1.34,CBF&CBL
EU000A2SCAK5,"EUR 3,375 EFSF (REGS) 23-",6.40,CBF&CBL
SK4000023685,"EUR 3,875 VSEOB. UVEROVA ",0.89,CBF&CBL
XS3163525374,"EUR 3,00 NORDEA MORTGAGE ",2.84,CBF&CBL
FR0010809426,"EUR 0,00 FRANCE (OAT STRI",1.47,CBF&CBL
EU000A1G0DD4,"EUR 1,20 EFSF (REGS) 15-2",10.09,CBF&CBL
DE000A3MP5P6,"EUR 0,01 EMISSIONS K DE (",0.35,CBF&CBL
DE000A351256,"EUR 3,00 HAMBURGER SPARK.",1.50,CBF&CBL
EU000A2SCAZ3,"EUR 3,125 EFSF (REGS) 26-",4.26,CBF&CBL
BE0001794487,"EUR 0,961 COMMUNAUT FRANC",10.92,CBF&CBL
BE0008578420,"EUR 0,00 BELGIUM, KINGDOM",22.33,CBF&CBL
DE000DL19V89,"EUR FL.R DEUTSCHE BANK AG",0.35,CBF&CBL
EU000A2SCAU4,"EUR 2,75 EFSF (REGS) 25-2",3.78,CBF&CBL
FR0010447367,"EUR 1,80 FRANCE (REGS OAT",5.97,CBF&CBL
DE000A11QE86,"EUR 0,25 LAND, BRANDENBUR",0.34,CBF&CBL
FR0013236502,"EUR 1,60 CAISSE DES DEPOT",3.50,CBF&CBL
ES00000128S2,"EUR 0,65 SPAIN, KINGDOM O",0.68,CBF&CBL
FR0014001LW3,"EUR 0,00 BNP PARIBAS HOME",0.70,CBF&CBL
AT000B049929,"EUR 2,375 UNICREDIT BK AT",0.36,CBF&CBL
BE0001742932,"EUR 2,26 COMMUNAUT FRANCA",7.80,CBF&CBL
FR0013355229,"EUR 1,548 CAISSE DES DEPO",6.89,CBF&CBL
DE000A351SC5,"EUR 2,95 LAND SACHSEN ANH",2.24,CBF&CBL
XS3002404021,"EUR 2,471 KNAB N.V. (REGS",0.36,CBF&CBL
XS3004571850,"EUR 2,50 DEXIA S.A (REGS/",5.00,CBF&CBL
XS3075438690,"EUR FL.R NORDIC INVEST.BK",0.54,CBF&CBL
DE000HV2ARC1,"EUR 0,65 UNICREDIT BANK (",0.48,CBF&CBL
DE000A289K63,"EUR 0,01 LAND BERLIN 20-2",1.50,CBF&CBL
XS2908106557,"EUR 2,692 ING BANK N.V. 2",1.52,CBF&CBL
XS0592665789,"EUR FL.R EUROP.INVEST.BK ",0.65,CBF&CBL
BE6296989401,"EUR 2,05 COMMUNAUT FRANCA",9.87,CBF&CBL
FR0014005FC8,"EUR 0,125 CADES (REGS) 21",2.20,CBF&CBL
DE000HV2AZ52,"EUR 2,60 UNICREDIT BANK 2",1.59,CBF&CBL
DE000A30V281,"EUR FL.R INVESTITIONSBK 2",0.49,CBF&CBL
XS3524241968,"EUR 0,00 AUSTRIA, REP.OF ",0.54,CBF&CBL
FR0010070110,"EUR 0,00 FRANCE (OAT STRI",1.47,CBF&CBL
XS1614202049,"EUR 0,75 DE VOLKSBANK N. ",0.36,CBF&CBL
DE000MHB20J2,"EUR 0,625 MUENCHENER HYPO",0.39,CBF&CBL
EU000A2SCAA6,"EUR 0,70 EFSF (REGS) 22-2",13.95,CBF&CBL
DE000A351PF4,"EUR 3,00 LAND BERLIN 23-2",1.80,CBF&CBL
DE0001135481,"EUR 2,50 BUNDES DEUTSCH (",2.98,CBF&CBL
XS2055781962,"EUR 0,05 EUROP.INVEST.BK ",1.70,CBF&CBL
BE6319284251,"EUR 0,064 BRUSSELS, REG. ",3.14,CBF&CBL
DE000A30VM78,"EUR 2,875 KFW (REGS) 22-2",1.23,CBF&CBL
DE000A3828T8,"EUR 2,625 NIEDERSACHSEN L",0.83,CBF&CBL
AT0000A3DZB3,"EUR 2,875 NIEDEROESTERREI",1.37,CBF&CBL
DE000A46ZYY5,"EUR 2,875 LAND SACHSEN AN",0.65,CBF&CBL
FR0013507084,"EUR 0,37 SOCIETE GENERALE",0.90,CBF&CBL
XS2353312254,"EUR 0,125 EIKA BOLIGKREDI",1.67,CBF&CBL
BE0390134972,"EUR 3,13 KBC BANK NV (REG",1.26,CBF&CBL
DE000LFA2410,"EUR 2,75 LFA FRDRBK.BAYER",1.60,CBF&CBL
EU000A1U9969,"EUR 1,125 ESM (REGS) 16-2",1.21,CBF&CBL
XS2263517364,"EUR 0,01 LANDWIRT.RENTENB",4.74,CBF&CBL
BE0002780618,"EUR 0,875 VLAAMS GEMEENSC",5.78,CBF&CBL
DE000A3MQYN6,"EUR FL.R LAND BERLIN 22-2",0.49,CBF&CBL
XS2475954900,"EUR 1,375 KFW (REGS) 22-2",1.96,CBF&CBL
DE0001053668,"EUR 3,247 BAYERN, FREISTA",5.54,CBF&CBL
FI4000614888,"EUR 0,00 FINLAND REP.OF 1",0.54,CBF&CBL
XS3515043662,"EUR 0,00 AUSTRIA, REP.OF ",0.54,CBF&CBL
BE0000326356,"EUR 4,00 BELGIUM, KINGDOM",3.27,CBF&CBL
FR0013154135,"EUR 0,00 FRANCE (OAT STRI",6.01,CBF&CBL
DE000A1RQDS2,"EUR 0,375 HESSEN LAND (RE",5.71,CBF&CBL
DE0001053536,"EUR 0,01 BAYERN, FREISTAA",0.89,CBF&CBL
DE000BU2D012,"EUR 2,90 BUNDES DEUTSCH (",3.97,CBF&CBL
DE000NRW0GA3,"EUR FL.R NORDRHEIN-WESTFA",0.49,CBF&CBL
DE000RLP1064,"EUR 0,375 RHEINLAND-PFALZ",6.58,CBF&CBL
DE000NRW0QF1,"EUR FL.R NORDRHEIN-WESTFA",0.63,CBF&CBL
FR0010482612,"EUR 0,00 FRANCE (OAT STRI",4.33,CBF&CBL
DE000A14JY70,"EUR 0,375 BADEN-WUERTTEMB",8.75,CBF&CBL
FR001400HQB8,"EUR 3,125 UNEDIC (REGS) 2",2.56,CBF&CBL
DE000NRW0N67,"EUR 2,90 NORDRHEIN-WESTFA",2.23,CBF&CBL
BE0008518798,"EUR 0,00 BELGIUM, KINGDOM",3.23,CBF&CBL
FR0013368388,"EUR 1,50 CREDIT AGR HOME ",3.28,CBF&CBL
BE0002742238,"EUR 0,634 VLAAMS GEMEENSC",10.39,CBF&CBL
XS2359292955,"EUR 0,00 LANDWIRT.RENTENB",1.86,CBF&CBL
XS2536938439,"EUR 2,625 STADSHYP AB (PU",1.04,CBF&CBL
FR001400WVN2,"EUR 3,004 ARKEA PUBLIC (R",1.61,CBF&CBL
DE000A1K0L03,"EUR 5,39 LAND BERLIN (REG",2.20,CBF&CBL
EU000A1U9902,"EUR 1,75 ESM (REGS) 15-20",3.43,CBF&CBL
FI4000278551,"EUR 0,50 FINLAND REP.OF (",0.54,CBF&CBL
DE000A3H3GL2,"EUR FL.R SAARLAND 23-2028",0.38,CBF&CBL
SK4000023230,"EUR 3,625 SLOVAK, REP. (R",4.81,CBF&CBL
XS2813326605,"EUR 3,202 COOPERATIEVE RA",2.68,CBF&CBL
NL0015073TQ2,"EUR 2,50 DUTCH STATE 26-2",1.59,CBF&CBL
BE0008520810,"EUR 0,00 BELGIUM, KINGDOM",4.34,CBF&CBL
ES0000012G00,"EUR 1,00 SPAIN, KINGDOM O",5.72,CBF&CBL
DE000A31RJ45,"EUR 3,25 DT. PFANDBRIEFBA",0.37,CBF&CBL
DE000RLP1601,"EUR 2,75 RHEINLAND-PFALZ ",1.95,CBF&CBL
XS3103624337,"EUR 2,50 ACHMEA BANK N.V ",1.29,CBF&CBL
BE0002815968,"EUR 0,761 BRUSSELS, REG. ",8.74,CBF&CBL
FR0014015F81,"EUR 3,00 CREDIT AGRICOLE ",1.87,CBF&CBL
FR0012039931,"EUR 2,724 CAISSE DES DEPO",8.41,CBF&CBL
FR0013210523,"EUR 0,00 FRANCE (OAT STRI",5.08,CBF&CBL
XS1639739876,"EUR 2,00 IRELAND, REP OF ",10.96,CBF&CBL
FR0013313855,"EUR 0,875 LA BQE POST HOM",0.48,CBF&CBL
XS2320539765,"EUR 0,375 BAWAG (AT) (REG",4.20,CBF&CBL
EU000A2SCAP4,"EUR 2,875 EFSF (REGS) 24-",3.15,CBF&CBL
XS2894232227,"EUR 2,75 SPAREBNK 1 BOLIK",1.02,CBF&CBL
FR0010070144,"EUR 0,00 FRANCE (OAT STRI",2.19,CBF&CBL
ES0000012B39,"EUR 1,40 SPAIN, KINGDOM O",0.66,CBF&CBL
XS2009894226,"EUR 0,823 IBRD-WORLD BANK",6.72,CBF&CBL
DE000A14JZY4,"EUR FL.R BADEN-WUERTTEMBE",0.47,CBF&CBL
DE000BU2T000,"EUR 3,40 BUNDES DEUTSCH (",3.14,CBF&CBL
DE0001102622,"EUR 2,10 BUNDES DEUTSCH 2",0.68,CBF&CBL
DE000A30V9K8,"EUR 3,17 KFW 23-2027",0.39,CBF&CBL
EU000A4EXVK3,"EUR 2,875 EUROPEAN UNION ",1.09,CBF&CBL
FR0010809608,"EUR 0,00 FRANCE (OAT STRI",5.71,CBF&CBL
DE000A2E4CU4,"EUR FL.R AAREAL BK AG. 19",0.35,CBF&CBL
DE000A30V6X7,"EUR 3,00 LAND, BRANDENBUR",1.93,CBF&CBL
XS2782184902,"EUR 2,875 BAYERISCH.LANDE",0.74,CBF&CBL
FR0013332012,"EUR 1,00 CREDIT MUTUEL H ",0.56,CBF&CBL
DE000A1RQDL7,"EUR 0,45 HESSEN LAND 19-2",7.33,CBF&CBL
XS2225428809,"EUR 0,00 EUROP.INVEST.BK ",0.90,CBF&CBL
DE000LFA2527,"EUR 2,875 LFA FRDRBK.BAYE",2.51,CBF&CBL
FR0014012UI0,"EUR 3,24 BNP PARIBAS HOME",2.60,CBF&CBL
FR0010172510,"EUR 0,00 FRANCE (OAT STRI",4.54,CBF&CBL
ES00000126L1,"EUR 0,00 SPAIN, KINGDOM O",3.75,CBF&CBL
BE0000336454,"EUR 1,90 BELGIUM, KINGDOM",6.44,CBF&CBL
XS2231588547,"EUR 0,10 IBRD-WORLD BANK ",1.87,CBF&CBL
DE0001143964,"EUR 0,00 BUNDES DEUTSCH 2",2.69,CBF&CBL
DE000LFA2279,"EUR 2,75 LFA FRDRBK.BAYER",1.56,CBF&CBL
DE000A383TD4,"EUR 2,375 KFW (REGS) 25-2",0.59,CBF&CBL
DE000A2AAWD2,"EUR 1,20 LAND, BRANDENBUR",2.07,CBF&CBL
DE000A2TSB40,"EUR 0,125 NIEDERSACHSEN L",0.34,CBF&CBL
XS2787826382,"EUR 2,875 EIKA BOLIGKREDI",0.86,CBF&CBL
BE6263902304,"EUR FL.R BELGIUM, KINGDOM",4.38,CBF&CBL
XS1565570212,"EUR 0,875 VAN LANSCHOT (R",0.36,CBF&CBL
XS3101501776,"EUR 2,00 SWEDEN, KINGDOM ",0.75,CBF&CBL
DE000A4DFVD3,"EUR 3,401 KFW 26-2038",3.24,CBF&CBL
DE0003811485,"EUR 0,00 BUNDES DEUTSCH (",0.97,CBF&CBL
FR001400AEA1,"EUR 2,50 CCF SFH (REGS) 2",0.61,CBF&CBL
DE000A352AL2,"EUR 2,125 LAND SACHSEN AN",0.50,CBF&CBL
FR0129570646,"EUR 0,00 BANQUE DE FRANCE",0.13,CBF&CBL
FR0010810077,"EUR 0,00 FRANCE (OAT STRI",2.78,CBF&CBL
FR0011461649,"EUR 0,00 FRANCE (OAT STRI",4.06,CBF&CBL
XS1785354397,"EUR 1,626 NIEDEROESTERREI",4.53,CBF&CBL
FR0013327491,"EUR 0,10 FRANCE (REGS OAT",4.99,CBF&CBL
XS1847694764,"EUR 0,88 ABN AMRO BK NV (",0.62,CBF&CBL
BE0000347568,"EUR 0,90 BELGIUM, KINGDOM",1.86,CBF&CBL
BE6313095448,"EUR 2,041 COMMUNAUT FRANC",12.38,CBF&CBL
DE000A3MP7K3,"EUR 1,125 KFW (REGS) 22-2",3.33,CBF&CBL
FR001400N6K4,"EUR 3,00 BPCE SFH (REGS) ",1.46,CBF&CBL
DE000NLB5B06,"EUR 2,50 NORD/LB GZ (REGS",1.30,CBF&CBL
DE000A460EH3,"EUR 3,125 NIEDERSACHSEN L",2.51,CBF&CBL
XS1508450506,"EUR 0,00 EUROP.INVEST.BK ",5.46,CBF&CBL
DE000NWB0AH9,"EUR 0,00 NRW.BANK (REGS/7",1.51,CBF&CBL
FR00140045Z3,"EUR 0,50 UNEDIC (REGS) 21",3.97,CBF&CBL
EU000A3K4C42,"EUR 0,40 EUROPEAN UNION (",2.27,CBF&CBL
DE000A30V653,"EUR 2,50 LAND, BRANDENBUR",1.38,CBF&CBL
DE000A4DE9K2,"EUR 3,60 LAND BERLIN 26-2",4.73,CBF&CBL
DE0003811527,"EUR 0,00 BUNDES DEUTSCH (",1.86,CBF&CBL
FR0013234630,"EUR 0,00 FRANCE (OAT STRI",2.72,CBF&CBL
FR001400TM31,"EUR 2,625 COMP.FINA.FONCI",1.07,CBF&CBL
DE000A4DFGX2,"EUR 3,00 MECKLENBURG-VORP",2.35,CBF&CBL
DE000BU0E410,"EUR 0,00 BUNDES DEUTSCH 1",0.13,CBF&CBL
FR0010773192,"EUR 4,50 FRANCE (REGS OAT",2.54,CBF&CBL
BE6298212026,"EUR 1,60 COMMUNAUT FRANCA",10.27,CBF&CBL
BE6303737959,"EUR 1,874 VLAAMS GEMEENSC",11.69,CBF&CBL
FR0013465010,"EUR 0,05 CREDIT AGR HOME ",1.13,CBF&CBL
DE000BU4Z078,"EUR 0,00 BUNDES DEUTSCH 2",2.87,CBF&CBL
DE000A3825Q0,"EUR 2,50 DZ HYP AG 25-202",1.02,CBF&CBL
DE000A3825R8,"EUR 3,00 DZ HYP AG 25-203",2.41,CBF&CBL
EU000A19LSZ0,"EUR 1,25 EUROPEAN UNION (",1.26,CBF&CBL
DE000A2YPFW5,"EUR 0,375 THUERINGEN, FRE",2.77,CBF&CBL
FR0010172585,"EUR 0,00 FRANCE (OAT STRI",5.46,CBF&CBL
DE000NRW0K94,"EUR 1,50 NORDRHEIN-WESTFA",2.96,CBF&CBL
DE000LB39DQ8,"EUR 3,00 LBK BADEN-WUERTT",1.51,CBF&CBL
FR001400T1N3,"EUR 3,044 LA BANQUE POSTA",3.23,CBF&CBL
SK4000030201,"EUR 3,375 VSEOB. UVEROVA ",2.03,CBF&CBL
DE000A0SLEG6,"EUR 4,47 RHEINLAND-PFALZ ",0.79,CBF&CBL
FR0012993103,"EUR 1,50 FRANCE (REGS OAT",1.09,CBF&CBL
IE00BFZRPZ02,"EUR 1,30 IRELAND, REP OF ",3.62,CBF&CBL
DE000A30VG92,"EUR 3,00 DEUTSCHE BANK AG",0.40,CBF&CBL
DE000BU0E402,"EUR 0,00 BUNDES DEUTSCH 1",0.11,CBF&CBL
FR0013238268,"EUR 0,10 FRANCE (REGS OAT",0.80,CBF&CBL
AT000B049788,"EUR 0,25 UNICREDIT BK AT ",0.36,CBF&CBL
FR0013519568,"EUR 0,01 CAISSE FCSE DE (",1.33,CBF&CBL
DE000AAR0280,"EUR 0,01 AAREAL BK AG. (R",0.47,CBF&CBL
DE000NRW0NJ0,"EUR 4,125 NORDRHEIN-WESTF",1.38,CBF&CBL
DE000SLB4360,"EUR 3,00 LANDESBK SAAR 24",2.13,CBF&CBL
BE0390122852,"EUR 3,50 VLAAMS GEMEENSCH",4.58,CBF&CBL
DE000NWB2V36,"EUR FL.R NRW.BANK (REGS/1",1.11,CBF&CBL
DE000AAR0496,"EUR 3,25 AAREAL BK AG. (R",1.69,CBF&CBL
DE000A5H3DH5,"EUR FL.R LAND BERLIN 26-2",0.74,CBF&CBL
DE000BU0E428,"EUR 0,00 BUNDES DEUTSCH 1",0.15,CBF&CBL
ES0L02709100,"EUR 0,00 SPAIN, KINGDOM O",0.43,CBF&CBL
FR00140142A1,"EUR 3,322 SOCIETE GEN.SFH",2.57,CBF&CBL
XS3515045873,"EUR 0,00 EUROP.INVEST.BK ",0.06,CBF&CBL
EU000A18VJA3,"EUR 1,125 EUROPEAN UNION ",0.54,CBF&CBL
XS2093637556,"EUR 0,25 ABN AMRO BK NV (",1.98,CBF&CBL
XS3175969875,"EUR 2,625 AKTIA BANK PLC ",1.50,CBF&CBL
FR0000578569,"EUR 0,00 FRANCE (OAT STRI",0.53,CBF&CBL
XS1071747023,"EUR 2,25 OEBB INFRASTRUKT",1.06,CBF&CBL
FR0013154101,"EUR 0,00 FRANCE (OAT STRI",5.23,CBF&CBL
FR001400XC78,"EUR 2,625 CREDIT AGR HOME",1.50,CBF&CBL
FR0014014288,"EUR 3,331 SOCIETE GEN.SFH",2.60,CBF&CBL
DE000A4DE9P1,"EUR 3,00 LAND BERLIN (REG",2.19,CBF&CBL
FR0014019HY9,"EUR 3,00 CADES (REGS) 26-",1.83,CBF&CBL
FR0013310919,"EUR 1,93 CAISSE DES DEPOT",9.96,CBF&CBL
FR001400JM25,"EUR 3,464 CREDIT AGRICOLE",0.43,CBF&CBL
BE0312822944,"EUR 0,00 BELGIUM, KINGDOM",0.69,CBF&CBL
FR0010809780,"EUR 0,00 FRANCE (OAT STRI",3.31,CBF&CBL
FR0010810168,"EUR 0,00 FRANCE (OAT STRI",0.12,CBF&CBL
FR001400FTH3,"EUR 3,00 FRANCE (OAT) 23-",3.81,CBF&CBL
DE000A13SR38,"EUR 0,875 DZ HYP AG (REGS",1.17,CBF&CBL
BE0312823959,"EUR 0,00 BELGIUM, KINGDOM",0.69,CBF&CBL
FR0010483248,"EUR 0,00 FRANCE (OAT STRI",1.91,CBF&CBL
BE6304935321,"EUR 1,13 COMMUNAUT FRANCA",1.23,CBF&CBL
FR001400DXH0,"EUR 3,125 COMP.FINA.FONCI",0.36,CBF&CBL
XS3091296528,"EUR 3,50 INTL.DEVEL..ASSO",4.35,CBF&CBL
XS3302781029,"EUR FL.R EBRD 26-2029",0.37,CBF&CBL
FR0013383858,"EUR 1,815 CAISSE DES DEPO",10.34,CBF&CBL
XS2079126467,"EUR 0,05 DEUT.APOTHEKER (",1.11,CBF&CBL
XS2201935199,"EUR 0,10 AUSTRIA, REP.OF ",6.53,CBF&CBL
DE000A289PH2,"EUR 0,01 DZ HYP AG (REGS)",0.74,CBF&CBL
DE000AAR0348,"EUR 2,25 AAREAL BK AG. (R",0.36,CBF&CBL
DE000LFA2519,"EUR 2,875 LFA FRDRBK.BAYE",2.20,CBF&CBL
AT0000A3NY15,"EUR 2,80 AUSTRIA, REP.OF ",2.81,CBF&CBL
DE0001143303,"EUR 0,00 BRD (STRIP CPN) ",0.17,CBF&CBL
AT0000A11772,"EUR FL.R NIEDEROESTERREIC",0.54,CBF&CBL
BE0008535966,"EUR 0,00 BELGIUM, KINGDOM",13.04,CBF&CBL
FR0013310240,"EUR 0,75 SOCIETE GENERALE",0.46,CBF&CBL
DE000RLP1353,"EUR 0,75 RHEINLAND-PFALZ ",1.64,CBF&CBL
SK4000022539,"EUR 3,75 SLOVAK, REP. (RE",5.80,CBF&CBL
FR0014019MR3,"EUR 3,25 COMP.FINA.FONCIE",2.23,CBF&CBL
BE0002465400,"EUR 3,375 BRUSSELS, REG. ",8.15,CBF&CBL
BE0312819916,"EUR 0,00 BELGIUM, KINGDOM",0.69,CBF&CBL
BE0008546104,"EUR 0,00 BELGIUM, KINGDOM",18.38,CBF&CBL
ES0000012E36,"EUR 0,00 SPAIN, KINGDOM O",11.30,CBF&CBL
DE000A30V8E3,"EUR 2,815 NIEDERSACHSEN L",0.38,CBF&CBL
FR001400M1S9,"EUR 3,50 CAISSE FCSE DE (",0.86,CBF&CBL
AT0000A3C6F5,"EUR 3,00 HYPO NOE LANDES ",1.74,CBF&CBL
DE000HV2A0N6,"EUR 3,00 UNICREDIT BANK 2",2.21,CBF&CBL
AT0000A3SW20,"EUR 2,178 HYPO VORARLBERG",0.57,CBF&CBL
BE0002643246,"EUR 1,528 BRUSSELS, REG. ",10.84,CBF&CBL
NL0013552060,"EUR 0,50 DUTCH STATE 19-2",4.22,CBF&CBL
FR0014005H24,"EUR 0,01 MMB SCF (REGS) 2",1.60,CBF&CBL
DE000HV2AYV7,"EUR 0,70 UNICREDIT BANK 2",0.36,CBF&CBL
FR001400HZD5,"EUR 3,125 COMP.FINA.FONCI",0.91,CBF&CBL
DE000A4PU1Q2,"EUR FL.R KFW 25-2033",1.00,CBF&CBL
DE000A3MQTD7,"EUR FL.R HAMBURG HANSESTA",0.58,CBF&CBL
DE000A3MQUZ8,"EUR 3,00 DZ HYP AG (REGS)",1.84,CBF&CBL
DE000BHY0GT7,"EUR 2,875 LBK BADEN-WUERT",1.25,CBF&CBL
BE0002974559,"EUR 3,75 BNP PARIBAS FORT",0.73,CBF&CBL
XS2824758044,"EUR 3,00 AKTIA BANK PLC (",1.18,CBF&CBL
AT0000383864,"EUR 6,25 AUSTRIA, REPUBLI",0.54,CBF&CBL
XS1998930926,"EUR 0,25 IBRD-WORLD BANK ",0.65,CBF&CBL
FR001400JM41,"EUR 3,43 CREDIT AGRICOLE ",0.60,CBF&CBL
BE0001789438,"EUR 0,82 COMMUNAUT FRANCA",3.17,CBF&CBL
XS3241238149,"EUR 3,91 AUSTRIA, REP.OF ",3.71,CBF&CBL
DE000A2E4EE4,"EUR 0,625 LAND BERLIN (RE",0.93,CBF&CBL
FR0014004KP3,"EUR 0,01 CREDIT MUTUEL H ",0.64,CBF&CBL
DE000LFA2337,"EUR 2,875 LFA FRDRBK.BAYE",2.71,CBF&CBL
FR0014013O90,"EUR 3,00 CAISSE FCSE DE (",1.96,CBF&CBL
XS1874729897,"EUR 1,34 ABN AMRO BK NV 1",2.13,CBF&CBL
DE000LFA1826,"EUR 0,25 LFA FRDRBK.BAYER",1.24,CBF&CBL
BE0002889716,"EUR 3,25 VLAAMS GEMEENSCH",4.22,CBF&CBL
XS2816013937,"EUR 2,875 KFW (REGS) 24-2",1.84,CBF&CBL
DE000A3H25U4,"EUR FL.R BADEN-WUERTTEMBE",0.51,CBF&CBL
DE000BU27014,"EUR 2,50 BUNDES DEUTSCH 2",1.24,CBF&CBL
DE0003271466,"EUR 0,00 LANDESBK NORDRHE",1.83,CBF&CBL
FR0014001ZY9,"EUR 0,10 UNEDIC (REGS) 21",3.23,CBF&CBL
BE6333160305,"EUR 1,065 BRUSSELS, REG. ",10.92,CBF&CBL
FI4000566294,"EUR 2,95 FINLAND REP.OF 2",8.41,CBF&CBL
DE000HV2A128,"EUR 3,37 UNICREDIT BANK (",2.70,CBF&CBL
AT0000A3X0F3,"EUR FL.R HYPO VORARLBERG ",2.01,CBF&CBL
DE0003271474,"EUR 0,00 LANDESBK NORDRHE",2.42,CBF&CBL
FR0011461466,"EUR 0,00 FRANCE (OAT STRI",0.67,CBF&CBL
DE0003811493,"EUR 0,00 BUNDES DEUTSCH (",1.27,CBF&CBL
BE0002606847,"EUR 1,50 BRUSSELS, REG. O",6.90,CBF&CBL
XS1938387237,"EUR 0,625 EUROP.INVEST.BK",0.56,CBF&CBL
XS1964577396,"EUR 0,50 NIBC BANK NV. (R",0.36,CBF&CBL
XS2264087110,"EUR 0,01 COOP RABOBK UA (",4.26,CBF&CBL
DE000AAR0314,"EUR 0,125 AAREAL BK AG. (",1.19,CBF&CBL
FR001400D5T9,"EUR 2,75 CRH (REGS) 22-20",0.54,CBF&CBL
DE000A3513L3,"EUR 2,625 NIEDERSACHSEN L",1.59,CBF&CBL
DE000NRW0PR8,"EUR 2,50 NORDRHEIN-WESTFA",1.18,CBF&CBL
DE000CZ45ZH5,"EUR FL.R COMMERZBK AG (RE",0.82,CBF&CBL
FR0010809442,"EUR 0,00 FRANCE (OAT STRI",1.36,CBF&CBL
BE0008537012,"EUR 0,00 BELGIUM, KINGDOM",14.15,CBF&CBL
DE000RLP1262,"EUR 0,01 RHEINLAND-PFALZ ",0.48,CBF&CBL
DE000A3MQP00,"EUR 3,50 LAND SACHSEN ANH",1.93,CBF&CBL
DE000A3H3GM0,"EUR FL.R SAARLAND 23-2029",0.41,CBF&CBL
DE000A352AP3,"EUR FL.R LAND SACHSEN ANH",1.06,CBF&CBL
XS3296428017,"EUR 2,875 DANSKE BANK AS ",2.16,CBF&CBL
FR0010172205,"EUR 0,00 FRANCE (OAT PRIN",6.95,CBF&CBL
FR0010810176,"EUR 0,00 FRANCE (OAT STRI",0.25,CBF&CBL
BE6357059672,"EUR 2,95 COMMUNAUT FRANCA",3.24,CBF&CBL
XS3335806678,"EUR 3,25 ASN BANK N.V. (R",1.92,CBF&CBL
ES0000012C04,"EUR 0,00 SPAIN, KINGDOM O",0.70,CBF&CBL
ES0000012D60,"EUR 0,00 SPAIN, KINGDOM O",9.56,CBF&CBL
NL0015000WP1,"EUR 1,875 NATIONALE NL BA",1.73,CBF&CBL
AT000B093638,"EUR FL.R RAIFFEISEN-LAND ",0.35,CBF&CBL
DE000A3H25X8,"EUR 2,75 BADEN-WUERTTEMBE",3.73,CBF&CBL
DE000BYL0CV6,"EUR 2,75 BAYERISCH.LANDES",1.71,CBF&CBL
DE000NWB1WE8,"EUR 2,875 NRW.BANK 26-203",2.70,CBF&CBL
XS1503043694,"EUR 0,25 EUROP.INVEST.BK ",0.70,CBF&CBL
DE000RLP1221,"EUR 0,10 RHEINLAND-PFALZ ",4.53,CBF&CBL
XS2386139732,"EUR 0,00 LANDWIRT.RENTENB",0.86,CBF&CBL
NL0015000RP1,"EUR 0,50 DUTCH STATE 22-2",2.01,CBF&CBL
DE000A351UN8,"EUR FL.R LAND, BRANDENBUR",1.16,CBF&CBL
XS0213721458,"EUR 5,3525 KFW 05-2034",1.30,CBF&CBL
FR0010372086,"EUR 0,00 FRANCE (OAT STRI",2.78,CBF&CBL
XS1584894650,"EUR 1,375 POLAND, REP.OF ",0.89,CBF&CBL
FR0014009GQ8,"EUR 0,875 ARKEA PUBLIC (R",0.53,CBF&CBL
FR001400NE03,"EUR 3,125 CAISSE FCSE DE ",2.09,CBF&CBL
FR0014012EW5,"EUR 2,824 CREDIT MUT ARK ",1.66,CBF&CBL
XS1904312318,"EUR 0,75 FINNVERA PLC (RE",5.00,CBF&CBL
XS1951927158,"EUR 0,625 OP MORTGAGE BK ",0.84,CBF&CBL
DE000BLB6JT9,"EUR 3,125 BAYERISCH.LANDE",0.37,CBF&CBL
BE0008074230,"EUR 0,00 BELGIUM, KINGDOM",7.12,CBF&CBL
AT0000A228U7,"EUR 0,875 RAIF.LBK.OBEROS",0.63,CBF&CBL
DE000NRW0L85,"EUR 0,20 NORDRHEIN-WESTFA",0.40,CBF&CBL
XS2613629372,"EUR 3,375 RAIF.LBK NIEDER",0.64,CBF&CBL
DE000BLB6J02,"EUR 3,50 BAYERISCH.LANDES",0.36,CBF&CBL
DE000NLB5503,"EUR 3,00 NORD/LB GZ (REGS",0.93,CBF&CBL
BE0008073224,"EUR 0,00 BELGIUM, KINGDOM",6.52,CBF&CBL
XS1998868357,"EUR 0,35 LAND SACHSEN ANH",1.31,CBF&CBL
DE000A1KRJV6,"EUR 0,01 ING DIBA AG (REG",0.72,CBF&CBL
DE000NWB0AQ0,"EUR 0,25 NRW.BANK (REGS) ",2.44,CBF&CBL
DE000RLP1577,"EUR 2,375 RHEINLAND-PFALZ",0.34,CBF&CBL
XS3168205659,"EUR 2,625 UNICREDIT BK CZ",1.56,CBF&CBL
DE000A3H26A4,"EUR 3,00 BADEN-WUERTTEMBE",1.74,CBF&CBL
XS1828046570,"EUR 1,125 EUROP.INVEST.BK",1.29,CBF&CBL
DE000LFA1909,"EUR 0,125 LFA FRDRBK.BAYE",3.90,CBF&CBL
FR001400N5C3,"EUR 3,00 CRH (REGS) 24-20",2.13,CBF&CBL
DE000NRW75G5,"EUR 3,00 NORDRHEIN-WESTFA",0.50,CBF&CBL
BE0390162288,"EUR 2,75 VLAAMS GEMEENSCH",1.19,CBF&CBL
DE000A460KL2,"EUR 2,80 EMI M-V+R-P+S-H ",1.56,CBF&CBL
DE000A3E4423,"EUR 0,10 THUERINGEN, FREI",2.69,CBF&CBL
AT0000A33SH3,"EUR 2,90 AUSTRIA, REP.OF ",1.40,CBF&CBL
FR001400NXE6,"EUR 3,00 BPCE (REGS) 24-2",0.84,CBF&CBL
DE000A4DE875,"EUR 2,85 LAND SACHSEN ANH",2.71,CBF&CBL
FR001400YA95,"EUR 3,375 UNEDIC (REGS) 2",2.85,CBF&CBL
ES0000012932,"EUR 4,20 SPAIN, KINGDOM O",3.24,CBF&CBL
ES00000129C4,"EUR 0,00 SPAIN, KINGDOM O",3.62,CBF&CBL
DE000A30V646,"EUR FL.R LAND, BRANDENBUR",1.36,CBF&CBL
AT0000A0U299,"EUR 3,80 AUSTRIA, REP.OF ",8.52,CBF&CBL
FR0010172544,"EUR 0,00 FRANCE (OAT STRI",5.04,CBF&CBL
DE000A2AAWA8,"EUR 0,75 LAND, BRANDENBUR",1.73,CBF&CBL
IE00BH3SQ895,"EUR 1,10 IRELAND, REP OF ",1.58,CBF&CBL
FR0013398831,"EUR 0,75 SOCIETE GEN.SFH ",0.36,CBF&CBL
DE000A3H3ET0,"EUR 0,125 THUERINGEN, FRE",6.71,CBF&CBL
XS2341719503,"EUR 0,01 DNB BOLIGKREDIT ",0.57,CBF&CBL
FR001400L933,"EUR 3,625 COMP.FINA.FONCI",0.80,CBF&CBL
DE000RLP1700,"EUR 3,15 RHEINLAND-PFALZ ",0.74,CBF&CBL
DE000A3MQQT9,"EUR 0,50 THUERINGEN, FREI",0.83,CBF&CBL
XS2524675050,"EUR 1,625 SR-BOLIGKREDITT",0.51,CBF&CBL
DE0001053643,"EUR 3,295 BAYERN, FREISTA",5.47,CBF&CBL
DE000A3828P6,"EUR 2,50 INVESTITIONSBK (",1.97,CBF&CBL
DE000A2YNWD5,"EUR FL.R ING DIBA AG 23-2",0.86,CBF&CBL
ES0000012O42,"EUR 0,00 SPAIN, KINGDOM O",8.36,CBF&CBL
XS3129375732,"EUR 3,00 IBRD-WORLD BANK ",1.72,CBF&CBL
DE000BU4Z201,"EUR 0,00 BUNDES DEUTSCH 2",4.51,CBF&CBL
FR0011008747,"EUR 0,00 FRANCE (OAT PRIN",0.17,CBF&CBL
XS1864034365,"EUR 1,20 IBRD-WORLD BANK ",1.63,CBF&CBL
DE000A2LQPR9,"EUR 2,375 HAMBURG HANSEST",1.01,CBF&CBL
BE0001771253,"EUR 0,65 COMMUNAUT FRANCA",0.72,CBF&CBL
DE000HV2ASW7,"EUR 0,125 UNICREDIT BANK ",1.12,CBF&CBL
AT0000A2CQD2,"EUR 0,00 AUSTRIA, REP.OF ",1.83,CBF&CBL
SI0002105227,"EUR 3,275 SLOVENIA REP.OF",6.53,CBF&CBL
FI4000602230,"EUR 0,00 FINLAND REP.OF 1",0.54,CBF&CBL
DE000A4DFVS1,"EUR 3,125 INVESTITIONSBK ",2.28,CBF&CBL
DE000A2YN058,"EUR 0,05 INVESTITIONSBK 2",3.85,CBF&CBL
XS2110875957,"EUR 0,025 ASIAN DEV.BK (1",1.12,CBF&CBL
XS2717292788,"EUR 3,375 OP MORTGAGE BK ",0.40,CBF&CBL
FR001400QHS2,"EUR 3,125 COMP.FINA.FONCI",1.26,CBF&CBL
DE000A4DFSM0,"EUR FL.R NIEDERSACHSEN LA",0.45,CBF&CBL
DE000A3H25Z3,"EUR 3,125 BADEN-WUERTTEMB",3.74,CBF&CBL
EU000A1Z99Z8,"EUR 2,75 ESM (REGS) 26-20",1.00,CBF&CBL
XS3410927365,"EUR FL.R LANDWIRT.RENTENB",1.01,CBF&CBL
BE6310106628,"EUR 1,917 COMMUNAUT FRANC",9.53,CBF&CBL
XS2021173922,"EUR 0,05 LANDWIRT.RENTENB",1.26,CBF&CBL
BE0002917988,"EUR 3,45 BRUSSELS, REG. O",9.85,CBF&CBL
BE0390238070,"EUR 3,675 VLAAMS GEMEENSC",3.69,CBF&CBL
BE0008068174,"EUR 0,00 BELGIUM, KINGDOM",4.19,CBF&CBL
FR0010172528,"EUR 0,00 FRANCE (OAT STRI",4.84,CBF&CBL
BE0002814953,"EUR 0,829 BRUSSELS, REG. ",9.62,CBF&CBL
DE000NWB0AP2,"EUR 0,00 NRW.BANK (REGS) ",0.98,CBF&CBL
DE000A2LQPP3,"EUR FL.R HAMBURG HANSESTA",0.38,CBF&CBL
XS2821667719,"EUR 3,00 ING BANK N.V. (R",2.22,CBF&CBL
FR001400X6D7,"EUR 2,875 CADES 25-2030",1.69,CBF&CBL
FR0014012UJ8,"EUR 3,24 BNP PARIBAS HOME",2.60,CBF&CBL
BE0390317866,"EUR 3,25 BELFIUS BANK SA/",1.69,CBF&CBL
DE0001143311,"EUR 0,00 BRD (STRIP CPN) ",0.46,CBF&CBL
DE0001135432,"EUR 3,25 BUNDES DEUTSCH (",2.60,CBF&CBL
DE000NRW0CU0,"EUR 4,8132 NORDRHEIN-WEST",0.82,CBF&CBL
DE000LFA1925,"EUR 0,16 LFA FRDRBK.BAYER",4.28,CBF&CBL
DE000A1RQFH0,"EUR 3,25 HESSEN LAND 26-2",1.69,CBF&CBL
DE0001108850,"EUR 0,00 BUNDES DEUTSCH (",0.50,CBF&CBL
FR0014007QT5,"EUR 0,375 BPCE SFH (REGS)",1.69,CBF&CBL
BE0002842236,"EUR 1,286 BRUSSELS, REG. ",10.38,CBF&CBL
XS3079617505,"EUR 2,75 EIKA BOLIGKREDI ",1.71,CBF&CBL
XS3166721913,"EUR 2,625 KFW (REGS) 25-2",2.04,CBF&CBL
DE000BU0E451,"EUR 0,00 BUNDES DEUTSCH 1",0.23,CBF&CBL
XS3410918612,"EUR 3,25 CNCL.EU DEV.BK (",1.85,CBF&CBL
AT0000A17ZM1,"EUR FL.R NIEDEROESTERREIC",1.48,CBF&CBL
DE0003811550,"EUR 0,00 BUNDES DEUTSCH (",2.56,CBF&CBL
DE000NLB8739,"EUR 0,625 NORD/LB GZ (REG",0.36,CBF&CBL
FR0013235132,"EUR 1,50 CREDIT AGR HOME ",2.88,CBF&CBL
ES00000129M3,"EUR 0,00 SPAIN, KINGDOM O",6.00,CBF&CBL
XS1999728394,"EUR 0,25 HYPO VORARLBERG ",0.36,CBF&CBL
XS2291901994,"EUR 0,01 SOR BOLIGKREDITT",0.47,CBF&CBL
DE000NWB0AR8,"EUR 1,625 NRW.BANK (REGS/",2.58,CBF&CBL
XS2639007587,"EUR 3,25 CCCIF (REGS/29) ",5.00,CBF&CBL
FR001400JM66,"EUR 3,411 CREDIT AGRICOLE",0.77,CBF&CBL
DE000A383G15,"EUR 2,75 LLOYDS BANK GMB ",1.02,CBF&CBL
FR0129287316,"EUR 0,00 FRANCE (BTF) 25-",0.03,CBF&CBL
BE0008545098,"EUR 0,00 BELGIUM, KINGDOM",17.87,CBF&CBL
SK4120014150,"EUR 1,00 SLOVAK, REP. (RE",1.42,CBF&CBL
DE0001789295,"EUR 0,01 SACHSEN, FREISTA",0.35,CBF&CBL
BE0000353624,"EUR 0,65 BELGIUM, KINGDOM",17.14,CBF&CBL
DE0001141869,"EUR 1,30 BUNDES DEUTSCH 2",0.23,CBF&CBL
XS2332184212,"EUR 0,00 CNCL.EU DEV.BK (",0.38,CBF&CBL
BE0000363722,"EUR 3,10 BELGIUM, KINGDOM",4.96,CBF&CBL
EU000A4D8KD2,"EUR 3,375 EUROPEAN UNION ",1.86,CBF&CBL
FR00140103M8,"EUR 3,125 CREDIT MUTUEL H",2.46,CBF&CBL
BE0390286558,"EUR 4,15 COMMUNAUT FRANCA",4.63,CBF&CBL
SK4000028726,"EUR 2,875 SLOVENSKA SPORI",1.80,CBF&CBL
EU000A4EV1G4,"EUR 3,125 EUROP.INVEST.BK",1.84,CBF&CBL
BE6203178288,"EUR FL.R BELGIUM, KINGDOM",1.79,CBF&CBL
DE0001108934,"EUR 0,00 BUNDES DEUTSCH 2",0.78,CBF&CBL
DE0001030757,"EUR 1,80 BUNDES DEUTSCH (",4.04,CBF&CBL
DE0001053916,"EUR 3,00 BAYERN, FREISTAA",5.18,CBF&CBL
DE0003811535,"EUR 0,00 BUNDES DEUTSCH (",2.13,CBF&CBL
DE000A2GSCL6,"EUR 0,50 LAND SACHSEN ANH",0.40,CBF&CBL
FR0013403433,"EUR 0,50 CAISSE FCSE DE (",0.36,CBF&CBL
DE000BU4Z102,"EUR 0,00 BUNDES DEUTSCH 2",1.97,CBF&CBL
DE000A30V4A0,"EUR 2,50 BREMEN HANSTADT ",1.05,CBF&CBL
BE0390215813,"EUR XXX BRUSSELS, REG. OF",3.54,CBF&CBL
FR0014018YR0,"EUR 3,70 FRANCE 26-2036",1.99,CBF&CBL
EU000A18YZ05,"EUR 1,125 EUROPEAN UNION ",2.03,CBF&CBL
XS1394791492,"EUR 1,00 ABN AMRO BK NV (",1.59,CBF&CBL
FI4000441878,"EUR 0,00 FINLAND REP.OF (",2.12,CBF&CBL
XS2987798209,"EUR 2,46 L-BANK (5687) 25",0.50,CBF&CBL
DE000A460P44,"EUR 2,625 NIEDERSACHSEN L",1.76,CBF&CBL
ES0000012742,"EUR 0,00 SPAIN, KINGDOM O",1.44,CBF&CBL
FR0011586494,"EUR 3,0625 CAISSE DES DEP",2.74,CBF&CBL
DE000A2BN5X6,"EUR 0,10 EMISSIONS K DE 1",0.34,CBF&CBL
XS2491156142,"EUR 1,875 NIBC BANK N.V. ",0.36,CBF&CBL
XS2565417008,"EUR FL.R LAND SACHSEN ANH",2.54,CBF&CBL
XS3364644479,"EUR 1,00 ING BANK N.V. 26",2.65,CBF&CBL
FR0000571218,"EUR 5,50 FRANCE (REGS OAT",0.58,CBF&CBL
FI4000546528,"EUR 2,75 FINLAND REP.OF 2",4.73,CBF&CBL
ES00000120Q3,"EUR 0,00 SPAIN, KINGDOM O",3.30,CBF&CBL
DE0001102564,"EUR 0,00 BUNDES DEUTSCH 2",1.11,CBF&CBL
DE000SHFM840,"EUR 1,375 SCHLESWIG-HOLST",0.34,CBF&CBL
DE000A4DFVE1,"EUR 2,546 KFW 26-2029",0.95,CBF&CBL
DE000NRW0NP7,"EUR 3,00 NORDRHEIN-WESTFA",0.52,CBF&CBL
DE000NWB1W77,"EUR 3,00 NRW.BANK 24-2032",2.48,CBF&CBL
FR0014015EI7,"EUR 3,503 ARKEA PUBLIC (R",2.58,CBF&CBL
FR0014017W96,"EUR 3,125 CREDIT MUTUEL H",1.82,CBF&CBL
DE000A351UT5,"EUR FL.R LAND, BRANDENBUR",0.68,CBF&CBL
DE000NWB0B16,"EUR 3,125 NRW.BANK (REGS/",2.81,CBF&CBL
BE6266088820,"EUR 2,78 COMMUNAUT FRANCA",1.82,CBF&CBL
XS1361554584,"EUR 1,125 EUROP.INVEST.BK",2.02,CBF&CBL
DE000NRW0LA3,"EUR 1,75 NORDRHEIN-WESTFA",7.67,CBF&CBL
FR00140095D5,"EUR 0,50 COMP.FINA.FONCIE",0.52,CBF&CBL
FR00140099G0,"EUR 0,75 CCF SFH (REGS) 2",0.36,CBF&CBL
FR001400NWK5,"EUR 2,75 CADES (REGS) 24-",0.48,CBF&CBL
FR0013234606,"EUR 0,00 FRANCE (OAT STRI",2.26,CBF&CBL
FR0013313582,"EUR 1,25 FRANCE (REGS OAT",1.69,CBF&CBL
AT0000A3PPN3,"EUR 2,625 RAIFFEISEN-LAND",1.22,CBF&CBL
DE000LB4XC39,"EUR FL.R LBK BADEN-WUERTT",0.35,CBF&CBL
FR0010871079,"EUR 0,00 FRANCE (OAT STRI",8.16,CBF&CBL
SK4120008673,"EUR 4,30 SLOVAK, REP. 12-",4.24,CBF&CBL
XS1943561883,"EUR 1,00 SPAREBNK 1 BOLIK",0.83,CBF&CBL
XS2197910388,"EUR 0,13 IBRD-WORLD BANK ",3.21,CBF&CBL
FR0013524410,"EUR 0,25 UNEDIC (REGS) 20",3.68,CBF&CBL
DE000WBP0A79,"EUR 0,01 WUESTENROT BSPK ",0.37,CBF&CBL
AT0000A2KQ43,"EUR 0,00 AUSTRIA, REP.OF ",6.72,CBF&CBL
BE0390110733,"EUR 3,00 ING BELGIUM SA/N",1.49,CBF&CBL
DE000A289QQ1,"EUR 0,01 GEMEINSAME BUNDE",1.34,CBF&CBL
FR001400PBM0,"EUR 3,00 CREDIT AGR HOME ",1.84,CBF&CBL
FR001400QS53,"EUR FL.R ARKEA PUBLIC (RE",1.08,CBF&CBL
DE000A14JZ61,"EUR FL.R BADEN-WUERTTEMBE",0.96,CBF&CBL
XS3037102301,"EUR 2,75 SPAREBANKEN NOR ",1.29,CBF&CBL
XS0116967836,"EUR 0,00 EUROP.INVEST.BK ",0.89,CBF&CBL
FR001400AIN5,"EUR 0,75 FRANCE (REGS OAT",0.30,CBF&CBL
FR0013234648,"EUR 0,00 FRANCE (OAT STRI",2.92,CBF&CBL
FR0013257524,"EUR 2,00 FRANCE (REGS OAT",3.63,CBF&CBL
ES0000012J07,"EUR 1,00 SPAIN, KINGDOM O",4.46,CBF&CBL
SK4000020491,"EUR 0,875 VSEOB. UVEROVA ",0.47,CBF&CBL
BE0002931120,"EUR 3,38 COMMUNAUT FRANCA",1.55,CBF&CBL
DE000NRW0CK1,"EUR 6,25 NORDRHEIN-WESTFA",0.64,CBF&CBL
XS2406569579,"EUR 0,875 TENNET NETHERLA",17.89,CBF&CBL
XS2550557800,"EUR 3,125 SP-MORTGAGE BK ",0.43,CBF&CBL
DE0003811774,"EUR 0,00 BUNDES DEUTSCH 2",0.06,CBF&CBL
DE000NRW0N83,"EUR 3,375 NORDRHEIN-WESTF",0.82,CBF&CBL
DE000A2TSS82,"EUR 1,25 THUERINGEN, FREI",2.12,CBF&CBL
XS2813159436,"EUR 3,125 LANSFORSAKRINGA",1.23,CBF&CBL
XS2854303489,"EUR 2,875 NORDIC INVEST.B",0.17,CBF&CBL
DE000A383X97,"EUR FL.R NIEDERSACHSEN LA",0.65,CBF&CBL
FR0129437598,"EUR 0,00 BANQUE DE FRANCE",0.10,CBF&CBL
DE000A11P8S4,"EUR 1,108 SAARLAND 16-204",5.50,CBF&CBL
ES0000012023,"EUR 0,00 SPAIN, KINGDOM O",0.17,CBF&CBL
FR0013260361,"EUR 1,00 BPCE SFH (REGS) ",0.95,CBF&CBL
DE000A2TR6F7,"EUR 0,70 LAND, BRANDENBUR",2.29,CBF&CBL
BE0002853340,"EUR 1,625 COMMUNAUT FRANC",2.39,CBF&CBL
DE000BU4Z003,"EUR 0,00 BUNDES DEUTSCH 2",0.83,CBF&CBL
FR001400IVT8,"EUR 3,00 CADES (REGS) 23-",2.15,CBF&CBL
FR001400ZUD8,"EUR 2,50 COMP.FINA.FONCIE",0.96,CBF&CBL
FR0010172312,"EUR 0,00 FRANCE (OAT STRI",3.55,CBF&CBL
SI0002103842,"EUR 1,1875 SLOVENIA REP.O",2.06,CBF&CBL
XS2288920502,"EUR 0,00 LANDWIRT.RENTENB",0.70,CBF&CBL
DE000A30V9L6,"EUR 3,14 KFW 23-2027",0.39,CBF&CBL
FR001400I3M4,"EUR 3,00 CAISSE DES DEPOT",1.17,CBF&CBL
DE000BU4K062,"EUR 0,00 BUNDES DEUTSCH 2",1.86,CBF&CBL
ES0000012P74,"EUR 3,00 SPAIN, KINGDOM O",2.60,CBF&CBL
DE000A460EG5,"EUR 2,625 NIEDERSACHSEN L",1.49,CBF&CBL
DE000A5GS610,"EUR 3,50 NIEDERSACHSEN LA",1.11,CBF&CBL
BE0390380526,"EUR 3,50 KBC BANK NV 26-2",1.15,CBF&CBL
DE0001135044,"EUR 6,50 BRD 97-2027",0.14,CBF&CBL
FR0010809962,"EUR 0,00 FRANCE (OAT STRI",2.05,CBF&CBL
DE000NWB17S6,"EUR 0,625 NRW.BANK 17-202",0.50,CBF&CBL
DE0001030732,"EUR 0,00 BUNDES DEUTSCH 2",1.11,CBF&CBL
FR001400DGZ7,"EUR 3,125 BPCE SFH (REGS)",0.46,CBF&CBL
SI0002104303,"EUR 3,625 SLOVENIA REP.OF",4.70,CBF&CBL
BE0002915966,"EUR 3,50 BRUSSELS, REG. O",7.77,CBF&CBL
DE000BU22098,"EUR 1,70 BUNDES DEUTSCH 2",0.12,CBF&CBL
FR0014002FC5,"EUR 0,375 BPCE SFH (REGS)",4.19,CBF&CBL
FR0014008E08,"EUR 0,625 AXA BK EUROPE S",0.49,CBF&CBL
XS2722858532,"EUR 3,296 COOPERATIEVE RA",0.75,CBF&CBL
FR001400Z2F9,"EUR 3,00 CRH (REGS) 25-20",1.94,CBF&CBL
FR0013359072,"EUR 1,902 CAISSE DES DEPO",10.01,CBF&CBL
DE000A351XK8,"EUR 3,375 DZ HYP AG (REGS",0.47,CBF&CBL
DE0001789386,"EUR 2,875 SACHSEN, FREIST",2.14,CBF&CBL
BE0000345547,"EUR 0,80 BELGIUM, KINGDOM",1.18,CBF&CBL
XS3401022580,"EUR 2,875 NORDEA MORTGAGE",1.41,CBF&CBL
DE000A2G9HL9,"EUR 0,875 DZ HYP AG (REGS",0.83,CBF&CBL
DE000A289NQ8,"EUR 0,05 LAND, BRANDENBUR",1.63,CBF&CBL
XS2626024868,"EUR 2,75 EUROP.INVEST.BK ",0.85,CBF&CBL
DE000HV2AZ29,"EUR 3,29 UNICREDIT BANK (",0.70,CBF&CBL
XS2761358055,"EUR 3,00 ACHMEA BANK N.V ",2.15,CBF&CBL
DE000NWB1WB4,"EUR 2,875 NRW.BANK 25-203",3.36,CBF&CBL
ES0000012S30,"EUR 4,25 SPAIN, KINGDOM O",5.02,CBF&CBL
FR0012616837,"EUR 1,382 CAISSE DES DEPO",9.69,CBF&CBL
DE000NRW0KC1,"EUR 3,55 NORDRHEIN-WESTFA",0.50,CBF&CBL
DE000CZ45YX5,"EUR 2,625 COMMERZBK AG (R",1.02,CBF&CBL
DE000NWB9171,"EUR 3,00 NRW.BANK (REGS) ",3.65,CBF&CBL
FR0010871038,"EUR 0,00 FRANCE (OAT STRI",7.27,CBF&CBL
XS1791485011,"EUR 0,875 EUROP.INVEST.BK",0.31,CBF&CBL
AT0000A213M6,"EUR 1,75 NIEDEROESTERREIC",7.04,CBF&CBL
DE000A2LQSH4,"EUR 0,75 KFW 18-2028",0.68,CBF&CBL
ES00000129P6,"EUR 0,00 SPAIN, KINGDOM O",6.68,CBF&CBL
ES0000012K53,"EUR 0,80 SPAIN, KINGDOM O",1.36,CBF&CBL
FR001400FIG8,"EUR 3,00 BNP PARIBAS HOME",1.15,CBF&CBL
DE000A4DE9E5,"EUR 2,375 LAND BERLIN 25-",1.42,CBF&CBL
ES00000129V4,"EUR 0,00 SPAIN, KINGDOM O",8.23,CBF&CBL
DE000A2YN066,"EUR 0,01 INVESTITIONSBK 2",1.52,CBF&CBL
DE000A3H2Y08,"EUR 0,10 LAND BERLIN 21-2",4.83,CBF&CBL
XS3241240715,"EUR 2,99 AUSTRIA, REP.OF ",6.83,CBF&CBL
XS3408976507,"EUR 3,10 ASIAN DEV.BK 26-",1.85,CBF&CBL
DE0001135176,"EUR 5,50 BRD 00-2031",0.90,CBF&CBL
DE000SHFM923,"EUR 2,875 SCHLESWIG-HOLST",1.45,CBF&CBL
XS3276331553,"EUR 3,00 LANDESBANK HESS-",2.39,CBF&CBL
DE000A352AV1,"EUR 3,23 LAND SACHSEN ANH",0.50,CBF&CBL
DE000A1680T5,"EUR 1,294 BREMEN HANSTADT",3.10,CBF&CBL
EU000A1Z99X3,"EUR 2,125 ESM (REGS) 25-2",0.53,CBF&CBL
DE000A1RQE59,"EUR 2,90 HESSEN LAND 25-2",2.82,CBF&CBL
XS2014479922,"EUR 0,01 EBRD 19-2031",1.25,CBF&CBL
BE0002684653,"EUR 0,01 ING BELGIUM SA/N",1.21,CBF&CBL
BE0002701820,"EUR 0,07 BNP PARIBAS FORT",1.30,CBF&CBL
EU000A3K7MW2,"EUR 1,625 EUROPEAN UNION ",0.76,CBF&CBL
XS2999573905,"EUR 2,50 LANDWIRT.RENTENB",1.89,CBF&CBL
FR0010809715,"EUR 0,00 FRANCE (OAT STRI",2.89,CBF&CBL
FR0013234572,"EUR 0,00 FRANCE (OAT STRI",1.74,CBF&CBL
BE0000346552,"EUR 1,25 BELGIUM, KINGDOM",4.08,CBF&CBL
BE6339715862,"EUR FL.R COMMUNAUT FRANCA",3.14,CBF&CBL
BE0000359688,"EUR 3,45 BELGIUM, KINGDOM",7.63,CBF&CBL
FR0010809665,"EUR 0,00 FRANCE (OAT STRI",6.95,CBF&CBL
SK4000026043,"EUR 2,75 TATRA BANKA A.S.",0.79,CBF&CBL
XS3520723548,"EUR 0,00 EUROP.INVEST.BK ",0.25,CBF&CBL
NL0012171458,"EUR 0,75 DUTCH STATE (REG",0.39,CBF&CBL
XS2433831885,"EUR 0,25 CNCL.EU DEV.BK (",1.18,CBF&CBL
FR0014008066,"EUR 0,125 SOCIETE GEN.SFH",0.83,CBF&CBL
FR001400A3H2,"EUR 1,50 CADES (REGS) 22-",2.42,CBF&CBL
EU000A3K4DW8,"EUR 2,75 EUROPEAN UNION (",1.36,CBF&CBL
DE000BU2Z023,"EUR FL.R BUNDES DEUTSCH 2",1.47,CBF&CBL
BE6363760750,"EUR 0,00 COMMUNAUT FRANCA",1.67,CBF&CBL
XS3120114684,"EUR FL.R LANDWIRT.RENTENB",0.89,CBF&CBL
DE000A30V257,"EUR 3,125 INVESTITIONSBK ",0.96,CBF&CBL
BE0390207737,"EUR 3,62 BRUSSELS, REG. O",4.93,CBF&CBL
AT0000A3LM29,"EUR FL.R ERSTE GR.BK AG (",0.57,CBF&CBL
XS3504828735,"EUR 3,40 ASIAN DEV.BK 26-",2.23,CBF&CBL
ES0000012B88,"EUR 1,40 SPAIN, KINGDOM O",0.83,CBF&CBL
ES00000128Y0,"EUR 0,00 SPAIN, KINGDOM O",2.25,CBF&CBL
BE0002700814,"EUR 0,01 BNP PARIBAS FORT",0.36,CBF&CBL
FR0011461516,"EUR 0,00 FRANCE (OAT STRI",1.48,CBF&CBL
AT0000A1G858,"EUR 2,10 NIEDEROESTERREIC",3.75,CBF&CBL
FR0013154333,"EUR 0,00 FRANCE (OAT STRI",9.09,CBF&CBL
IE00BMQ5JL65,"EUR XXX IRELAND, REP OF (",2.88,CBF&CBL
XS2432629504,"EUR 0,70 INTL.DEVEL..ASSO",4.55,CBF&CBL
FR001400X5W9,"EUR 3,216 BPCE (REGS) 25-",2.73,CBF&CBL
XS1791423178,"EUR 1,25 FINNVERA PLC (RE",14.87,CBF&CBL
BE6326767397,"EUR 0,01 ARGENTA SPAARBAN",1.56,CBF&CBL
EU000A3K4DA4,"EUR 0,25 EUROPEAN UNION (",0.02,CBF&CBL
DE000A3828J9,"EUR FL.R INVESTITIONSBK 2",0.63,CBF&CBL
FR0129704187,"EUR 0,00 BANQUE DE FRANCE",0.18,CBF&CBL
FR0010483222,"EUR 0,00 FRANCE (OAT STRI",0.67,CBF&CBL
XS0505157965,"EUR 4,00 EUROP.INVEST.BK ",0.78,CBF&CBL
FR0013234663,"EUR 0,00 FRANCE (OAT STRI",3.13,CBF&CBL
DE0001102457,"EUR FL.R BUNDES DEUTSCH (",0.44,CBF&CBL
DE000A30V604,"EUR FL.R LAND, BRANDENBUR",0.38,CBF&CBL
FR001400UCA3,"EUR 2,625 CAISSE FCSE DE ",1.10,CBF&CBL
DE000A1RQFC1,"EUR 2,875 HESSEN LAND 26-",1.54,CBF&CBL
BE0390307768,"EUR 3,03 KBC BANK NV (REG",1.45,CBF&CBL
FR0010809905,"EUR 0,00 FRANCE (OAT STRI",4.28,CBF&CBL
DE0003811618,"EUR 0,00 BUNDES DEUTSCH (",3.79,CBF&CBL
XS1874729624,"EUR 1,10 ABN AMRO BK NV (",1.37,CBF&CBL
XS2160861808,"EUR 0,01 IBRD-WORLD BANK ",0.38,CBF&CBL
DE000SCB0062,"EUR 2,75 DEUTSCHE KREDITB",2.33,CBF&CBL
DE000A4DFSS7,"EUR 2,75 NIEDERSACHSEN LA",1.16,CBF&CBL
DE000HEL0R58,"EUR FL.R LANDESBANK HESS-",0.35,CBF&CBL
DE0001102580,"EUR 0,00 BUNDES DEUTSCH 2",1.20,CBF&CBL
FR001400A2T9,"EUR 1,75 SOCIETE GENERALE",2.29,CBF&CBL
FR001400DNT6,"EUR 3,00 AXA BK EUROPE SC",0.36,CBF&CBL
DE000RLP1593,"EUR 2,375 RHEINLAND-PFALZ",0.34,CBF&CBL
XS3177997130,"EUR 2,625 SP-MORTGAGE BK ",1.50,CBF&CBL
EU000A4DMLZ7,"EUR 0,00 ESM (REGS) 03122",0.05,CBF&CBL
BE0001766204,"EUR 0,52 COMMUNAUT FRANCA",0.72,CBF&CBL
BE6292313200,"EUR 1,675 COMMUNAUT FRANC",7.06,CBF&CBL
DE000A2NBJ54,"EUR 0,625 EMISSIONS K DE ",0.81,CBF&CBL
AT0000A3EPP2,"EUR 2,50 AUSTRIA, REP.OF ",1.61,CBF&CBL
FI4000586284,"EUR 3,20 FINLAND REP.OF (",6.50,CBF&CBL
FR0014012IF1,"EUR 2,75 COMP.FINA.FONCIE",1.51,CBF&CBL
ES0000012965,"EUR 0,00 SPAIN, KINGDOM O",2.51,CBF&CBL
ES00000128K9,"EUR 0,00 SPAIN, KINGDOM O",0.06,CBF&CBL
XS1612977717,"EUR 1,125 EUROP.INVEST.BK",1.36,CBF&CBL
FR001400JM90,"EUR 3,374 CREDIT AGRICOLE",1.42,CBF&CBL
DE000HV2AZ86,"EUR 2,957 UNICREDIT BANK ",1.94,CBF&CBL
DE000LB39DP0,"EUR 3,00 LBK BADEN-WUERTT",0.36,CBF&CBL
XS1298431799,"EUR 1,50 ABN AMRO BK NV (",1.39,CBF&CBL
BE6317031035,"EUR 0,808 BRUSSELS, REG. ",12.25,CBF&CBL
DE0001789311,"EUR 0,01 SACHSEN, FREISTA",2.83,CBF&CBL
DE000NWB1W10,"EUR 0,125 NRW.BANK 22-203",1.66,CBF&CBL
XS2626022656,"EUR 3,375 RAIFFEISEN BANK",0.37,CBF&CBL
FR0013234531,"EUR 0,00 FRANCE (OAT STRI",0.70,CBF&CBL
DE000A2DAR65,"EUR 0,625 KFW (REGS) 17-2",0.39,CBF&CBL
DE000BU2Z072,"EUR 3,00 BUNDES DEUTSCH 2",2.02,CBF&CBL
FR0012843324,"EUR 2,446 BNP PARIBAS HOM",0.36,CBF&CBL
EU000A3KTGW6,"EUR 0,70 EUROPEAN UNION (",4.80,CBF&CBL
DE000A1RQEF7,"EUR 1,75 HESSEN LAND 22-2",1.36,CBF&CBL
FR001400ITG9,"EUR 3,375 BPCE SFH (REGS)",1.97,CBF&CBL
DE000A351MT2,"EUR 3,125 KFW (REGS) 23-2",0.78,CBF&CBL
SK4000024865,"EUR 3,75 SLOVAK, REP. (RE",5.25,CBF&CBL
FR001400X8V5,"EUR 3,20 FRANCE (144A OAT",1.78,CBF&CBL
DE000A4DFW46,"EUR 2,875 LLOYDS BANK GMB",1.78,CBF&CBL
XS3346849113,"EUR 3,125 PKO BK HIPOTECZ",2.03,CBF&CBL
ES00000129X0,"EUR 0,00 SPAIN, KINGDOM O",8.93,CBF&CBL
FR0013410552,"EUR 0,10 FRANCE (REGS OAT",1.35,CBF&CBL
BE0002791722,"EUR 0,248 BRUSSELS, REG. ",3.26,CBF&CBL
XS2487770104,"EUR 1,75 BAWAG (AT) (REGS",1.20,CBF&CBL
FR001400CGA2,"EUR 2,125 CREDIT AGR HOME",1.14,CBF&CBL
ES0000012M51,"EUR 3,50 SPAIN, KINGDOM O",1.29,CBF&CBL
AT0000A39UW5,"EUR 2,90 AUSTRIA, REP.OF ",3.39,CBF&CBL
FR0014004EJ9,"EUR 0,01 CREDIT AGR HOME ",0.54,CBF&CBL
DE000NWB17K3,"EUR 0,568 NRW.BANK 16-202",0.50,CBF&CBL
AT0000A2CDT6,"EUR 0,10 ERSTE GR.BK AG (",1.17,CBF&CBL
DE000AAR0447,"EUR 2,625 AAREAL BK AG. 2",1.22,CBF&CBL
FR0011242700,"EUR 3,875 COMP.FINA.FONCI",0.36,CBF&CBL
BE0001754085,"EUR 2,085 COMMUNAUT FRANC",6.42,CBF&CBL
XS1877512258,"EUR 1,00 NIBC BANK NV. (R",0.69,CBF&CBL
FR0013420734,"EUR 1,41 CAISSE DES DEPOT",10.96,CBF&CBL
DE000A255D88,"EUR 0,125 NIEDERSACHSEN L",1.13,CBF&CBL
XS2114143758,"EUR 0,05 SANTANDER CONSUM",1.20,CBF&CBL
FR00140032I7,"EUR 2,73 BNP PARIBAS HOME",2.00,CBF&CBL
FR0012697894,"EUR 0,59 SOCIETE GEN.SFH ",0.86,CBF&CBL
XS2013520023,"EUR 0,625 BAWAG (AT) (REG",2.42,CBF&CBL
DE000NWB0AW8,"EUR 2,875 NRW.BANK (REGS/",3.25,CBF&CBL
FR0000578585,"EUR 0,00 FRANCE (OAT STRI",1.03,CBF&CBL
BE0002711928,"EUR 1,065 BRUSSELS, REG. ",13.27,CBF&CBL
DE000HV2A0G0,"EUR 2,58 UNICREDIT BANK 2",1.58,CBF&CBL
EU000A4EQY98,"EUR 0,00 EUROPEAN UNION 0",0.09,CBF&CBL
DE000A1RQD50,"EUR 0,00 HESSEN LAND (REG",0.72,CBF&CBL
XS2610236528,"EUR 2,875 CNCL.EU DEV.BK ",0.79,CBF&CBL
FR0014019139,"EUR 3,25 CRELAN HOME LOA ",2.22,CBF&CBL
DE000A14JYW1,"EUR 0,625 BADEN-WUERTTEMB",0.40,CBF&CBL
DE000MHB18J6,"EUR 0,625 MUENCHENER HYPO",0.36,CBF&CBL
EU000A1Z99H6,"EUR 0,50 ESM (REGS) 19-20",0.59,CBF&CBL
AT0000A3TF04,"EUR 0,00 AUSTRIA, REP.OF ",0.54,CBF&CBL
DE000NRW0LF2,"EUR 0,90 NORDRHEIN-WESTFA",0.84,CBF&CBL
BE6318635552,"EUR 0,25 COMMUNAUT FRANCA",1.59,CBF&CBL
XS2620722079,"EUR 3,25 DANSKE BANK AS (",0.57,CBF&CBL
DE000A2YN1A6,"EUR 0,01 INVESTITIONSBK 2",0.73,CBF&CBL
DE000MHB28J5,"EUR 0,25 MUENCHENER HYPOB",3.03,CBF&CBL
DE000BHY0H34,"EUR 0,125 LBK BADEN-WUERT",1.18,CBF&CBL
EU000A3K4DK3,"EUR 1,875 EUROPEAN UNION ",2.19,CBF&CBL
AT0000A324F5,"EUR 3,25 ERSTE GR.BK AG (",0.80,CBF&CBL
XS2974146156,"EUR 2,80 ASIAN DEV.BK 25-",1.50,CBF&CBL
DE000A3828M3,"EUR 2,40 INVESTITIONSBK 2",1.56,CBF&CBL
DE000A2GSNR0,"EUR 0,625 KFW 18-2028",0.49,CBF&CBL
XS1942629061,"EUR 0,875 RAIF.LBK NIEDER",0.83,CBF&CBL
DE000CZ43Z23,"EUR 3,125 COMMERZBK AG (R",1.97,CBF&CBL
ES0000012H17,"EUR 0,00 SPAIN, KINGDOM O",4.83,CBF&CBL
DE000BU35025,"EUR 2,10 BUNDES DEUTSCH 2",0.57,CBF&CBL
FR0014016606,"EUR 2,75 CREDIT AGR HOME ",1.62,CBF&CBL
FR0013451507,"EUR 0,00 FRANCE (REGS OAT",0.75,CBF&CBL
FR0014002P50,"EUR 0,01 UNEDIC (REGS) 21",2.14,CBF&CBL
XS2465142755,"EUR 1,00 OP MORTGAGE BK (",0.36,CBF&CBL
XS2636611332,"EUR 3,25 EIKA BOLIGKREDI ",1.97,CBF&CBL
DE000CZ40LQ7,"EUR 0,125 COMMERZBK AG (R",0.36,CBF&CBL
DE0003811782,"EUR 0,00 BUNDES DEUTSCH 2",0.28,CBF&CBL
DE000A1RQE42,"EUR FL.R HESSEN LAND 25-2",0.49,CBF&CBL
DE000A352AU3,"EUR 3,00 LAND SACHSEN ANH",0.60,CBF&CBL
FR0013154325,"EUR 0,00 FRANCE (OAT STRI",8.87,CBF&CBL
FR0013282142,"EUR 0,75 CREDIT MUTUEL H ",0.36,CBF&CBL
DE000A3H2515,"EUR 2,625 BADEN-WUERTTEMB",1.33,CBF&CBL
DE000A352AM0,"EUR 2,21 LAND SACHSEN ANH",1.02,CBF&CBL
FR0010070060,"EUR 4,75 FRANCE (REGS OAT",1.69,CBF&CBL
FR00140067I3,"EUR 0,01 SOCIETE GEN.SFH ",1.10,CBF&CBL
DE000A351TH2,"EUR 3,00 SPARKASS.PFORZHE",0.91,CBF&CBL
DE000LFA2220,"EUR 3,00 LFA FRDRBK.BAYER",1.69,CBF&CBL
BE3871314444,"EUR 2,75 BELGIUM, KINGDOM",0.69,CBF&CBL
DE000RLP0819,"EUR 0,872 RHEINLAND-PFALZ",3.16,CBF&CBL
ES00000129O9,"EUR 0,00 SPAIN, KINGDOM O",6.47,CBF&CBL
FR0014008RV7,"EUR 0,875 CREDIT MUTUEL H",1.71,CBF&CBL
AT000B093901,"EUR 3,125 RAIFFEISEN-LAND",0.36,CBF&CBL
DE0001789428,"EUR 2,625 SACHSEN, FREIST",1.72,CBF&CBL
EU000A1Z99Y1,"EUR 3,00 ESM (REGS) 26-20",1.77,CBF&CBL
BE0001781351,"EUR 1,603 VLAAMS GEMEENSC",6.67,CBF&CBL
FR0013454733,"EUR 0,01 LA BANQUE POSTAL",1.09,CBF&CBL
XS2093634884,"EUR 0,50 ABN AMRO BK NV 1",3.81,CBF&CBL
FR0014004QY2,"EUR 0,01 UNEDIC (REGS) 21",2.19,CBF&CBL
BE0008526874,"EUR 0,00 BELGIUM, KINGDOM",7.85,CBF&CBL
XS3379780615,"EUR 3,224 CESKA SPORITELN",1.73,CBF&CBL
ES00000126M9,"EUR 0,00 SPAIN, KINGDOM O",3.90,CBF&CBL
AT0000A1VKS5,"EUR 1,25 NIEDEROESTERREIC",1.28,CBF&CBL
DE0001789303,"EUR 0,01 SACHSEN, FREISTA",1.07,CBF&CBL
XS2826669793,"EUR 2,875 ASIAN INFRA INV",13.85,CBF&CBL
DE000BU22072,"EUR 2,00 BUNDES DEUTSCH 2",0.07,CBF&CBL
DE000CZ45Z88,"EUR FL.R COMMERZBK AG (RE",0.72,CBF&CBL
XS0942965525,"EUR 2,375 RAIFFEISEN LB S",0.60,CBF&CBL
DE000A383EQ8,"EUR 2,95 MECKLENBURG-VORP",2.15,CBF&CBL
DE000A352AN8,"EUR 2,21 LAND SACHSEN ANH",1.03,CBF&CBL
DE000A1RQFF4,"EUR FL.R HESSEN LAND 26-2",1.05,CBF&CBL
FR001401AQT3,"EUR 3,875 COMP.FINA.FONCI",2.54,CBF&CBL
DE0001143477,"EUR 0,00 BUNDES DEUTSCH (",4.01,CBF&CBL
BE0008525868,"EUR 0,00 BELGIUM, KINGDOM",7.26,CBF&CBL
BE0008549132,"EUR 0,00 BELGIUM, KINGDOM",19.88,CBF&CBL
XS2342589582,"EUR 0,125 SPAREBNK 1 BOLI",1.64,CBF&CBL
FR001400PMS4,"EUR 3,00 COMP.FINA.FONCIE",1.67,CBF&CBL
EU000A4D7ZW2,"EUR 2,50 EUROP.INVEST.BK ",1.18,CBF&CBL
DE000HV2A003,"EUR 2,375 UNICREDIT BANK ",1.01,CBF&CBL
EU000A2SCAX8,"EUR 0,00 EFSF (REGS) 26-2",5.48,CBF&CBL
EU000A4ETUZ1,"EUR 2,625 EUROP.INVEST.BK",0.71,CBF&CBL
FR0013267473,"EUR 0,875 CREDIT AGRICOLE",0.36,CBF&CBL
DE0001102515,"EUR 0,00 BUNDES DEUTSCH (",1.83,CBF&CBL
XS1550203183,"EUR 0,625 ERSTE GR.BK AG ",0.36,CBF&CBL
AT0000A39K79,"EUR 3,125 RAIFFEISEN LBK.",0.80,CBF&CBL
FR001400ZEJ9,"EUR 2,75 HSBC CONTINENTA ",1.56,CBF&CBL
DE000A4DE9J4,"EUR FL.R LAND BERLIN 25-2",1.21,CBF&CBL
DE000A3825M9,"EUR 2,625 DZ HYP AG (REGS",1.56,CBF&CBL
XS3239338802,"EUR 2,875 ACHMEA BANK N.V",2.11,CBF&CBL
DE000A352AS7,"EUR 2,235 LAND SACHSEN AN",0.65,CBF&CBL
XS3512783666,"EUR 0,00 EUROP.INVEST.BK ",0.06,CBF&CBL
DE000NWB1W36,"EUR 2,75 NRW.BANK 23-2029",1.17,CBF&CBL
FR0014015HK6,"EUR 3,375 CAISSE FCSE DE ",2.59,CBF&CBL
AT000B015888,"EUR FL.R RAIFFEISEN BANK ",0.88,CBF&CBL
ES00000129W2,"EUR 0,00 SPAIN, KINGDOM O",8.59,CBF&CBL
BE0002795764,"EUR 0,317 BRUSSELS, REG. ",3.28,CBF&CBL
DE000BLB6J10,"EUR 2,875 BAYERISCH.LANDE",1.30,CBF&CBL
BE0002796770,"EUR 1,10 BRUSSELS, REG. O",12.17,CBF&CBL
XS2500341990,"EUR 1,90 LANDWIRT.RENTENB",1.97,CBF&CBL
XS2717426576,"EUR 3,375 SPAREBANKEN NOR",0.74,CBF&CBL
XS1915504044,"EUR 0,89 ABN AMRO BK NV (",0.45,CBF&CBL
XS2154343623,"EUR 0,00 CNCL.EU DEV.BK (",0.11,CBF&CBL
DE000LFA1958,"EUR 0,01 LFA FRDRBK.BAYER",0.63,CBF&CBL
XS2435570895,"EUR 0,625 ABN AMRO BK NV ",3.01,CBF&CBL
DE000A3MQPJ2,"EUR 0,375 L-BANK (REGS/56",0.50,CBF&CBL
BE0390180462,"EUR 4,041 BRUSSELS, REG. ",9.70,CBF&CBL
FR0010809624,"EUR 0,00 FRANCE (OAT STRI",5.96,CBF&CBL
DE000A3MQYL0,"EUR 1,625 LAND BERLIN 22-",2.03,CBF&CBL
XS2523326853,"EUR 2,00 BAWAG (AT) (REGS",1.80,CBF&CBL
XS3072238309,"EUR 2,625 ASIAN INFRA INV",16.22,CBF&CBL
XS3112555258,"EUR 2,625 LANDWIRT.RENTEN",1.94,CBF&CBL
DE000BU0E386,"EUR 0,00 BUNDES DEUTSCH 1",0.09,CBF&CBL
XS1906456220,"EUR 0,00 IBRD-WORLD BANK ",8.14,CBF&CBL
DE000BHY0BQ4,"EUR 0,375 LBK BADEN-WUERT",0.95,CBF&CBL
DE000A3H2Y73,"EUR 0,625 LAND BERLIN (RE",7.45,CBF&CBL
XS2744125001,"EUR 2,625 ING BANK N.V. (",0.45,CBF&CBL
EU000A4ES497,"EUR 4,00 EUROPEAN UNION (",3.31,CBF&CBL
DE000A2NB9Y6,"EUR 0,01 LAND BERLIN 20-2",0.40,CBF&CBL
ES0000012H41,"EUR 0,10 SPAIN, KINGDOM O",2.02,CBF&CBL
FR001400B9U1,"EUR 2,375 CREDIT MUTUEL H",0.48,CBF&CBL
AT0000A33982,"EUR FL.R ERSTE GR.BK AG (",0.44,CBF&CBL
DE000A352AD9,"EUR 2,50 LAND SACHSEN ANH",0.65,CBF&CBL
XS2014373182,"EUR 0,00 COOP RABOBK UA (",0.36,CBF&CBL
AT0000A2QDQ2,"EUR 0,01 HYPO TIROL BANK ",1.58,CBF&CBL
DE000A3MQP75,"EUR 1,25 L-BANK 22-2026",0.50,CBF&CBL
FR001400CHC6,"EUR 1,75 CADES (REGS) 22-",0.55,CBF&CBL
BE3871271016,"EUR 0,60 BELGIUM, KINGDOM",0.69,CBF&CBL
FR0013477940,"EUR 0,50 BPCE (REGS) 20-2",2.61,CBF&CBL
DE000A3MP7P2,"EUR 0,01 INV.BK SACHS.ANH",0.40,CBF&CBL
AT0000A33N23,"EUR 3,25 HYPO NOE LANDES ",0.57,CBF&CBL
FR001400JMF4,"EUR 3,405 CREDIT AGRICOLE",2.21,CBF&CBL
DE0001053874,"EUR 2,92 BAYERN, FREISTAA",4.63,CBF&CBL
XS3519607280,"EUR 0,00 AUSTRIA, REP.OF ",0.54,CBF&CBL
DE000A11QTF7,"EUR 0,375 KFW 15-2030",1.39,CBF&CBL
XS2002491780,"EUR 0,875 TENNET NETHERLA",8.30,CBF&CBL
AT0000A2UXN9,"EUR 0,50 ERSTE GR.BK AG (",3.02,CBF&CBL
DE0001143956,"EUR 0,00 BUNDES DEUTSCH 2",2.50,CBF&CBL
XS0093667334,"EUR 5,625 EUROP.INVEST.BK",0.33,CBF&CBL
XS1957516252,"EUR 0,375 DEUT.APOTHEKER ",0.36,CBF&CBL
EU000A2R4FY3,"EUR 0,50 EUROPEAN UNION (",2.01,CBF&CBL
DE000A30WF27,"EUR 3,00 DT. PFANDBRIEFBA",0.37,CBF&CBL
DE000NWB9122,"EUR 2,625 NRW.BANK (REGS/",1.15,CBF&CBL
DE000LB39BP4,"EUR 3,00 LBK BADEN-WUERTT",2.15,CBF&CBL
DE000BU4K112,"EUR 0,00 BUNDES DEUTSCH 2",2.23,CBF&CBL
AT0000A3TYA4,"EUR 3,25 KOMMUNALKREDIT A",1.73,CBF&CBL
FR0010482703,"EUR 0,00 FRANCE (OAT STRI",8.63,CBF&CBL
DE000NRW0GG0,"EUR 0,75 NORDRHEIN-WESTFA",0.50,CBF&CBL
FR0013250560,"EUR 1,00 FRANCE (REGS OAT",0.12,CBF&CBL
DE000SCB0039,"EUR 1,625 DEUTSCHE KREDIT",1.73,CBF&CBL
FR001400F5R1,"EUR 3,125 BPCE SFH (REGS)",0.36,CBF&CBL
DE000SHFM881,"EUR 2,875 SCHLESWIG-HOLST",0.55,CBF&CBL
DE000LFA2535,"EUR 2,625 LFA FRDRBK.BAYE",1.72,CBF&CBL
FR0010371427,"EUR 0,00 FRANCE (OAT PRIN",2.98,CBF&CBL
DE000HV2AY12,"EUR 2,625 UNICREDIT BANK ",0.56,CBF&CBL
FR001400ZUE6,"EUR 3,125 COMP.FINA.FONCI",2.22,CBF&CBL
XS1505568136,"EUR 1,25 TENNET NETHERLA ",14.74,CBF&CBL
DE000A3E5S18,"EUR 0,20 BAUSPARK. SCHWA ",2.10,CBF&CBL
DE0001141844,"EUR 0,00 BUNDES DEUTSCH 2",0.05,CBF&CBL
XS2348325221,"EUR 0,125 TENNET NETHERLA",5.00,CBF&CBL
XS2621830848,"EUR 3,125 DANSKE MTG BK (",0.40,CBF&CBL
DE000CZ43Z72,"EUR 3,375 COMMERZBK AG (R",0.67,CBF&CBL
DE0001142628,"EUR 0,00 BRD (STRIPS COUP",0.61,CBF&CBL
DE000A2GSP56,"EUR 0,875 DZ HYP AG (REGS",0.52,CBF&CBL
XS2343538372,"EUR 0,00 EUROP.INVEST.BK ",0.51,CBF&CBL
FR001400WR23,"EUR 3,00 CCF SFH (REGS) 2",1.22,CBF&CBL
DE000LB4W9X2,"EUR 3,00 LBK BADEN-WUERTT",2.47,CBF&CBL
DE000HV2AS10,"EUR 0,25 UNICREDIT BANK (",1.69,CBF&CBL
XS2730790768,"EUR 3,13 ING BANK N.V. (R",0.42,CBF&CBL
AT0000A3QG14,"EUR 2,625 HYPO NOE LANDES",1.52,CBF&CBL
BE0312827026,"EUR 0,00 BELGIUM, KINGDOM",0.69,CBF&CBL
DE000NRW21Q8,"EUR 2,50 NORDRHEIN-WESTFA",0.70,CBF&CBL
FR00140002P5,"EUR 0,00 CADES (REGS) 20-",0.67,CBF&CBL
DE000NWB1WH1,"EUR 1,00 NRW.BANK 26-2051",8.76,CBF&CBL
BE0002912930,"EUR FL.R BRUSSELS, REG. O",3.07,CBF&CBL
DE000A1RQDJ1,"EUR 0,277 HESSEN LAND 19-",9.36,CBF&CBL
XS2596045752,"EUR 4,03 SID SLOVENSKA (R",11.01,CBF&CBL
XS2824765338,"EUR 2,875 AFRICAN DEV.BK ",0.49,CBF&CBL
BE6374825824,"EUR 0,00 ARGENTA SPAARBAN",1.70,CBF&CBL
BE0008514755,"EUR 0,00 BELGIUM, KINGDOM",0.69,CBF&CBL
DE000A383DB2,"EUR 3,00 OLDENBURGISCHE L",2.48,CBF&CBL
FI4000606033,"EUR 0,00 FINLAND REP.OF 1",0.54,CBF&CBL
XS1511781897,"EUR 0,625 LANDWIRT.RENTEN",3.29,CBF&CBL
BE6296867151,"EUR 1,745 COMMUNAUT FRANC",6.32,CBF&CBL
EU000A1G0D70,"EUR 0,95 EFSF (REGS) 18-2",0.98,CBF&CBL
DE000A2NBGG9,"EUR 0,75 EMISSIONS K DE 1",0.68,CBF&CBL
NL0013332430,"EUR 0,25 DUTCH STATE 19-2",1.08,CBF&CBL
AT0000A2STT8,"EUR 0,01 HYPO NOE LANDES ",0.72,CBF&CBL
DE000A3MQTL0,"EUR FL.R HAMBURG HANSESTA",0.38,CBF&CBL
DE000NRW0LR7,"EUR 2,515 NORDRHEIN-WESTF",0.50,CBF&CBL
ES00000129I1,"EUR 0,00 SPAIN, KINGDOM O",4.92,CBF&CBL
AT0000A34CR4,"EUR 3,25 HYPO VORARLBERG ",0.49,CBF&CBL
EU000A1G0DW4,"EUR 1,80 EFSF (REGS) 17-2",10.71,CBF&CBL
XS2189259018,"EUR 0,25 EUROP.INVEST.BK ",2.75,CBF&CBL
DE000A3H20D1,"EUR 0,01 NIEDERSACHSEN LA",0.39,CBF&CBL
DE000BU4K039,"EUR 0,00 BUNDES DEUTSCH 2",1.73,CBF&CBL
FR0014016G71,"EUR 2,40 FRANCE 26-2029",0.70,CBF&CBL
DE000NRW0NG6,"EUR 2,25 NORDRHEIN-WESTFA",6.15,CBF&CBL
FR0014019MS1,"EUR 2,875 COMP.FINA.FONCI",0.96,CBF&CBL
FR0011495019,"EUR 2,371 CAISSE DES DEPO",4.18,CBF&CBL
DE000WBP0BP8,"EUR 2,875 WUESTENROT BSPK",2.06,CBF&CBL
FR0129570612,"EUR 0,00 FRANCE (BTF) 130",0.07,CBF&CBL
DE000BU25075,"EUR 2,90 BUNDES DEUTSCH 2",1.20,CBF&CBL
DE000LFA1859,"EUR 0,30 LFA FRDRBK.BAYER",1.14,CBF&CBL
BE0002893742,"EUR FL.R BRUSSELS, REG. O",2.60,CBF&CBL
FR001400JMC1,"EUR 3,379 CREDIT AGRICOLE",1.83,CBF&CBL
BE6287071169,"EUR FL.R COMMUNAUT FRANCA",0.72,CBF&CBL
EU000A3K4DC0,"EUR 0,875 EUROPEAN UNION ",2.24,CBF&CBL
XS2572298409,"EUR 3,25 RAIF.LBK NIEDERO",1.13,CBF&CBL
FR001400G6E6,"EUR 3,125 CADES (REGS) 23",1.58,CBF&CBL
ES0000011868,"EUR 6,00 SPAIN, KINGDOM O",1.10,CBF&CBL
FR0000578577,"EUR 0,00 FRANCE (OAT STRI",0.80,CBF&CBL
DE0003811592,"EUR 0,00 BUNDES DEUTSCH (",3.38,CBF&CBL
XS1784071042,"EUR 1,375 NORDEA MORTGAGE",1.98,CBF&CBL
FR0013487071,"EUR 0,01 CREDIT AGR HOME ",1.64,CBF&CBL
FR0013518644,"EUR FL.R BNP PARIBAS HOME",0.88,CBF&CBL
ES0000012D86,"EUR 0,00 SPAIN, KINGDOM O",10.10,CBF&CBL
DE000A1RQEG5,"EUR 2,625 HESSEN LAND 22-",0.40,CBF&CBL
XS3517390889,"EUR 0,00 AUSTRIA, REP.OF ",0.54,CBF&CBL
XS0100583177,"EUR 0,00 EUROP.INVEST.BK ",0.70,CBF&CBL
DE0001734457,"EUR 6,50 RHEINLAND-PFALZ ",4.17,CBF&CBL
XS0749005343,"EUR 2,452 AUSTRIA, REP.OF",1.61,CBF&CBL
DE000LFA1701,"EUR 1,00 LFA FRDRBK.BAYER",0.95,CBF&CBL
XS2007244614,"EUR 0,375 AB SVERIGES SAK",0.95,CBF&CBL
FR001400DC98,"EUR 3,25 LA BANQUE POSTAL",1.14,CBF&CBL
DE000BLB6JV5,"EUR 3,00 BAYERISCH.LANDES",0.92,CBF&CBL
DE000A351XV5,"EUR 3,125 DZ HYP AG (REGS",2.16,CBF&CBL
DE000RLP1676,"EUR 2,375 RHEINLAND-PFALZ",0.50,CBF&CBL
BE6326354147,"EUR 0,392 COMMUNAUT FRANC",8.82,CBF&CBL
XS2459747791,"EUR 0,50 AFRICAN DEV.BK (",0.34,CBF&CBL
EU000A3LNF05,"EUR 3,125 EUROPEAN UNION ",0.91,CBF&CBL
FR0010871061,"EUR 0,00 FRANCE (OAT STRI",7.93,CBF&CBL
DE0001143899,"EUR 0,00 BUNDES DEUTSCH 2",1.20,CBF&CBL
DE000BHY0SB0,"EUR 1,75 LBK BADEN-WUERTT",1.73,CBF&CBL
DE000NWB0AX6,"EUR 2,875 NRW.BANK (REGS/",4.74,CBF&CBL
DE000BHY3ND1,"EUR 2,625 LBK BADEN-WUERT",0.82,CBF&CBL
DE000NLB57X5,"EUR 3,50 NORD/LB GZ (REGS",2.02,CBF&CBL
ES00000128N3,"EUR 0,00 SPAIN, KINGDOM O",6.34,CBF&CBL
BE0002898790,"EUR FL.R BRUSSELS, REG. O",2.68,CBF&CBL
DE000A3824L4,"EUR 2,75 LAND SACHSEN ANH",2.43,CBF&CBL
DE000BHY0GY7,"EUR 2,75 LBK BADEN-WUERTT",0.36,CBF&CBL
EU000A2SCAN9,"EUR 2,875 EFSF (REGS) 24-",4.52,CBF&CBL
XS3422200025,"EUR 3,06 NIBC BANK N.V. 2",1.60,CBF&CBL
FR0012780781,"EUR 1,44 CAISSE DES DEPOT",2.89,CBF&CBL
BE0001741926,"EUR 1,887 VLAAMS GEMEENSC",5.37,CBF&CBL
FR001400JMG2,"EUR 3,415 CREDIT AGRICOLE",2.33,CBF&CBL
DE000BU25042,"EUR 2,40 BUNDES DEUTSCH 2",0.76,CBF&CBL
DE000A460H51,"EUR 2,60 NIEDERSACHSEN LA",0.83,CBF&CBL
NL0000102317,"EUR 5,50 DUTCH STATE (REG",0.50,CBF&CBL
FR0011461656,"EUR 0,00 FRANCE (OAT STRI",4.30,CBF&CBL
DE0001789337,"EUR 0,01 SACHSEN, FREISTA",1.57,CBF&CBL
DE000A3513Y6,"EUR FL.R LAND BERLIN 25-2",0.91,CBF&CBL
DE000NRW0QZ9,"EUR 2,793 NORDRHEIN-WESTF",9.40,CBF&CBL
BE0000304130,"EUR 5 BELGIUM,KINGDOM OF ",4.60,CBF&CBL
DE000A1685Z1,"EUR 1,125 HAMBURG HANSEST",1.73,CBF&CBL
BE0002694751,"EUR 1,02 BRUSSELS, REG. O",13.72,CBF&CBL
ES0000012D11,"EUR 0,00 SPAIN, KINGDOM O",8.05,CBF&CBL
BE0008530918,"EUR 0,00 BELGIUM, KINGDOM",10.20,CBF&CBL
FR001400TEZ8,"EUR 3,115 BPCE SFH 24-203",2.69,CBF&CBL
DE000LFA2428,"EUR 3,25 LFA FRDRBK.BAYER",2.81,CBF&CBL
FR0129287332,"EUR 0,00 FRANCE (BTF) 021",0.05,CBF&CBL
SK4000028858,"EUR 4,125 SLOVAK, REP. (R",9.95,CBF&CBL
XS3344463792,"EUR 2,875 ABN AMRO BK NV ",1.62,CBF&CBL
DE000A3E5V88,"EUR 0,45 BREMEN HANSTADT ",0.84,CBF&CBL
DE000BU0E352,"EUR 0,00 BUNDES DEUTSCH 1",0.06,CBF&CBL
FR0014016QS8,"EUR 3,125 CREDIT MUTUEL H",2.64,CBF&CBL
ES00000129N1,"EUR 0,00 SPAIN, KINGDOM O",6.28,CBF&CBL
BE0002666478,"EUR 0,759 BRUSSELS, REG. ",12.22,CBF&CBL
XS2058855441,"EUR 0,01 BAWAG GP. AG (RE",1.07,CBF&CBL
DE000NWB2M03,"EUR 0,01 NRW.BANK (793) 2",1.10,CBF&CBL
DE000A351US7,"EUR 2,875 LAND, BRANDENBU",1.59,CBF&CBL
DE000A460AK5,"EUR 2,50 KFW (REGS) 25-20",1.56,CBF&CBL
DE000RLP1650,"EUR 2,125 RHEINLAND-PFALZ",0.44,CBF&CBL
ES00000120S9,"EUR 0,00 SPAIN, KINGDOM O",3.94,CBF&CBL
BE6248289348,"EUR FL.R BELGIUM, KINGDOM",1.46,CBF&CBL
DE000BU25059,"EUR 2,20 BUNDES DEUTSCH 2",0.88,CBF&CBL
EU000A4EHML3,"EUR 0,00 EUROPEAN UNION 2",0.02,CBF&CBL
XS3344497931,"EUR 2,875 VAN LANSCHOT KE",0.89,CBF&CBL
BE0002790716,"EUR 1,22 BRUSSELS, REG. O",12.41,CBF&CBL
DE000NLB40F8,"EUR 2,875 NORD/LB GZ (REG",0.36,CBF&CBL
DE000EAA06D8,"EUR XXX ERSTE ABWICKLUNGS",0.40,CBF&CBL
ES00000128H5,"EUR 1,30 SPAIN, KINGDOM O",0.06,CBF&CBL
ES0000012C38,"EUR 0,00 SPAIN, KINGDOM O",0.89,CBF&CBL
ES0000012I24,"EUR 0,85 SPAIN, KINGDOM O",3.67,CBF&CBL
DE000LFA2147,"EUR 3,00 LFA FRDRBK.BAYER",2.02,CBF&CBL
ES00000120R1,"EUR 0,00 SPAIN, KINGDOM O",3.62,CBF&CBL
XS1641457277,"EUR 1,50 EUROP.INVEST.BK ",3.80,CBF&CBL
XS2782809938,"EUR 2,875 DNB BOLIGKREDIT",0.86,CBF&CBL
FR001400R419,"EUR FL.R CREDIT MUTUEL H ",3.16,CBF&CBL
XS3400528116,"EUR 3,00 SWEDBANK MORTGAG",1.97,CBF&CBL
DE000NRW0MQ7,"EUR 0,20 NORDRHEIN-WESTFA",7.81,CBF&CBL
DE000A14JZS6,"EUR 0,01 BADEN-WUERTTEMBE",2.20,CBF&CBL
XS2529521283,"EUR 2,125 FINNVERA PLC (R",5.00,CBF&CBL
EU000A2SCAE8,"EUR 2,375 EFSF (REGS) 22-",1.09,CBF&CBL
XS2887897200,"EUR 2,60 IBRD-WORLD BANK ",1.07,CBF&CBL
DE0001142651,"EUR 0,00 BRD 05-2032",1.35,CBF&CBL
DE000NRW0GV9,"EUR 1,23 NORDRHEIN-WESTFA",3.75,CBF&CBL
AT0000A1KCH8,"EUR FL.R ERSTE GR.BK AG (",0.35,CBF&CBL
FR0013407236,"EUR 0,50 FRANCE (REGS OAT",0.62,CBF&CBL
BE0002789700,"EUR 1,121 BRUSSELS, REG. ",14.93,CBF&CBL
FR0014003N51,"EUR 0,10 FRANCE (REGS OAT",2.87,CBF&CBL
XS2611177382,"EUR 3,10 IBRD-WORLD BANK ",2.12,CBF&CBL
FR001400JMI8,"EUR 3,455 CREDIT AGRICOLE",2.67,CBF&CBL
XS3170229135,"EUR 2,50 ING BANK N.V. (R",1.35,CBF&CBL
FR0010482588,"EUR 0,00 FRANCE (OAT STRI",2.61,CBF&CBL
BE6315170827,"EUR 1,52 COMMUNAUT FRANCA",13.35,CBF&CBL
BE0002691724,"EUR 0,90 BRUSSELS, REG. O",12.13,CBF&CBL
DE000DL19S68,"EUR 0,25 DEUTSCHE BANK AG",0.76,CBF&CBL
NL0013995095,"EUR 0,125 NATIONALE NL BA",1.06,CBF&CBL
DE000A3823X1,"EUR FL.R NIEDERSACHSEN LA",0.34,CBF&CBL
DE000A352QE3,"EUR 2,28 L-BANK 25-2027",0.50,CBF&CBL
BE0390257260,"EUR 4,25 VLAAMS GEMEENSCH",4.94,CBF&CBL
DE000LB4XE11,"EUR 2,75 LBK BADEN-WUERTT",2.18,CBF&CBL
FR001401AMG9,"EUR 3,665 ARKEA PUBLIC (R",2.24,CBF&CBL
DE000NLB4621,"EUR 2,50 NORD/LB GZ (REGS",0.64,CBF&CBL
DE000LFA1891,"EUR 0,25 LFA FRDRBK.BAYER",4.17,CBF&CBL
FR0014008E81,"EUR 0,60 CADES (REGS) 22-",1.50,CBF&CBL
DE000A30V265,"EUR 2,625 INVESTITIONSBK ",1.27,CBF&CBL
AT0000A3M7Y2,"EUR 3,10 ERSTE GR.BK AG (",2.46,CBF&CBL
FR0011461565,"EUR 0,00 FRANCE (OAT STRI",2.22,CBF&CBL
FR0013160959,"EUR 1,20 COMP.FINA.FONCIE",1.60,CBF&CBL
DE000A2AAPH7,"EUR 0,625 LAND BERLIN (RE",3.29,CBF&CBL
DE0001102549,"EUR 0,00 BUNDES DEUTSCH (",2.03,CBF&CBL
DE000A3MQY17,"EUR 0,75 NIEDERSACHSEN LA",1.52,CBF&CBL
DE000A289KN1,"EUR 2,75 INVESTITIONSBK (",0.50,CBF&CBL
DE000A14JZX6,"EUR 3,00 BADEN-WUERTTEMBE",2.24,CBF&CBL
XS2831056101,"EUR 3,186 KNAB N.V. (REGS",1.69,CBF&CBL
DE000NWB2TQ6,"EUR 3,00 NRW.BANK (1038) ",0.50,CBF&CBL
DE000A3825P2,"EUR 2,75 DZ HYP AG 25-203",1.64,CBF&CBL
XS3268043554,"EUR 3,625 POLAND, REP.OF ",6.57,CBF&CBL
FR0013234598,"EUR 0,00 FRANCE (OAT STRI",1.98,CBF&CBL
SI0002103990,"EUR 0,875 SLOVENIA REP.OF",3.15,CBF&CBL
XS2580224082,"EUR 2,75 OP MORTGAGE BK (",1.28,CBF&CBL
DE000LFA2295,"EUR 2,70 LFA FRDRBK.BAYER",0.39,CBF&CBL
AT0000A3T279,"EUR 0,00 AUSTRIA, REP.OF ",8.25,CBF&CBL
FR0014005E35,"EUR 0,01 BPCE (REGS) 21-2",0.73,CBF&CBL
DE000LFA2170,"EUR 2,875 LFA FRDRBK.BAYE",0.38,CBF&CBL
XS2746102479,"EUR 3,625 POLAND, REP.OF ",5.21,CBF&CBL
XS2965718062,"EUR 1,00 ACHMEA BANK N.V ",1.59,CBF&CBL
XS3512782429,"EUR 0,00 SWEDEN, KINGDOM ",0.48,CBF&CBL
XS1974786839,"EUR 0,11 INTL.FIN.CORP. (",0.12,CBF&CBL
BE0312825970,"EUR 0,00 BELGIUM, KINGDOM",0.69,CBF&CBL
DE000A2GSCZ6,"EUR 1,10 THUERINGEN, FREI",5.73,CBF&CBL
EU000A1927H4,"EUR 0,89 EURO.ATM.NRG.CMN",0.48,CBF&CBL
XS1966120096,"EUR 0,50 AFRICAN DEV.BK (",0.83,CBF&CBL
DE000SHFM782,"EUR 0,01 SCHLESWIG-HOLSTE",1.08,CBF&CBL
AT0000A3KPL8,"EUR FL.R ERSTE GR.BK AG (",0.44,CBF&CBL
FR0010172288,"EUR 0,00 FRANCE (OAT STRI",2.89,CBF&CBL
EU000A1G0EL5,"EUR 0,00 EFSF (REGS) 21-2",3.07,CBF&CBL
EU000A3KRJR4,"EUR 0,75 EUROPEAN UNION (",4.09,CBF&CBL
XS2429205540,"EUR 0,25 BAWAG (AT) (REGS",1.69,CBF&CBL
FR001400QCA1,"EUR 0,95 FRANCE (OAT) 24-",7.35,CBF&CBL
BE0390205715,"EUR 3,082 BRUSSELS, REG. ",2.39,CBF&CBL
DE000BU4K138,"EUR 0,00 BUNDES DEUTSCH 2",2.38,CBF&CBL
DE000A13R6W6,"EUR 1,525 LAND BERLIN 14-",1.51,CBF&CBL
ES0000012I08,"EUR 0,00 SPAIN, KINGDOM O",0.55,CBF&CBL
EU000A3K4DS6,"EUR 2,00 EUROPEAN UNION (",0.25,CBF&CBL
FI4000598396,"EUR 0,00 FINLAND REP.OF 1",0.54,CBF&CBL
XS2433240764,"EUR 0,50 LANDESBANK HESS-",3.03,CBF&CBL
FR001400AKQ4,"EUR 1,62 SOCIETE GENERALE",1.28,CBF&CBL
FR001400M6X8,"EUR 3,672 SOCIETE GEN.SFH",2.06,CBF&CBL
DE000AAR0405,"EUR 2,875 AAREAL BK AG. (",0.57,CBF&CBL
BE0002999804,"EUR FL.R BRUSSELS, REG. O",0.72,CBF&CBL
DE000NWB2TV6,"EUR 2,375 NRW.BANK (REGS/",0.52,CBF&CBL
DE000A1RQEA8,"EUR 0,00 HESSEN LAND 21-2",0.50,CBF&CBL
XS3241286460,"EUR 2,99 AUSTRIA, REP.OF ",6.83,CBF&CBL
FR0129704153,"EUR 0,00 BANQUE DE FRANCE",0.09,CBF&CBL
BE0008529902,"EUR 0,00 BELGIUM, KINGDOM",9.62,CBF&CBL
BE0001791459,"EUR 1,728 COMMUNAUT FRANC",10.63,CBF&CBL
XS3346962510,"EUR 3,00 SP-MORTGAGE BK (",1.18,CBF&CBL
DE000A2AAPM7,"EUR 1,375 LAND BERLIN (RE",3.39,CBF&CBL
FR0013358843,"EUR 0,875 COMP.FINA.FONCI",0.69,CBF&CBL
EU000A2R99Z3,"EUR 0,30 EUROPEAN UNION (",1.83,CBF&CBL
DE000NRW0N26,"EUR 3,40 NORDRHEIN-WESTFA",6.84,CBF&CBL
XS2919906573,"EUR 2,80 INTL.DEVEL..ASSO",2.47,CBF&CBL
DE000A4DFVR3,"EUR 3,125 INVESTITIONSBK ",3.18,CBF&CBL
DE000A14JZZ1,"EUR FL.R BADEN-WUERTTEMBE",0.39,CBF&CBL
FR0000186413,"EUR 3,40 FRANCE (REGS OAT",1.28,CBF&CBL
ES0000012593,"EUR 0,00 SPAIN, KINGDOM O",2.76,CBF&CBL
XS1811812574,"EUR 1,50 COOP RABOBK UA (",3.18,CBF&CBL
AT000B049796,"EUR 0,25 UNICREDIT BK AT ",1.32,CBF&CBL
FI4000480488,"EUR 0,125 FINLAND REP.OF ",11.42,CBF&CBL
DE000A3MQTG0,"EUR 2,375 HAMBURG HANSEST",1.00,CBF&CBL
DE000A1RQFB3,"EUR 3,50 HESSEN LAND 26-2",6.07,CBF&CBL
EU000A285VM2,"EUR 0,00 EUROPEAN UNION (",1.95,CBF&CBL
BE6326795679,"EUR 0,782 COMMUNAUT FRANC",14.70,CBF&CBL
FR00140098T5,"EUR 0,75 AXA HOME LOAN (R",0.36,CBF&CBL
XS2607344079,"EUR 3,125 STADSHYP AB (PU",0.53,CBF&CBL
ES0000012J23,"EUR 0,00 SPAIN, KINGDOM O",2.40,CBF&CBL
DE000A4DFKS4,"EUR 3,125 DZ HYP AG (REGS",1.65,CBF&CBL
DE000MHB40J0,"EUR 2,625 MUENCHENER HYPO",1.48,CBF&CBL
BE6359381611,"EUR 2,73 BRUSSELS, REG. O",0.72,CBF&CBL
FR001401ATK6,"EUR FL.R CREDIT AGRICOLE ",1.97,CBF&CBL
DE000A1RET98,"EUR 1,987 KFW (REGS) 13-2",2.28,CBF&CBL
DE000SHFM675,"EUR 0,50 SCHLESWIG-HOLSTE",0.85,CBF&CBL
DE000A289J90,"EUR 0,05 SAARLAND (REGS) ",4.05,CBF&CBL
BE0000355645,"EUR 1,40 BELGIUM, KINGDOM",11.70,CBF&CBL
EU000A3LT492,"EUR 3,00 EUROP.INVEST.BK ",2.20,CBF&CBL
FR0014010BU9,"EUR 2,75 LA BQE POST HOM ",1.72,CBF&CBL
XS3425713792,"EUR 2,625 DEN DANSKE STAT",0.65,CBF&CBL
DE000A352QN4,"EUR 3,0825 L-BANK 26-2029",1.37,CBF&CBL
FR0013516549,"EUR 0,00 FRANCE (REGS OAT",0.97,CBF&CBL
DE000A3H2YH5,"EUR 0,50 BREMEN HANSTADT ",4.01,CBF&CBL
NL0015002F72,"EUR 2,50 DUTCH STATE 25-2",2.79,CBF&CBL
XS3343433085,"EUR 2,875 SPAREBANKEN NOR",1.54,CBF&CBL
FR001401AM72,"EUR 3,125 CREDIT AGR HOME",1.01,CBF&CBL
DE000NRW0F26,"EUR 1,625 NORDRHEIN-WESTF",1.58,CBF&CBL
DE000A11P8V8,"EUR 1,125 SAARLAND (REGS)",1.69,CBF&CBL
FR0014001NN8,"EUR 0,50 FRANCE (REGS OAT",7.20,CBF&CBL
XS2331327564,"EUR 0,00 KFW (REGS) 21-20",1.06,CBF&CBL
DE000A460C98,"EUR 3,00 KFW (REGS) 26-20",2.91,CBF&CBL
BE0008552169,"EUR 0,00 BELGIUM, KINGDOM",21.36,CBF&CBL
ES0000012B05,"EUR 0,00 SPAIN, KINGDOM O",3.07,CBF&CBL
DE000MHB27J7,"EUR 0,01 MUENCHENER HYPOB",3.93,CBF&CBL
DE000BU2Z015,"EUR 2,60 BUNDES DEUTSCH 2",1.36,CBF&CBL
DE000A2TSTR0,"EUR 0,875 KFW (REGS) 19-2",4.02,CBF&CBL
AT0000A367F4,"EUR 3,625 RAIF.LBK.OBEROS",0.42,CBF&CBL
XS2749537481,"EUR 3,20 INTL.DEVEL..ASSO",4.20,CBF&CBL
DE000BU4Z086,"EUR 0,00 BUNDES DEUTSCH 2",3.08,CBF&CBL
DE000A4DFSN8,"EUR FL.R NIEDERSACHSEN LA",0.52,CBF&CBL
XS3237640183,"EUR 2,625 NORDEA MORTGAGE",1.58,CBF&CBL
EU000A2SCAW0,"EUR 2,375 EFSF (REGS) 26-",1.65,CBF&CBL
ES0L02705074,"EUR 0,00 SPAIN, KINGDOM O",0.27,CBF&CBL
XS2416563901,"EUR 0,125 COOP RABOBK UA ",1.66,CBF&CBL
DE000NWB0AS6,"EUR 2,50 NRW.BANK (REGS/9",4.21,CBF&CBL
XS2536376416,"EUR 2,50 SPAREBANKEN NOR ",0.36,CBF&CBL
XS2585966505,"EUR 3,00 ING BANK N.V. (R",1.89,CBF&CBL
DE000CZ439N1,"EUR 2,75 COMMERZBK AG (RE",0.36,CBF&CBL
FR0000571176,"EUR 0,00 FRANCE (OAT STRI",0.12,CBF&CBL
BE0002641224,"EUR 1,419 BRUSSELS, REG. ",9.81,CBF&CBL
FR0014001ZD3,"EUR 0,125 CAISSE FCSE DE ",2.98,CBF&CBL
EU000A2SCAB4,"EUR 0,875 EFSF (REGS) 22-",1.38,CBF&CBL
DE0001143931,"EUR 0,00 BUNDES DEUTSCH 2",2.04,CBF&CBL
DE000A30V5D1,"EUR 3,00 NIEDERSACHSEN LA",1.79,CBF&CBL
DE000A460QB0,"EUR 3,125 LAND SACHSEN AN",2.97,CBF&CBL
FR0010810010,"EUR 0,00 FRANCE (OAT STRI",2.34,CBF&CBL
DE000NWB18S4,"EUR 0,55 NRW.BANK 19-2035",3.93,CBF&CBL
DE000BLB6JM4,"EUR 0,20 BAYERISCH.LANDES",1.29,CBF&CBL
SI0002105136,"EUR 0,00 SLOVENIA REP.OF ",0.86,CBF&CBL
DE000A4R2L42,"EUR 2,125 KFW (REGS) 25-2",0.71,CBF&CBL
FR0129287324,"EUR 0,00 FRANCE (BTF) 25-",0.04,CBF&CBL
ES0000012S22,"EUR 3,400000 SPAIN, KINGD",3.28,CBF&CBL
DE000NRW0FS7,"EUR FL.R NORDRHEIN-WESTFA",1.99,CBF&CBL
DE0001102440,"EUR 0,50 BUNDES DEUTSCH (",0.28,CBF&CBL
BE0008582463,"EUR 0,00 BELGIUM, KINGDOM",24.24,CBF&CBL
FR0014007QS7,"EUR 0,01 BPCE SFH (REGS) ",0.36,CBF&CBL
XS2865535590,"EUR 2,90 ASIAN DEV.BK 24-",2.13,CBF&CBL
FR001400WSS7,"EUR 3,00 BPCE SFH (REGS) ",1.65,CBF&CBL
DE0001142214,"EUR 0,00 BRD 03-2034",1.84,CBF&CBL
BE0002703842,"EUR 0,875 VLAAMS GEMEENSC",10.45,CBF&CBL
FR001400UO51,"EUR 3,30 CREDIT MUT ARK S",1.83,CBF&CBL
DE000NLB5EY8,"EUR 2,375 NORD/LB GZ (REG",1.04,CBF&CBL
DE000A1MA6F4,"EUR FL.R SAARLAND 14-2029",0.38,CBF&CBL
SI0002104873,"EUR 3,50 SLOVENIA REP.OF ",12.78,CBF&CBL
XS3383867374,"EUR 3,625 INTL.DEVEL..ASS",3.67,CBF&CBL
NL00150744Z5,"EUR 0,00 DUTCH STATE 2711",0.39,CBF&CBL
XS1753042743,"EUR 1,50 EUROP.INVEST.BK ",3.87,CBF&CBL
FR0013312956,"EUR 1,787 CAISSE DES DEPO",10.17,CBF&CBL
XS2482628851,"EUR 1,625 EIKA BOLIGKREDI",1.27,CBF&CBL
DE0001053734,"EUR 3,449 BAYERN, FREISTA",4.18,CBF&CBL
DE000LFA2345,"EUR 2,625 LFA FRDRBK.BAYE",0.80,CBF&CBL
FR001400XS05,"EUR FL.R COMP.FINA.FONCIE",1.19,CBF&CBL
EU000A1G0D05,"EUR 1,45 EFSF (REGS) 17-2",7.97,CBF&CBL
DE000A2E4DZ1,"EUR 0,35 LAND SACHSEN ANH",0.79,CBF&CBL
FR001400KFO8,"EUR 3,375 CREDIT AGR HOME",0.68,CBF&CBL
BE0312820922,"EUR 0,00 BELGIUM, KINGDOM",0.69,CBF&CBL
ES0000012B21,"EUR 0,00 SPAIN, KINGDOM O",0.48,CBF&CBL
DE000A4DFC24,"EUR 2,625 GEMEINSAME BUND",1.14,CBF&CBL
DE000NWB2UT8,"EUR 0,00 NRW.BANK (1083) ",10.31,CBF&CBL
DE000WBP0BS2,"EUR 3,00 WUESTENROT BSPK ",2.15,CBF&CBL
DE0001135325,"EUR 4,25 BUNDES DEUTSCH (",2.14,CBF&CBL
BE0002500750,"EUR 0,75 KBC BANK NV (REG",0.38,CBF&CBL
AT0000A204U8,"EUR 1,675 NIEDEROESTERREI",2.81,CBF&CBL
FR0013459047,"EUR 0,01 BPCE SFH (REGS) ",0.36,CBF&CBL
DE000BHY0C47,"EUR 0,01 LBK BADEN-WUERTT",1.54,CBF&CBL
XS2580868482,"EUR 2,50 NORDIC INVEST.BK",0.77,CBF&CBL
DE000A3823L6,"EUR 2,625 NIEDERSACHSEN L",2.06,CBF&CBL
BE0000360694,"EUR 2,85 BELGIUM, KINGDOM",4.67,CBF&CBL
DE000A352QK0,"EUR 2,158 L-BANK 25-2028",0.87,CBF&CBL
DE000CZ46CD1,"EUR 3,125 COMMERZBK AG (R",1.86,CBF&CBL
BE0000320292,"EUR 4,25 BELGIUM, KINGDOM",6.73,CBF&CBL
ES00000120V3,"EUR 0,00 SPAIN, KINGDOM O",4.64,CBF&CBL
DE000A14J3D2,"EUR FL.R LAND BERLIN (REG",0.92,CBF&CBL
FR0013154028,"EUR 1,75 FRANCE (REGS OAT",4.81,CBF&CBL
DE000LFA1883,"EUR 0,01 LFA FRDRBK.BAYER",2.50,CBF&CBL
XS2711420054,"EUR 3,50 LANDESBANK HESS-",0.36,CBF&CBL
DE000MHB39J2,"EUR 3,00 MUENCHENER HYPOB",1.61,CBF&CBL
XS1622193321,"EUR 1,25 COOP RABOBK UA (",1.77,CBF&CBL
BE0002843242,"EUR 1,40 BRUSSELS, REG. O",12.21,CBF&CBL
SK4000022547,"EUR 4,00 SLOVAK, REP. (RE",9.06,CBF&CBL
FI4000571104,"EUR 3,00 FINLAND REP.OF 2",3.57,CBF&CBL
DE000A352AF4,"EUR 2,50 LAND SACHSEN ANH",0.66,CBF&CBL
DE000A3H2580,"EUR 2,75 BADEN-WUERTTEMBE",2.13,CBF&CBL
NL0000102234,"EUR 4,00 DUTCH STATE (REG",2.87,CBF&CBL
BE0002726074,"EUR 0,80 COMMUNAUT FRANCA",12.14,CBF&CBL
DE000A3H3ES2,"EUR 0,01 NIEDERSACHSEN LA",1.47,CBF&CBL
DE000SHFM915,"EUR FL.R SCHLESWIG-HOLSTE",0.34,CBF&CBL
DE0001053569,"EUR 0,01 BAYERN, FREISTAA",3.29,CBF&CBL
XS2364756036,"EUR 0,00 INTL.DEVEL..ASSO",1.80,CBF&CBL
DE000A30VUK5,"EUR 2,75 KFW (REGS) 23-20",0.57,CBF&CBL
EU000A2SCAL3,"EUR 3,50 EFSF (REGS) 23-2",1.77,CBF&CBL
BE0390104678,"EUR 3,07 BRUSSELS, REG. O",4.41,CBF&CBL
DE0001053940,"EUR 2,375 BAYERN, FREISTA",1.45,CBF&CBL
DE000BU25067,"EUR 2,50 BUNDES DEUTSCH 2",0.99,CBF&CBL
BE6265365385,"EUR 3,35 COMMUNAUT FRANCA",8.17,CBF&CBL
BE0000335449,"EUR 1,00 BELGIUM, KINGDOM",3.17,CBF&CBL
DE000NWB0AD8,"EUR 0,375 NRW.BANK (REGS)",0.50,CBF&CBL
DE000NRW0N75,"EUR 4,69 NORDRHEIN-WESTFA",0.70,CBF&CBL
DE000A14JY96,"EUR 1,125 BADEN-WUERTTEMB",4.23,CBF&CBL
XS2062986422,"EUR 0,00 OEST.KONTROLLBK ",0.56,CBF&CBL
DE000A289RK2,"EUR 0,00 KFW (REGS) 20-20",1.55,CBF&CBL
BE0008531924,"EUR 0,00 BELGIUM, KINGDOM",10.77,CBF&CBL
DE000NRW0HA1,"EUR 1,605 NORDRHEIN-WESTF",1.99,CBF&CBL
AT0000A2A6W3,"EUR 0,01 ERSTE GR.BK AG (",1.05,CBF&CBL
DE000NRW0MJ2,"EUR 0,375 NORDRHEIN-WESTF",7.44,CBF&CBL
DE000A2TSDW4,"EUR 0,01 DZ HYP AG (REGS)",0.36,CBF&CBL
XS2526846469,"EUR 2,375 RAIF.LBK NIEDER",1.79,CBF&CBL
FR001400ILH4,"EUR 3,175 LA BANQUE POSTA",0.95,CBF&CBL
ES0000012P90,"EUR 2,35 SPAIN, KINGDOM O",1.23,CBF&CBL
BE0000368770,"EUR 3,10 BELGIUM, KINGDOM",3.15,CBF&CBL
ES0000012411,"EUR 5,75 SPAIN, KINGDOM O",2.31,CBF&CBL
FR0014008181,"EUR 0,10 FRANCE (OAT) 22-",12.49,CBF&CBL
XS2630524713,"EUR 3,125 DEXIA S.A (REGS",5.00,CBF&CBL
DE000A2BPJ86,"EUR 0,625 DEUT.GENOSS-HYP",0.36,CBF&CBL
FR0013410008,"EUR 0,50 UNEDIC (REGS) 19",1.13,CBF&CBL
DE000A352BT3,"EUR 3,375 DEUTSCHE BANK A",0.95,CBF&CBL
DE000A383TE2,"EUR 2,75 KFW (REGS) 25-20",2.67,CBF&CBL
EU000A4E0858,"EUR 0,00 EUROPEAN UNION (",0.89,CBF&CBL
FR0010809558,"EUR 0,00 FRANCE (OAT STRI",5.22,CBF&CBL
DE000RLP1270,"EUR 0,375 RHEINLAND-PFALZ",6.42,CBF&CBL
DE000A351P20,"EUR 3,00 GEMEINSAME BUNDE",1.18,CBF&CBL
EU000A4D6KN5,"EUR 2,375 EUROP.INVEST.BK",0.81,CBF&CBL
XS3325285214,"EUR 3,125 LANDWIRT.RENTEN",2.95,CBF&CBL
FR0010482695,"EUR 0,00 FRANCE (OAT STRI",7.75,CBF&CBL
ES0000012A55,"EUR 0,00 SPAIN, KINGDOM O",11.19,CBF&CBL
FR0013469368,"EUR 2,815 BNP PARIBAS HOM",0.79,CBF&CBL
NL0014555419,"EUR 0,00 DUTCH STATE 20-2",1.47,CBF&CBL
DE000A289LD0,"EUR 0,01 LAND BERLIN 20-2",0.82,CBF&CBL
DE000A30V349,"EUR FL.R BREMEN HANSTADT ",0.34,CBF&CBL
DE000LFA2113,"EUR 3,00 LFA FRDRBK.BAYER",1.15,CBF&CBL
FR001400JM58,"EUR 3,398 CREDIT AGRICOLE",0.94,CBF&CBL
DE000A4DFKT2,"EUR 3,25 DZ HYP AG (REGS)",2.69,CBF&CBL
BE6323704807,"EUR 0,8175 COMMUNAUT FRAN",12.46,CBF&CBL
XS2986727316,"EUR 2,625 DNB BOLIGKREDIT",1.15,CBF&CBL
DE000A383U58,"EUR FL.R SAARLAND 26-2034",0.84,CBF&CBL
XS3523062746,"EUR 0,00 AUSTRIA, REP.OF ",0.54,CBF&CBL
FR0014015JW7,"EUR 3,25 CADES (REGS) 26-",2.69,CBF&CBL
DE0001143360,"EUR 0,00 BRD (STRIP CPN) ",1.60,CBF&CBL
ES00000126J5,"EUR 0,00 SPAIN, KINGDOM O",3.12,CBF&CBL
BE0000340498,"EUR 2,15 BELGIUM, KINGDOM",11.93,CBF&CBL
EU000A1G0AT6,"EUR 3,375 EFSF (REGS) 12-",5.82,CBF&CBL
XS2555166128,"EUR 3,00 LANDWIRT.RENTENB",2.60,CBF&CBL
DE000A4DFCH4,"EUR FL.R BAUSPARK. SCHWA ",1.47,CBF&CBL
DE000A3H2523,"EUR FL.R BADEN-WUERTTEMBE",0.49,CBF&CBL
DE000A5H3DJ1,"EUR 3,375 LAND BERLIN (RE",2.94,CBF&CBL
FR0014003RH7,"EUR 0,125 BPCE SFH (REGS)",1.49,CBF&CBL
DE000HCB0BN7,"EUR 2,00 HAMBURG COM BK (",0.36,CBF&CBL
FR0010172593,"EUR 0,00 FRANCE (OAT STRI",5.72,CBF&CBL
ES00000120P5,"EUR 0,00 SPAIN, KINGDOM O",3.07,CBF&CBL
DE000NWB17Y4,"EUR 0,625 NRW.BANK (REGS)",0.55,CBF&CBL
DE000CZ40MB7,"EUR FL.R COMMERZBK AG (RE",0.36,CBF&CBL
BE6329647091,"EUR 0,175 COMMUNAUT FRANC",3.41,CBF&CBL
DE0001030740,"EUR 1,30 BUNDES DEUTSCH (",0.23,CBF&CBL
DE000LB389C8,"EUR 3,50 LBK BADEN-WUERTT",0.36,CBF&CBL
DE000A30V273,"EUR 2,625 INVESTITIONSBK ",2.12,CBF&CBL
FR0014012BB5,"EUR FL.R CREDIT AGR HOME ",2.03,CBF&CBL
FR0014015MU5,"EUR 4,10 BANQUE DE FRANCE",3.10,CBF&CBL
FR0012033827,"EUR FL.R CAISSE DES DEPOT",1.35,CBF&CBL
XS1508585772,"EUR 0,625 IBRD-WORLD BANK",1.35,CBF&CBL
BE0002759406,"EUR 0,453 BRUSSELS, REG. ",15.28,CBF&CBL
FR001400BKZ3,"EUR 2,00 FRANCE (REGS OAT",1.38,CBF&CBL
DE000HEL4BP0,"EUR FL.R LANDESBANK HESS-",0.35,CBF&CBL
XS2487057106,"EUR 1,375 SWEDBANK MORTGA",0.36,CBF&CBL
DE000RLP1585,"EUR FL.R RHEINLAND-PFALZ ",0.38,CBF&CBL
DE000RLP1692,"EUR 2,75 RHEINLAND-PFALZ ",0.61,CBF&CBL
ES00000127X4,"EUR 0,00 SPAIN, KINGDOM O",1.85,CBF&CBL
DE000A2G8W40,"EUR 1,20 BREMEN HANSTADT ",2.17,CBF&CBL
XS2194373077,"EUR 0,01 SR-BOLIGKREDITT ",0.36,CBF&CBL
BE0002725068,"EUR 0,731 BRUSSELS, REG. ",14.80,CBF&CBL
XS2400299363,"EUR 0,70 IBRD-WORLD BANK ",3.99,CBF&CBL
DE000MHB29J3,"EUR 0,125 MUENCHENER HYPO",0.83,CBF&CBL
FR001400MP84,"EUR FL.R SOC.GEN.SCF 23-2",7.50,CBF&CBL
DE000NWB1AX4,"EUR FL.R NRW.BANK 05-2035",2.09,CBF&CBL
DE000LFA1768,"EUR 1,125 LFA FRDRBK.BAYE",2.81,CBF&CBL
BE0000351602,"EUR 0,00 BELGIUM, KINGDOM",0.72,CBF&CBL
DE000A1YC7S9,"EUR 2,255 LAND BERLIN (RE",0.72,CBF&CBL
DE0003811600,"EUR 0,00 BUNDES DEUTSCH (",3.59,CBF&CBL
DE000A1RQC02,"EUR 0,75 HESSEN LAND (REG",3.42,CBF&CBL
EU000A1Z99R5,"EUR 3,00 ESM (REGS) 23-20",0.35,CBF&CBL
EU000A4ENP68,"EUR 2,375 EUROPEAN UNION ",0.67,CBF&CBL
NL0015074E19,"EUR 3,75 DUTCH STATE 26-2",4.86,CBF&CBL
FR0011317783,"EUR 2,75 FRANCE (REGS OAT",0.23,CBF&CBL
BE0002609874,"EUR 1,80 BRUSSELS, REG. O",10.37,CBF&CBL
ES0000012J15,"EUR 0,00 SPAIN, KINGDOM O",0.15,CBF&CBL
AT000B078845,"EUR FL.R RAIF.LBK NIEDERO",0.35,CBF&CBL
XS3307432800,"EUR FL.R LAND SACHSEN ANH",0.49,CBF&CBL
XS3521546526,"EUR 0,00 AUSTRIA, REP.OF ",0.54,CBF&CBL
FR0012039923,"EUR 2,452 CAISSE DES DEPO",4.79,CBF&CBL
AT0000A269M8,"EUR 0,50 AUSTRIA, REP.OF ",1.29,CBF&CBL
FR0013446598,"EUR 0,01 CREDIT AGRICOLE ",0.69,CBF&CBL
XS2975280509,"EUR 3,00 POLAND, REP.OF (",2.69,CBF&CBL
BE0001744953,"EUR 2,317 VLAAMS GEMEENSC",9.10,CBF&CBL
DE000A3MP7H9,"EUR 0,00 KFW (REGS) 22-20",0.39,CBF&CBL
EU000A3LZ0X9,"EUR 3,375 EUROPEAN UNION ",2.42,CBF&CBL
DE000A352AQ1,"EUR 2,00 LAND SACHSEN ANH",0.50,CBF&CBL
XS3356129810,"EUR FL.R IBRD-WORLD BANK ",0.38,CBF&CBL
EU000A4EG021,"EUR 2,50 EUROPEAN UNION (",0.88,CBF&CBL
BE0008521826,"EUR 0,00 BELGIUM, KINGDOM",4.97,CBF&CBL
IE00BKFVC568,"EUR 0,20 IRELAND, REP OF ",0.61,CBF&CBL
DE000A3MQUU9,"EUR 1,25 GEMEINSAME BUNDE",0.88,CBF&CBL
DE000NWB2UY8,"EUR FL.R NRW.BANK (REGS/1",0.87,CBF&CBL
DE000HV2A2U7,"EUR 3,25 UNICREDIT BANK (",1.76,CBF&CBL
DE0001030575,"EUR FL.R BUNDES DEUTSCH (",7.53,CBF&CBL
DE0003811642,"EUR 0,00 BUNDES DEUTSCH (",4.55,CBF&CBL
BE0008543077,"EUR 0,00 BELGIUM, KINGDOM",16.84,CBF&CBL
DE000RLP0942,"EUR 0,70 RHEINLAND-PFALZ ",0.45,CBF&CBL
FR0013348802,"EUR 0,875 CREDIT AGRICOLE",0.66,CBF&CBL
DE000A2NB841,"EUR 0,875 DZ HYP AG (REGS",2.35,CBF&CBL
DE000SHFM709,"EUR 0,20 SCHLESWIG-HOLSTE",3.66,CBF&CBL
DE000HLB4348,"EUR FL.R LANDESBANK HESS-",0.35,CBF&CBL
EU000A4EUY43,"EUR 3,125 EUROPEAN UNION ",1.46,CBF&CBL
XS3481545088,"EUR 3,25 LANDWIRT.RENTENB",2.24,CBF&CBL
FR0010172577,"EUR 0,00 FRANCE (OAT STRI",5.22,CBF&CBL
ES00000121S7,"EUR 4,70 SPAIN, KINGDOM O",3.83,CBF&CBL
BE0008551153,"EUR 0,00 BELGIUM, KINGDOM",20.87,CBF&CBL
DE000A1KRJU8,"EUR 1,00 ING DIBA AG (REG",3.54,CBF&CBL
XS2806483611,"EUR 2,935 NORDIC INVEST.B",0.13,CBF&CBL
XS3401900173,"EUR 3,125 KOMERCNI BANKA ",2.21,CBF&CBL
DE000NRW0KM0,"EUR 1,75 NORDRHEIN-WESTFA",6.71,CBF&CBL
SK4120015173,"EUR 0,75 SLOVAK, REP. (RE",2.92,CBF&CBL
XS2308323661,"EUR 0,20 EUROP.INVEST.BK ",1.96,CBF&CBL
BE0000362716,"EUR 2,70 BELGIUM, KINGDOM",2.04,CBF&CBL
DE000A3513Z3,"EUR FL.R LAND BERLIN 25-2",0.49,CBF&CBL
BE0002668490,"EUR 1,016 BRUSSELS, REG. ",13.29,CBF&CBL
DE000SCB0070,"EUR 3,00 DEUTSCHE KREDITB",3.33,CBF&CBL
DE000AAR0462,"EUR 2,75 AAREAL BK AG. (R",1.38,CBF&CBL
SK4000029237,"EUR 3,25 VSEOB. UVEROVA B",1.81,CBF&CBL
AT0000A17ZZ3,"EUR FL.R ERSTE GR.BK AG (",0.35,CBF&CBL
FR0013234515,"EUR 0,00 FRANCE (OAT STRI",0.15,CBF&CBL
DE000NWB0AK3,"EUR 0,10 NRW.BANK (REGS/8",4.00,CBF&CBL
DE000A30WFU3,"EUR 1,75 DT. PFANDBRIEFBA",0.37,CBF&CBL
DE000CZ45ZE2,"EUR FL.R COMMERZBK AG (RE",0.35,CBF&CBL
DE000A4M7VR1,"EUR 2,375 L-BANK (REGS/57",1.81,CBF&CBL
FR0014014HZ7,"EUR 3,075 CAISSE DES DEPO",2.97,CBF&CBL
FI4000550249,"EUR 3,00 FINLAND REP.OF 2",3.18,CBF&CBL
XS3208025398,"EUR 0,00 EBRD 25-2075",11.71,CBF&CBL
BE0002744259,"EUR 0,40 VLAAMS GEMEENSCH",10.32,CBF&CBL
AT0000A2VXQ0,"EUR 1,625 HYPO NOE LANDES",0.96,CBF&CBL
FI4000523238,"EUR 1,50 FINLAND REP.OF 2",2.86,CBF&CBL
XS2577836187,"EUR 2,875 COOPERATIEVE RA",1.88,CBF&CBL
DE000A1RQEQ4,"EUR FL.R HESSEN LAND 24-2",0.39,CBF&CBL
DE000BU4Z128,"EUR 0,00 BUNDES DEUTSCH 2",6.84,CBF&CBL
ES0000012D37,"EUR 0,00 SPAIN, KINGDOM O",8.68,CBF&CBL
DE000MHB32J7,"EUR 3,00 MUENCHENER HYPOB",0.36,CBF&CBL
ES0000012L78,"EUR 3,55 SPAIN, KINGDOM O",2.74,CBF&CBL
FR0013369667,"EUR 1,00 LA BANQUE POSTAL",0.71,CBF&CBL
XS2445188852,"EUR 1,00 ING BANK N.V. (R",2.97,CBF&CBL
FR001400F281,"EUR 3,00 CRH (REGS) 23-20",1.13,CBF&CBL
DE000NWB0AU2,"EUR 3,00 NRW.BANK (REGS/1",1.75,CBF&CBL
NL0015001XZ6,"EUR 2,50 DUTCH STATE 24-2",2.51,CBF&CBL
XS3074424188,"EUR 2,375 LANDESBANK HESS",0.92,CBF&CBL
DE0001142032,"EUR 0,00 BRD (STRIP PRINC",0.17,CBF&CBL
FR0010172296,"EUR 0,00 FRANCE (OAT STRI",3.09,CBF&CBL
SK4120011420,"EUR 1,625 SLOVAK, REP. 16",3.51,CBF&CBL
FR0013480613,"EUR 0,75 FRANCE (REGS OAT",4.85,CBF&CBL
XS2404591161,"EUR 0,05 SPAREBNK 1 BOLIK",0.74,CBF&CBL
BE0002741222,"EUR 0,46 BRUSSELS, REG. O",13.84,CBF&CBL
DE000A14JZR8,"EUR 0,125 BADEN-WUERTTEMB",4.77,CBF&CBL
XS2324321368,"EUR 0,05 OP MORTGAGE BK (",1.60,CBF&CBL
XS2411638575,"EUR 0,125 NIBC BANK NV. (",1.48,CBF&CBL
FR001400GI73,"EUR 3,375 COMP.FINA.FONCI",1.49,CBF&CBL
DE000RLP1411,"EUR 2,75 RHEINLAND-PFALZ ",1.16,CBF&CBL
BE0002965466,"EUR 3,625 VLAAMS GEMEENSC",1.91,CBF&CBL
XS2887903966,"EUR 2,375 KFW (REGS) 24-2",1.15,CBF&CBL
DE000A3MQTR7,"EUR FL.R HAMBURG HANSESTA",0.39,CBF&CBL
DE000HV2ATM6,"EUR 0,01 UNICREDIT BANK (",0.70,CBF&CBL
EU000A2SCAC2,"EUR 2,375 EFSF (REGS) 22-",3.66,CBF&CBL
XS2613838296,"EUR 3,125 OP MORTGAGE BK ",0.80,CBF&CBL
BE0008062110,"EUR 0,00 BELGIUM, KINGDOM",0.69,CBF&CBL
DE000A2G8W65,"EUR 1,00 BREMEN HANSTADT ",3.40,CBF&CBL
DE000A2LQPE7,"EUR 0,30 HAMBURG HANSESTA",6.40,CBF&CBL
BE6339594622,"EUR FL.R BRUSSELS, REG. O",1.43,CBF&CBL
DE000NRW0AM1,"EUR 3,50 NORDRHEIN-WESTFA",4.84,CBF&CBL
DE000CZ45W99,"EUR 2,25 COMMERZBK AG (RE",1.80,CBF&CBL
DE000A30V8H6,"EUR 2,875 BAUSPARK. SCHWA",1.72,CBF&CBL
DE000NWB1W51,"EUR 3,00 NRW.BANK 24-2039",4.57,CBF&CBL
DE000HV2A0A3,"EUR 3,125 UNICREDIT BANK ",0.49,CBF&CBL
ES0000012O18,"EUR 1,15 SPAIN, KINGDOM O",5.10,CBF&CBL
XS0691970601,"EUR 3,50 OEBB INFRASTRUKT",0.41,CBF&CBL
DE000A2G8V17,"EUR 0,75 NIEDERSACHSEN LA",0.47,CBF&CBL
DE000NWB2LC3,"EUR 0,65 NRW.BANK (REGS/7",4.56,CBF&CBL
FR0013514742,"EUR 0,3225 CAISSE DES DEP",5.72,CBF&CBL
EU000A2SCAJ7,"EUR 3,00 EFSF (REGS) 23-2",2.59,CBF&CBL
FR001400QMF9,"EUR 3,00 FRANCE (BTF) 24-",1.70,CBF&CBL
FR0013310018,"EUR 1,125 CAISSE FCSE DE ",1.96,CBF&CBL
FR001400NIS7,"EUR 3,00 CREDIT MUTUEL H ",1.48,CBF&CBL
EU000A1Z0AW7,"EUR 0,519 EUROPEAN UNION ",0.36,CBF&CBL
EU000A1G0DY0,"EUR 0,875 EFSF (REGS) 17-",0.72,CBF&CBL
NL00150012X2,"EUR 2,00 DUTCH STATE 22-2",6.39,CBF&CBL
FR001400HI98,"EUR 2,75 FRANCE (REGS OAT",0.55,CBF&CBL
DE000BU4K088,"EUR 0,00 BUNDES DEUTSCH 2",6.83,CBF&CBL
BE6319922819,"EUR 0,00 BELGIUM, KINGDOM",0.69,CBF&CBL
BE0002674555,"EUR 0,72 BRUSSELS, REG. O",13.06,CBF&CBL
XS2389315768,"EUR 0,01 LANSFORSAKRINGAR",0.71,CBF&CBL
BE0001765198,"EUR 1,00 VLAAMS GEMEENSCH",4.02,CBF&CBL
XS1793273092,"EUR 0,875 LANDESBANK HESS",0.52,CBF&CBL
XS2711350848,"EUR 3,80 INTL.DEVEL..ASSO",5.27,CBF&CBL
XS2834475704,"EUR 3,125 DNB BOLIGKREDIT",1.58,CBF&CBL
DE000A383GE9,"EUR 2,625 MECKLENBURG-VOR",1.97,CBF&CBL
DE000BU4Z151,"EUR 0,00 BUNDES DEUTSCH 2",2.24,CBF&CBL
FR0014016QT6,"EUR 2,625 CREDIT MUTUEL H",1.51,CBF&CBL
ES00000120O8,"EUR 0,00 SPAIN, KINGDOM O",4.79,CBF&CBL
DE0001143469,"EUR 0,00 BUNDES DEUTSCH (",3.77,CBF&CBL
DE000NRW0F75,"EUR FL.R NORDRHEIN-WESTFA",0.82,CBF&CBL
ES0000012A06,"EUR 0,00 SPAIN, KINGDOM O",9.75,CBF&CBL
DE0001143386,"EUR 0,00 BUNDES DEUTSCH (",2.10,CBF&CBL
BE0002695766,"EUR 1,10 BRUSSELS, REG. O",14.34,CBF&CBL
DE000A3MQUX3,"EUR 2,50 DZ HYP AG (REGS)",1.58,CBF&CBL
FR001400OCT6,"EUR 3,00 CREDIT AGR HOME ",1.42,CBF&CBL
XS3364644396,"EUR 1,00 ING BANK N.V. 26",1.94,CBF&CBL
FR0013210515,"EUR 0,00 FRANCE (OAT STRI",4.91,CBF&CBL
BE0002623040,"EUR 1,99 BRUSSELS, REG. O",10.68,CBF&CBL
EU000A3K4EG9,"EUR 3,125 EUROP.INVEST.BK",1.99,CBF&CBL
DE000A4MS0T5,"EUR FL.R AAREAL BK AG. 25",0.62,CBF&CBL
DE000SHFM1H2,"EUR FL.R SCHLESWIG-HOLSTE",0.47,CBF&CBL
XS1626141698,"EUR 0,75 OP MORTGAGE BK (",0.36,CBF&CBL
DE0003811667,"EUR 0,00 BUNDES DEUTSCH (",4.86,CBF&CBL
FR0013508231,"EUR 0,345 BNP PARIBAS HOM",0.90,CBF&CBL
FR00140004Q9,"EUR 0,01 MMB SCF (REGS) 2",1.44,CBF&CBL
DE000LFA2188,"EUR 2,75 LFA FRDRBK.BAYER",0.50,CBF&CBL
AT0000A33MP9,"EUR 3,125 ERSTE GR.BK AG ",0.36,CBF&CBL
DE000LFA2451,"EUR 2,25 LFA FRDRBK.BAYER",0.38,CBF&CBL
XS2289130226,"EUR 0,00 DEXIA S.A (REGS)",5.00,CBF&CBL
DE000NWB0AL1,"EUR 0,00 NRW.BANK (REGS/8",2.16,CBF&CBL
EU000A1Z99P9,"EUR 0,01 ESM (REGS) 21-20",1.13,CBF&CBL
FR001400FWP0,"EUR 3,00 BPCE SFH (REGS) ",1.05,CBF&CBL
BE0002979608,"EUR 4,25 BRUSSELS, REG. O",9.60,CBF&CBL
DE000A4DFHD2,"EUR 2,75 SPARKASSE HANNOV",1.70,CBF&CBL
ES0000012G34,"EUR 1,25 SPAIN, KINGDOM O",1.82,CBF&CBL
BE0002750314,"EUR FL.R COMMUNAUT FRANCA",1.31,CBF&CBL
DE000A3H2507,"EUR 2,625 BADEN-WUERTTEMB",2.74,CBF&CBL
XS3276183426,"EUR 3,375 BAWAG (AT) (REG",2.87,CBF&CBL
ES00000122W7,"EUR 0,00 SPAIN, KINGDOM O",4.92,CBF&CBL
FR0013262961,"EUR 0,625 LA BANQUE POSTA",0.36,CBF&CBL
XS1828037587,"EUR 1,375 TENNET NETHERLA",5.00,CBF&CBL
XS2380748439,"EUR 0,01 BAWAG (AT) (REGS",1.04,CBF&CBL
DE000A30V356,"EUR 3,00 BREMEN HANSTADT ",1.83,CBF&CBL
FR001400OUR2,"EUR 2,875 CRH (REGS) 24-2",1.52,CBF&CBL
FR001400XJJ3,"EUR 3,75 FRANCE (OAT) 25-",3.78,CBF&CBL
DE000A352AK4,"EUR 2,125 LAND SACHSEN AN",0.50,CBF&CBL
DE000A5H3DG7,"EUR FL.R LAND BERLIN 26-2",2.29,CBF&CBL
DE000CZ40MQ5,"EUR 0,875 COMMERZBK AG (R",0.55,CBF&CBL
XS1960361720,"EUR 2,00 POLAND, REP.OF (",12.42,CBF&CBL
FI4000440557,"EUR 0,25 FINLAND REP.OF (",6.47,CBF&CBL
DE000A2LQPG2,"EUR FL.R HAMBURG HANSESTA",0.38,CBF&CBL
DE000HV2AX54,"EUR 0,01 UNICREDIT BANK (",2.98,CBF&CBL
DE000LB38077,"EUR 2,375 LBK BADEN-WUERT",0.36,CBF&CBL
DE000NWB0AT4,"EUR 2,875 NRW.BANK (REGS/",2.77,CBF&CBL
DE000RLP1130,"EUR 0,25 RHEINLAND-PFALZ ",0.91,CBF&CBL
BE6316942117,"EUR FL.R BELGIUM, KINGDOM",11.28,CBF&CBL
DE000NRW0PB2,"EUR 3,40 NORDRHEIN-WESTFA",4.41,CBF&CBL
XS2808184969,"EUR XXX ING BANK N.V. (RE",1.93,CBF&CBL
FR001400UR25,"EUR 3,083 CREDIT AGRICOLE",3.25,CBF&CBL
FR001400WXW9,"EUR 3,00 CREDIT MUTU ARKE",1.74,CBF&CBL
DE000BU3Z047,"EUR 2,50 BUNDES DEUTSCH 2",1.61,CBF&CBL
FR0129704179,"EUR 0,00 BANQUE DE FRANCE",0.15,CBF&CBL
FR001400DCH4,"EUR 3,00 CAISSE DES DEPOT",0.82,CBF&CBL
XS2577109049,"EUR 2,90 IBRD-WORLD BANK ",1.30,CBF&CBL
DE000DKB0564,"EUR 3,25 DEUTSCHE KREDITB",4.16,CBF&CBL
FR0014001368,"EUR 0,00 BNP PARIBAS HOME",0.42,CBF&CBL
XS2462455689,"EUR 0,75 SEB (REGS/319) 2",0.36,CBF&CBL
DE000A4DE9Z0,"EUR 2,45 LAND SACHSEN ANH",1.31,CBF&CBL
AT0000A3SXX0,"EUR 3,50 NIEDEROESTERREIC",3.28,CBF&CBL
BE0390368406,"EUR 3,30 KBC BANK NV (REG",2.00,CBF&CBL
BE0008077266,"EUR 0,00 BELGIUM, KINGDOM",8.90,CBF&CBL
SI0002103487,"EUR 1,50 SLOVENIA REP.OF ",6.34,CBF&CBL
EU000A1G0DN3,"EUR 2,00 EFSF (REGS) 17-2",12.48,CBF&CBL
DE0001030724,"EUR 0,00 BUNDES DEUTSCH (",4.80,CBF&CBL
DE000A3E5UY4,"EUR 0,01 DZ HYP AG (REGS)",0.36,CBF&CBL
DE000A30V9J0,"EUR 3,125 KFW (REGS) 23-2",1.39,CBF&CBL
DE000BU4Z060,"EUR 0,00 BUNDES DEUTSCH 2",6.23,CBF&CBL
FR001400XFS2,"EUR 2,75 CRH (REGS) 25-20",1.63,CBF&CBL
DE000BU22148,"EUR 2,70 BUNDES DEUTSCH 2",0.51,CBF&CBL
BE0008532930,"EUR 0,00 BELGIUM, KINGDOM",11.35,CBF&CBL
FR0013088432,"EUR 1,50 CAISSE FCSE DE (",1.49,CBF&CBL
DE000A168023,"EUR 1,00 LAND BERLIN 16-2",2.00,CBF&CBL
DE000A2E4X14,"EUR 0,50 THUERINGEN, FREI",0.34,CBF&CBL
BE0002721026,"EUR 0,765 BRUSSELS, REG. ",13.19,CBF&CBL
DE000A3E5KB3,"EUR 0,25 NIEDERSACHSEN LA",2.90,CBF&CBL
FR0014001N38,"EUR 0,10 FRANCE (OAT) 21-",2.62,CBF&CBL
DE000A3828H3,"EUR 2,625 INVESTITIONSBK ",0.63,CBF&CBL
EU000A1Z99W5,"EUR 2,75 ESM (REGS) 25-20",1.64,CBF&CBL
SK4000019857,"EUR 1,00 SLOVAK, REP. (RE",14.82,CBF&CBL
FR001400CVE3,"EUR 2,75 CADES (REGS) 22-",2.54,CBF&CBL
ES0000012N43,"EUR 3,10 SPAIN, KINGDOM O",2.01,CBF&CBL
DE000A3H26B2,"EUR 3,50 BADEN-WUERTTEMBE",3.95,CBF&CBL
SI0002103776,"EUR 1,00 SLOVENIA REP.OF ",1.21,CBF&CBL
BE6312092115,"EUR 0,85 BNP PARIBAS FORT",0.85,CBF&CBL
FR0013413382,"EUR 0,375 COMP.FINA.FONCI",0.36,CBF&CBL
EU000A3KT6A3,"EUR 0,00 EUROPEAN UNION (",1.01,CBF&CBL
AT000B093463,"EUR FL.R RAIFFEISEN-LAND ",0.35,CBF&CBL
FR0010172635,"EUR 0,00 FRANCE (OAT STRI",6.74,CBF&CBL
FR0010482620,"EUR 0,00 FRANCE (OAT STRI",5.05,CBF&CBL
DE000DHY5025,"EUR 0,75 NORD/LB GZ (REGS",0.86,CBF&CBL
AT000B049846,"EUR 0,05 UNICREDIT BK AT ",2.87,CBF&CBL
FR001400CMX2,"EUR 2,50 FRANCE (144A OAT",3.02,CBF&CBL
XS2576298991,"EUR 2,875 CNCL.EU DEV.BK ",1.30,CBF&CBL
DE000CZ45ZJ1,"EUR FL.R COMMERZBK AG (RE",0.74,CBF&CBL
BE6368519813,"EUR FL.R COMMUNAUT FRANCA",3.79,CBF&CBL
BE0312826010,"EUR 0,00 BELGIUM, KINGDOM",0.69,CBF&CBL
FR0000188799,"EUR 3,15 FRANCE (REGS OAT",2.78,CBF&CBL
FR0010809400,"EUR 0,00 FRANCE (OAT STRI",1.21,CBF&CBL
EU000A1G0BL1,"EUR 2,75 EFSF (REGS) 13-2",2.21,CBF&CBL
BE0001762161,"EUR 0,984 COMMUNAUT FRANC",3.31,CBF&CBL
DE0001108900,"EUR 0,00 BUNDES DEUTSCH 2",2.69,CBF&CBL
FI4000570841,"EUR 3,00 S-BANK LTD 24-20",1.35,CBF&CBL
DE000BU22106,"EUR 1,90 BUNDES DEUTSCH 2",0.19,CBF&CBL
BE0008550148,"EUR 0,00 BELGIUM, KINGDOM",20.38,CBF&CBL
BE6311746539,"EUR 1,617 COMMUNAUT FRANC",7.11,CBF&CBL
FR001400RJL1,"EUR FL.R CAISSE DES DEPOT",3.85,CBF&CBL
DE000LFA2550,"EUR 2,875 LFA FRDRBK.BAYE",1.64,CBF&CBL
DE000A2YNXD3,"EUR 0,40 BREMEN HANSTADT ",6.04,CBF&CBL
XS2387713238,"EUR 0,40 ABN AMRO BK NV (",4.32,CBF&CBL
SK4000024683,"EUR 3,00 SLOVAK, REP. 24-",1.13,CBF&CBL
DE000BU2Z064,"EUR 2,90 BUNDES DEUTSCH 2",1.80,CBF&CBL
DE0001143436,"EUR 0,00 BUNDES DEUTSCH (",3.12,CBF&CBL
DE000HV2ASK2,"EUR 0,85 UNICREDIT BANK (",2.37,CBF&CBL
FR001400CZO3,"EUR 3,00 CREDIT MUT ARK S",0.70,CBF&CBL
XS2543180868,"EUR 2,875 DANSKE BANK AS ",0.36,CBF&CBL
AT0000A3V234,"EUR 3,55 AUSTRIA, REP.OF ",5.60,CBF&CBL
ES0L02707096,"EUR 0,00 SPAIN, KINGDOM O",0.34,CBF&CBL
EU000A1G1Q17,"EUR 3,375 EUROPEAN UNION ",1.14,CBF&CBL
DE000A3MQA98,"EUR 0,25 NIEDERSACHSEN LA",0.87,CBF&CBL
FR001400NEF3,"EUR 3,00 FRANCE (OAT) 24-",3.46,CBF&CBL
DE000A383J87,"EUR 3,595 NIEDERSACHSEN L",0.38,CBF&CBL
DE0003811519,"EUR 0,00 BUNDES DEUTSCH (",1.63,CBF&CBL
DE000A14JZU2,"EUR FL.R BADEN-WUERTTEMBE",0.39,CBF&CBL
DE000A3MQNG3,"EUR 0,125 NIEDERSACHSEN L",1.63,CBF&CBL
FR0010172627,"EUR 0,00 FRANCE (OAT STRI",6.50,CBF&CBL
DE000NWB1939,"EUR FL.R NRW.BANK (REGS) ",2.65,CBF&CBL
BE6301626212,"EUR 1,819 BRUSSELS, REG. ",10.20,CBF&CBL
DE000A289F29,"EUR 0,00 KFW (REGS) 20-20",0.47,CBF&CBL
DE000A3H3D69,"EUR 0,00 LAND SACHSEN ANH",1.77,CBF&CBL
FR001400OOK0,"EUR 3,00 CAISSE FCSE DE (",2.66,CBF&CBL
BE0312828032,"EUR 0,00 BELGIUM, KINGDOM",0.69,CBF&CBL
DE000A46Z742,"EUR 3,375 LAND SACHSEN AN",0.98,CBF&CBL
DE0001102341,"EUR 2,50 BUNDES DEUTSCH (",3.21,CBF&CBL
XS2259776230,"EUR 0,01 BAWAG (AT) (REGS",2.93,CBF&CBL
SI0002105052,"EUR 3,125 SLOVENIA REP.OF",6.16,CBF&CBL
ES00000120A7,"EUR 0,00 SPAIN, KINGDOM O",3.79,CBF&CBL
DE000A11P8N5,"EUR 2,10 SAARLAND 14-2027",0.38,CBF&CBL
EU000A3K4DT4,"EUR 2,50 EUROPEAN UNION (",4.13,CBF&CBL
DE000A30V620,"EUR FL.R LAND, BRANDENBUR",0.48,CBF&CBL
XS3045515262,"EUR 2,375 ABN AMRO BK NV ",0.54,CBF&CBL
FR0010810101,"EUR 0,00 FRANCE (OAT STRI",2.98,CBF&CBL
XS1980857319,"EUR 1,00 EUROP.INVEST.BK ",3.11,CBF&CBL
DE000NRW0MN4,"EUR 3,60 NORDRHEIN-WESTFA",0.50,CBF&CBL
XS2726911931,"EUR 3,625 POLAND, REP.OF ",3.32,CBF&CBL
ES0000012M93,"EUR 4,00 SPAIN, KINGDOM O",5.14,CBF&CBL
DE000A2E4D00,"EUR 0,30 LAND SACHSEN ANH",0.81,CBF&CBL
FR001400LFC1,"EUR 3,375 CAISSE DES DEPO",2.81,CBF&CBL
EU000A1G0ED2,"EUR 0,875 EFSF (REGS) 19-",5.50,CBF&CBL
DE000A14JZ04,"EUR FL.R BADEN-WUERTTEMBE",0.39,CBF&CBL
DE000A3H3GR9,"EUR FL.R SAARLAND 24-2028",0.38,CBF&CBL
XS1918006641,"EUR 0,71 LANDWIRT.RENTENB",0.85,CBF&CBL
ES00000129D2,"EUR 0,00 SPAIN, KINGDOM O",3.94,CBF&CBL
XS2447602793,"EUR 2,75 POLAND, REP.OF (",4.26,CBF&CBL
DE000NWB9114,"EUR 3,125 NRW.BANK (REGS/",0.94,CBF&CBL
FR0010482570,"EUR 0,00 FRANCE (OAT STRI",1.92,CBF&CBL
DE000CZ45VF8,"EUR 0,05 COMMERZBK AG (RE",0.93,CBF&CBL
DE000NWB0AJ5,"EUR 0,00 NRW.BANK (REGS) ",1.68,CBF&CBL
XS0726582488,"EUR FL.R KFW 11-2026",0.39,CBF&CBL
SK4000017166,"EUR 1,00 SLOVAK, REP. (RE",4.38,CBF&CBL
DE000NWB9080,"EUR 0,25 NRW.BANK (REGS/9",0.50,CBF&CBL
FR001400DKT2,"EUR 3,25 CREDIT MUTUEL H ",1.06,CBF&CBL
AT000B049960,"EUR FL.R UNICREDIT BK AT ",0.67,CBF&CBL
DE000A3827A0,"EUR 3,125 DT. PFANDBRIEFB",1.31,CBF&CBL
FR0013406154,"EUR 0,75 AXA BK EUROPE SC",0.86,CBF&CBL
FR001400HF42,"EUR 3,125 LA BANQUE POSTA",0.83,CBF&CBL
FR001400Q6Q8,"EUR 3,125 BPCE (REGS) 24-",2.21,CBF&CBL
DE000A3H2549,"EUR FL.R BADEN-WUERTTEMBE",0.39,CBF&CBL
DE000CZ457A0,"EUR FL.R COMMERZBK AG (RE",1.02,CBF&CBL
BE6368508709,"EUR 3,656 COMMUNAUT FRANC",5.22,CBF&CBL
DE000BU0E360,"EUR 0,00 BUNDES DEUTSCH 1",0.08,CBF&CBL
FR0000187635,"EUR 5,75 FRANCE (REGS OAT",1.28,CBF&CBL
BE0008065147,"EUR 0,00 BELGIUM, KINGDOM",2.39,CBF&CBL
XS0206692419,"EUR 5,31 EUROP.INVEST.BK ",1.12,CBF&CBL
ES0000012A71,"EUR 0,00 SPAIN, KINGDOM O",11.72,CBF&CBL
DE000LFA2162,"EUR 2,875 LFA FRDRBK.BAYE",1.30,CBF&CBL
DE000A1RQEV4,"EUR FL.R HESSEN LAND 24-2",0.39,CBF&CBL
DE000A2YNWE3,"EUR 2,75 ING DIBA AG (REG",1.02,CBF&CBL
DE000A3828G5,"EUR 2,25 INVESTITIONSBK (",1.45,CBF&CBL
DE000A0E83N1,"EUR 0,00 KREDITANSTALT WI",1.21,CBF&CBL
ES0000012F43,"EUR 0,60 SPAIN, KINGDOM O",1.45,CBF&CBL
FR0014015PC6,"EUR 3,00 LA BANQUE POSTAL",1.88,CBF&CBL
DE000NRW0QR6,"EUR 3,25 NORDRHEIN-WESTFA",2.28,CBF&CBL
DE000A1680R9,"EUR 0,50 BREMEN HANSTADT ",2.62,CBF&CBL
DE000A1RQDY0,"EUR 0,00 HESSEN LAND 20-2",0.40,CBF&CBL
FR001400G5Z3,"EUR 3,25 CREDIT AGR HOME ",1.78,CBF&CBL
EU000A3K4ED6,"EUR 3,00 EUROP.INVEST.BK ",0.52,CBF&CBL
XS2744125266,"EUR 2,75 ING BANK N.V. (R",1.60,CBF&CBL
BE0002634153,"EUR 1,62 BRUSSELS, REG. O",9.15,CBF&CBL
EU000A3KSXE1,"EUR 0,00 EUROPEAN UNION (",1.06,CBF&CBL
XS2388495942,"EUR 0,00 EUROP.INVEST.BK ",0.05,CBF&CBL
FR001400JMD9,"EUR 3,386 CREDIT AGRICOLE",2.08,CBF&CBL
DE000LFA2378,"EUR 2,75 LFA FRDRBK.BAYER",2.06,CBF&CBL
DE000CZ45ZG7,"EUR FL.R COMMERZBK AG (RE",0.86,CBF&CBL
XS3515071440,"EUR 0,00 EUROP.INVEST.BK ",0.16,CBF&CBL
FR0013020450,"EUR 1,25 UNEDIC (REGS) 15",0.48,CBF&CBL
FR0013478898,"EUR 0,125 CREDIT MUTUEL H",1.19,CBF&CBL
DE000A3E5SL5,"EUR 2,50 LAND, BRANDENBUR",0.78,CBF&CBL
XS2624502105,"EUR 3,00 SPAREBNK 1 BOLIK",1.25,CBF&CBL
EU000A4EPCA0,"EUR 2,625 EUROP.INVEST.BK",1.01,CBF&CBL
FR0013154200,"EUR 0,00 FRANCE (OAT STRI",6.76,CBF&CBL
DE000A254RB5,"EUR 0,00 NIEDERSACHSEN LA",0.34,CBF&CBL
XS2541314584,"EUR 3,125 UNICREDIT BK CZ",0.48,CBF&CBL
XS2922061861,"EUR 2,424 L-BANK (REGS/56",0.52,CBF&CBL
XS3524457036,"EUR 0,00 AUSTRIA, REP.OF ",0.54,CBF&CBL
DE0001142842,"EUR 0,00 BUNDES DEUTSCH 1",0.09,CBF&CBL
BE6345393415,"EUR 3,944 BRUSSELS, REG. ",9.82,CBF&CBL
SK4000027918,"EUR 2,875 TATRA BANKA A.S",1.69,CBF&CBL
SK4000028809,"EUR 2,75 TATRA BANKA A.S.",1.65,CBF&CBL
DE0001102416,"EUR 0,25 BUNDES DEUTSCH (",0.06,CBF&CBL
XS3057123617,"EUR 2,125 NORDIC INVEST.B",0.40,CBF&CBL
XS1192872866,"EUR 0,625 LANDWIRT.RENTEN",1.32,CBF&CBL
FR0014001QL5,"EUR 0,01 SOCIETE GEN.SFH ",1.55,CBF&CBL
SI0002104253,"EUR 1,175 SLOVENIA REP.OF",17.55,CBF&CBL
DE0001102614,"EUR 1,80 BUNDES DEUTSCH (",4.04,CBF&CBL
DE000A4MS0U3,"EUR FL.R AAREAL BK AG. 25",0.95,CBF&CBL
FR0010809640,"EUR 0,00 FRANCE (OAT STRI",6.50,CBF&CBL
XS1586702679,"EUR 0,875 AB SVERIGES SAK",0.36,CBF&CBL
FR0013329216,"EUR 1,375 AXA BK EUROPE S",2.02,CBF&CBL
DE000A2LQK07,"EUR 0,725 INVESTITIONSBK ",0.82,CBF&CBL
FR001400N327,"EUR 2,75 CREDIT AGR HOME ",0.45,CBF&CBL
DE000LFA2303,"EUR 2,875 LFA FRDRBK.BAYE",2.39,CBF&CBL
XS3010596800,"EUR 2,50 L-BANK (REGS/569",1.18,CBF&CBL
BE6371731926,"EUR FL.R COMMUNAUT FRANCA",1.14,CBF&CBL
FR0013234556,"EUR 0,00 FRANCE (OAT STRI",1.26,CBF&CBL
ES00000128Z7,"EUR 0,00 SPAIN, KINGDOM O",2.76,CBF&CBL
DE000A3H3F67,"EUR 0,01 EMISSIONS K DE (",1.49,CBF&CBL
FR0014004J31,"EUR 0,75 FRANCE (OAT) 21-",5.01,CBF&CBL
EU000A1G0EP6,"EUR 0,125 EFSF (REGS) 22-",2.47,CBF&CBL
DE000A254YJ4,"EUR 0,102 BREMEN HANSTADT",2.20,CBF&CBL
DE000A30V216,"EUR 3,125 INVESTITIONSBK ",2.72,CBF&CBL
DE000A351XZ6,"EUR FL.R DZ HYP AG 24-202",0.39,CBF&CBL
FR0013210481,"EUR 0,00 FRANCE (OAT STRI",4.09,CBF&CBL
XS3065236609,"EUR 2,375 SEB (REGS/345) ",1.25,CBF&CBL
DE000RLP1668,"EUR 2,625 RHEINLAND-PFALZ",1.88,CBF&CBL
FR0013520210,"EUR 0,125 AXA HOME LOAN (",2.78,CBF&CBL
DE000A30V9A9,"EUR 2,85 LAND SACHSEN ANH",2.14,CBF&CBL
ES0000012L11,"EUR 0,00 SPAIN, KINGDOM O",5.19,CBF&CBL
DE000A30V6Y5,"EUR FL.R LAND, BRANDENBUR",0.66,CBF&CBL
FR001400TEW5,"EUR 3,239 BPCE SFH (REGS)",3.20,CBF&CBL
NL0015074CG7,"EUR 0,00 DUTCH STATE 2502",0.39,CBF&CBL
DE000NRW0CQ8,"EUR 3,30 NORDRHEIN-WESTFA",5.04,CBF&CBL
DE000A12T0J5,"EUR 1,55 LAND BERLIN 14-2",1.44,CBF&CBL
FR0013154291,"EUR 0,00 FRANCE (OAT STRI",8.18,CBF&CBL
DE000A2GSE59,"EUR 1,125 KFW (REGS) 17-2",2.06,CBF&CBL
BE0000348574,"EUR 1,70 BELGIUM, KINGDOM",10.59,CBF&CBL
IE00BH3SQB22,"EUR 1,50 IRELAND, REP OF ",9.90,CBF&CBL
DE000LB2CMY0,"EUR 0,01 LBK BADEN-WUERTT",0.70,CBF&CBL
DE000A2LQK98,"EUR 0,01 INVESTITIONSBK 1",1.56,CBF&CBL
DE000A351PG2,"EUR FL.R LAND BERLIN 23-2",0.67,CBF&CBL
FR0011575810,"EUR FL.R CAISSE DES DEPOT",0.72,CBF&CBL
FR0013154309,"EUR 0,00 FRANCE (OAT STRI",8.40,CBF&CBL
EU000A283859,"EUR 0,00 EUROPEAN UNION (",0.90,CBF&CBL
DE000A289CL2,"EUR 0,01 L-BANK (REGS/561",2.14,CBF&CBL
XS2340854848,"EUR 0,10 BAWAG (AT) (REGS",1.64,CBF&CBL
DE000A3H3GN8,"EUR FL.R SAARLAND 24-2027",0.38,CBF&CBL
ES0L02701156,"EUR 0,00 SPAIN, KINGDOM O",0.15,CBF&CBL
DE000A2GSFA2,"EUR 0,50 KFW 17-2027",0.39,CBF&CBL
DE000A2NB9T6,"EUR 0,625 LAND BERLIN (RE",4.17,CBF&CBL
XS2435783613,"EUR 0,125 RAIFFEISEN BANK",0.49,CBF&CBL
AT0000A39GD4,"EUR 2,875 ERSTE GR.BK AG ",1.46,CBF&CBL
DE000LFA2329,"EUR 2,75 LFA FRDRBK.BAYER",2.59,CBF&CBL
SK4000019634,"EUR 0,01 PRIMA BANKA SLO ",0.40,CBF&CBL
BE0002982636,"EUR 3,50 BELFIUS BANK SA/",2.38,CBF&CBL
DE000A3828F7,"EUR 2,875 INVESTITIONSBK ",2.49,CBF&CBL
ES0000012981,"EUR 0,00 SPAIN, KINGDOM O",3.19,CBF&CBL
DE000NRW0DB8,"EUR 2,92 NORDRHEIN-WESTFA",7.10,CBF&CBL
DE0001040756,"EUR 3,795 BADEN-WUERTTEMB",2.74,CBF&CBL
ES00000129U6,"EUR 0,00 SPAIN, KINGDOM O",8.00,CBF&CBL
XS2745126792,"EUR 2,625 CNCL.EU DEV.BK ",1.47,CBF&CBL
AT0000A3VW58,"EUR 0,00 AUSTRIA, REP.OF ",0.54,CBF&CBL
FR0010070086,"EUR 0,00 FRANCE (OAT STRI",0.88,CBF&CBL
DE000A1RQB60,"EUR 1,84 HESSEN LAND 14-2",1.39,CBF&CBL
DE000A46Z759,"EUR 3,45 LAND SACHSEN ANH",0.98,CBF&CBL
EU000A1G0DJ1,"EUR 1,375 EFSF (REGS) 16-",10.80,CBF&CBL
BE0002800812,"EUR 0,625 COMMUNAUT FRANC",3.73,CBF&CBL
FR001400FTZ5,"EUR 3,125 CAISSE DES DEPO",4.10,CBF&CBL
XS2630109226,"EUR 3,375 AKTIA BANK PLC ",0.40,CBF&CBL
DE000LFA2238,"EUR 3,125 LFA FRDRBK.BAYE",0.63,CBF&CBL
XS1291270319,"EUR 1,50 ASFINAG(AT) (REG",1.96,CBF&CBL
AT0000A1K9C8,"EUR 0,75 AUSTRIA, REP.OF ",0.54,CBF&CBL
DE000SHFM949,"EUR 2,875 SCHLESWIG-HOLST",0.92,CBF&CBL
NL0015002G06,"EUR 3,00 NATIONALE NL BAN",1.52,CBF&CBL
DE000A11QE78,"EUR 0,75 LAND, BRANDENBUR",2.91,CBF&CBL
DE000A168528,"EUR 0,80 HAMBURG HANSESTA",2.25,CBF&CBL
EU000A28X702,"EUR 0,125 EUROPEAN UNION ",1.93,CBF&CBL
XS2197945251,"EUR 0,01 COOP RABOBK UA (",1.34,CBF&CBL
DE000NRW0MK0,"EUR 0,00 NORDRHEIN-WESTFA",0.91,CBF&CBL
XS2287879733,"EUR 0,01 EUROP.INVEST.BK ",3.05,CBF&CBL
FR0014005DU5,"EUR 0,36 SOCIETE GEN.SFH ",2.21,CBF&CBL
DE000RLP1627,"EUR 2,00 RHEINLAND-PFALZ ",0.34,CBF&CBL
BE0390261304,"EUR FL.R BRUSSELS, REG. O",3.71,CBF&CBL
DE000A1K0LZ5,"EUR 5,55 LAND BERLIN (REG",0.95,CBF&CBL
NL0015000B11,"EUR 0,00 DUTCH STATE 21-2",3.74,CBF&CBL
AT0000A2HB37,"EUR FL.R ERSTE GR.BK AG (",0.35,CBF&CBL
XS2464091029,"EUR 1,00 SR-BOLIGKREDITT ",0.89,CBF&CBL
DE000A3MQVV5,"EUR 1,25 KFW (REGS) 22-20",0.39,CBF&CBL
FR0014016CV2,"EUR 4,40 FRANCE (REGS) 26",3.72,CBF&CBL
XS2234711294,"EUR 0,01 EIKA BOLIGKREDI ",0.52,CBF&CBL
DE000LFA2014,"EUR 1,875 LFA FRDRBK.BAYE",2.14,CBF&CBL
DE000A3MQYQ9,"EUR 2,875 LAND BERLIN 23-",0.98,CBF&CBL
BE0002970516,"EUR 3,625 BELFIUS BANK SA",0.72,CBF&CBL
XS3033154629,"EUR 2,75 LANSFORSAKRINGAR",1.20,CBF&CBL
ES00000126U2,"EUR 0,00 SPAIN, KINGDOM O",5.85,CBF&CBL
XS2534912485,"EUR 2,50 ING BANK N.V. (R",1.18,CBF&CBL
FR001400XFB8,"EUR 3,125 CAISSE DES DEPO",5.12,CBF&CBL
FI4000598776,"EUR 3,55 FINLAND REP.OF 2",5.43,CBF&CBL
DE0001040228,"EUR 5,75 LKB BADEN-WUERTT",0.44,CBF&CBL
XS0109077486,"EUR 0,00 EUROP.INVEST.BK ",0.80,CBF&CBL
DE000NRW0FP3,"EUR 1,88 NORDRHEIN-WESTFA",0.89,CBF&CBL
BE0008542061,"EUR 0,00 BELGIUM, KINGDOM",16.87,CBF&CBL
BE6343516074,"EUR FL.R COMMUNAUT FRANCA",4.64,CBF&CBL
SK4000027876,"EUR 2,75 SLOVENSKA SPORIT",1.50,CBF&CBL
BE0008547110,"EUR 0,00 BELGIUM, KINGDOM",18.88,CBF&CBL
DE000MHB25J1,"EUR 0,125 MUENCHENER HYPO",2.84,CBF&CBL
DE000A3H2TK9,"EUR 0,01 DZ HYP AG (REGS)",1.25,CBF&CBL
FR001400JHS7,"EUR 3,375 SOCIETE GENERAL",1.31,CBF&CBL
XS0224427160,"EUR 4,25 POLAND, REP.OF (",12.33,CBF&CBL
DE000A2TR6H3,"EUR 0,50 LAND, BRANDENBUR",3.64,CBF&CBL
DE000A3MQYP1,"EUR 2,75 LAND BERLIN (REG",2.15,CBF&CBL
BE6302025323,"EUR 1,976 COMMUNAUT FRANC",10.07,CBF&CBL
XS2251330184,"EUR 0,125 IBRD-WORLD BANK",5.12,CBF&CBL
FI4000577952,"EUR 2,50 FINLAND REP.OF 2",1.84,CBF&CBL
XS1709509258,"EUR 0,75 STADSHYP AB (PUB",0.38,CBF&CBL
DE000A2TR6G5,"EUR 0,30 LAND, BRANDENBUR",6.18,CBF&CBL
DE000A254YH8,"EUR 0,55 BREMEN HANSTADT ",5.99,CBF&CBL
DE000A30VH59,"EUR 2,00 BAUSPARK. SCHWA ",2.28,CBF&CBL
DE000MHB37J6,"EUR 3,25 MUENCHENER HYPOB",0.75,CBF&CBL
FR001400QCS3,"EUR 3,125 CRH (REGS) 24-2",2.70,CBF&CBL
DE000A1RQEZ5,"EUR 2,50 HESSEN LAND (REG",1.73,CBF&CBL
BE0000367764,"EUR 4,35 BELGIUM, KINGDOM",9.22,CBF&CBL
NL0015614611,"EUR 0,05 NATIONALE NL BAN",2.87,CBF&CBL
BE6329238859,"EUR 1,225 BRUSSELS, REG. ",14.16,CBF&CBL
FR001400H9H2,"EUR 3,125 CREDIT AGR HOME",1.38,CBF&CBL
SK4000025284,"EUR 3,375 CESKOSLOVENSKA ",1.06,CBF&CBL
XS3090124960,"EUR 2,50 SR-BOLIGKREDITT ",1.28,CBF&CBL
FR0013345485,"EUR 1,50 CAISSE FCSE DE (",3.22,CBF&CBL
AT0000A38239,"EUR 3,45 AUSTRIA, REP.OF ",2.08,CBF&CBL
DE000MHB38J4,"EUR 3,00 MUENCHENER HYPOB",2.14,CBF&CBL
DE000LB4W647,"EUR 2,625 LBK BADEN-WUERT",1.17,CBF&CBL
DE000BHY4US2,"EUR 2,75 LBK BADEN-WUERTT",1.84,CBF&CBL
BE0390188549,"EUR 3,80 COMMUNAUT FRANCA",4.48,CBF&CBL
DE000A4DFLX2,"EUR 2,875 THUERINGEN, FRE",1.60,CBF&CBL
FR0014012I73,"EUR 2,875 CAISSE FCSE DE ",1.78,CBF&CBL
ES0000012957,"EUR 0,00 SPAIN, KINGDOM O",2.05,CBF&CBL
XS1739831748,"EUR 0,00 IBRD-WORLD BANK ",7.57,CBF&CBL
BE0002753342,"EUR 0,556 BRUSSELS, REG. ",16.44,CBF&CBL
XS2856144576,"EUR 2,875 LANDWIRT.RENTEN",1.77,CBF&CBL
BE0001784389,"EUR 1,50 VLAAMS GEMEENSCH",4.50,CBF&CBL
XS2386592302,"EUR 0,375 ASN BANK N.V. (",4.33,CBF&CBL
EU000A3K4DE6,"EUR 1,125 EUROPEAN UNION ",2.25,CBF&CBL
DE000CZ43ZX7,"EUR 3,125 COMMERZBK AG (R",0.89,CBF&CBL
DE000NRW0FB3,"EUR 2,205 NORDRHEIN-WESTF",1.33,CBF&CBL
BE6308190865,"EUR 1,972 COMMUNAUT FRANC",10.68,CBF&CBL
DE000A2YNVY3,"EUR 0,10 DT. PFANDBRIEFBA",0.48,CBF&CBL
EU000A284469,"EUR 0,30 EUROPEAN UNION (",5.09,CBF&CBL
EU000A3KNYG5,"EUR 0,45 EUROPEAN UNION (",4.16,CBF&CBL
DE000A3H25W0,"EUR 2,625 BADEN-WUERTTEMB",1.59,CBF&CBL
AT0000A3HU25,"EUR 2,95 AUSTRIA, REP.OF ",3.77,CBF&CBL
XS3091292451,"EUR 2,176 LAND SACHSEN AN",0.84,CBF&CBL
FR0010809806,"EUR 0,00 FRANCE (OAT STRI",3.55,CBF&CBL
DE000A2AARF7,"EUR 0,556 LAND SACHSEN AN",0.50,CBF&CBL
ES0000012A63,"EUR 0,00 SPAIN, KINGDOM O",11.43,CBF&CBL
BE0002848290,"EUR 1,71 BRUSSELS, REG. O",10.10,CBF&CBL
EU000A2SCAG3,"EUR 2,875 EFSF (REGS) 23-",3.99,CBF&CBL
XS2714464117,"EUR 3,505 KNAB N.V. 23-20",1.07,CBF&CBL
DE000BU25026,"EUR 2,10 BUNDES DEUTSCH 2",0.57,CBF&CBL
XS2765024414,"EUR 2,90 IBRD-WORLD BANK ",1.48,CBF&CBL
BE0002586643,"EUR 0,875 BNP PARIBAS FOR",0.52,CBF&CBL
DE000A3E5SJ9,"EUR 0,125 LAND, BRANDENBU",1.15,CBF&CBL
FR0010809707,"EUR 0,00 FRANCE (OAT STRI",2.69,CBF&CBL
DE000LFA1834,"EUR 0,30 LFA FRDRBK.BAYER",2.07,CBF&CBL
XS2790172006,"EUR 2,875 STADSHYP AB (PU",0.86,CBF&CBL
DE000A30V380,"EUR 2,875 BREMEN HANSTADT",2.10,CBF&CBL
DE000A4PU1V2,"EUR 3,17 KFW 25-2035",2.73,CBF&CBL
BE0001787408,"EUR 1,506 BRUSSELS, REG. ",7.18,CBF&CBL
FR0013518487,"EUR 0,25 UNEDIC (REGS) 20",1.45,CBF&CBL
DE000RLP1288,"EUR 0,375 RHEINLAND-PFALZ",4.03,CBF&CBL
DE000A3H2Y57,"EUR 0,125 LAND BERLIN 21-",1.83,CBF&CBL
XS2418730995,"EUR 0,125 ING BANK N.V. (",1.66,CBF&CBL
DE000A30VPD0,"EUR 2,50 DEUTSCHE BANK AG",1.80,CBF&CBL
FR001400JMA5,"EUR 3,373 CREDIT AGRICOLE",1.70,CBF&CBL
FR001400JMB3,"EUR 3,37 CREDIT AGRICOLE ",1.58,CBF&CBL
XS2768185030,"EUR 3,125 SR-BOLIGKREDITT",1.62,CBF&CBL
BE0008069180,"EUR 0,00 BELGIUM, KINGDOM",4.82,CBF&CBL
ES00000120W1,"EUR 0,00 SPAIN, KINGDOM O",4.79,CBF&CBL
FR0013336229,"EUR 1,50 CREDIT MUT ARK S",2.05,CBF&CBL
DE0001142636,"EUR 0,00 BRD (STRIPS COUP",0.81,CBF&CBL
XS1432384409,"EUR 1,875 TENNET NETHERLA",18.77,CBF&CBL
DE000A2E4DS6,"EUR 0,75 LAND SACHSEN ANH",0.42,CBF&CBL
BE0002598762,"EUR 1,00 BELFIUS BANK SA/",0.60,CBF&CBL
DE000A168Y48,"EUR 1,25 KFW (REGS) 16-20",3.25,CBF&CBL
DE000A2G8W08,"EUR 1,316 BREMEN HANSTADT",2.81,CBF&CBL
DE000A2G9HD6,"EUR 0,75 DEUT.GENOSS-HYPO",0.36,CBF&CBL
XS2454764429,"EUR 0,125 CNCL.EU DEV.BK ",0.10,CBF&CBL
DE000A3512S0,"EUR 2,625 EMISSIONSKONSOR",1.43,CBF&CBL
FR001400Q494,"EUR 3,125 CAISSE FCSE DE ",3.15,CBF&CBL
DE000WBP0BL7,"EUR 2,75 WUESTENROT BSPK ",1.53,CBF&CBL
AT000B050018,"EUR FL.R UNICREDIT BK AT ",0.91,CBF&CBL
EU000A1G0DR4,"EUR 0,75 EFSF (REGS) 17-2",0.72,CBF&CBL
DE000A1RQDD4,"EUR 1,30 HESSEN LAND (REG",4.15,CBF&CBL
XS1999841445,"EUR 0,01 KFW (REGS) 19-20",0.39,CBF&CBL
DE000A3H25B4,"EUR 0,01 THUERINGEN, FREI",1.54,CBF&CBL
XS2348690350,"EUR 0,125 ASFINAG(AT) (RE",2.35,CBF&CBL
XS2620722152,"EUR 3,25 DANSKE BANK AS (",0.36,CBF&CBL
ES0000012M44,"EUR 0,00 SPAIN, KINGDOM O",5.53,CBF&CBL
BE0001769232,"EUR 1,392 VLAAMS GEMEENSC",8.45,CBF&CBL
XS1852086211,"EUR 0,75 DEUT.APOTHEKER (",0.62,CBF&CBL
XS2489808852,"EUR 2,689 ING BANK N.V. (",1.73,CBF&CBL
EU000A2SCAH1,"EUR 3,00 EFSF (REGS) 23-2",1.55,CBF&CBL
DE000BU0E345,"EUR 0,00 BUNDES DEUTSCH 1",0.05,CBF&CBL
AT0000A2VB47,"EUR 0,00 AUSTRIA, REP.OF ",1.11,CBF&CBL
FR001400ZAD0,"EUR 3,25 UNEDIC (REGS) 25",3.36,CBF&CBL
FR00140182G4,"EUR 3,25 CAISSE FCSE DE (",1.82,CBF&CBL
DE000LFA1800,"EUR 0,75 LFA FRDRBK.BAYER",1.70,CBF&CBL
SK4000027090,"EUR 0,00 CESKOSLOVENSKA O",1.37,CBF&CBL
DE000WBP0BN3,"EUR 2,75 WUESTENROT BSPK ",1.73,CBF&CBL
AT0000A3WQC0,"EUR 3,25 RAIFFEISEN-LAND ",1.64,CBF&CBL
FR0010171975,"EUR 4,00 FRANCE (OAT) 05-",3.63,CBF&CBL
ES0000012C61,"EUR 0,00 SPAIN, KINGDOM O",6.75,CBF&CBL
DE000A1RQDV6,"EUR 0,10 HESSEN LAND 20-2",1.77,CBF&CBL
XS2199484929,"EUR 0,01 SPAREBANKEN NOR ",0.36,CBF&CBL
BE0008579436,"EUR 0,00 BELGIUM, KINGDOM",22.81,CBF&CBL
XS3004243179,"EUR 2,625 SOR BOLIGKREDIT",1.50,CBF&CBL
XS3427413128,"EUR 3,00 ACHMEA BANK N.V ",1.99,CBF&CBL
FR0013154218,"EUR 0,00 FRANCE (OAT STRI",6.97,CBF&CBL
XS3170286283,"EUR 3,00 ING BANK N.V. (R",2.54,CBF&CBL
FR0014013E84,"EUR 2,50 BPCE SFH (REGS) ",1.06,CBF&CBL
DE0001142669,"EUR 0,00 BRD 05-2033",1.51,CBF&CBL
BE6301674691,"EUR FL.R COMMUNAUT FRANCA",4.41,CBF&CBL
FR0013421799,"EUR 0,625 BPCE SFH (REGS)",1.64,CBF&CBL
FR001400AKS0,"EUR 1,70 SOCIETE GENERALE",1.61,CBF&CBL
DE000A14JZ53,"EUR FL.R BADEN-WUERTTEMBE",0.39,CBF&CBL
EU000A3L72Y4,"EUR 2,875 EUROP.INVEST.BK",1.61,CBF&CBL
EU000A4EJ3Q5,"EUR 0,00 EUROPEAN UNION 0",0.03,CBF&CBL
BE0002464395,"EUR 2,864 BRUSSELS, REG. ",1.77,CBF&CBL
DE000NRW0JV3,"EUR 0,75 NORDRHEIN-WESTFA",4.73,CBF&CBL
DE000A383TH5,"EUR FL.R KFW 25-2030",0.55,CBF&CBL
XS3036080367,"EUR 2,375 NORDEA MORTGAGE",0.59,CBF&CBL
DE000CZ457V6,"EUR 2,625 COMMERZBK AG (R",1.47,CBF&CBL
DE0001108835,"EUR 0,00 BUNDES DEUTSCH (",4.86,CBF&CBL
DE000RLP1171,"EUR 0,05 RHEINLAND-PFALZ ",1.14,CBF&CBL
BE0002864453,"EUR 2,215 BRUSSELS, REG. ",7.80,CBF&CBL
DE0001108918,"EUR 0,00 BUNDES DEUTSCH 2",1.44,CBF&CBL
DE000A352AH0,"EUR 2,25 LAND SACHSEN ANH",0.85,CBF&CBL
DE000A46ZWZ6,"EUR 3,25 THUERINGEN, FREI",2.58,CBF&CBL
EU000A4E0ET7,"EUR 3,25 EUROP.INVEST.BK ",1.13,CBF&CBL
FR0000578601,"EUR 0,00 FRANCE (OAT STRI",1.58,CBF&CBL
FR0011461482,"EUR 0,00 FRANCE (OAT STRI",0.90,CBF&CBL
FR0014000L31,"EUR 0,00 UNEDIC (REGS) 20",1.91,CBF&CBL
BE0000354630,"EUR 0,35 BELGIUM, KINGDOM",3.67,CBF&CBL
BE6350223218,"EUR 1,00 ARGENTA SPAARBAN",2.15,CBF&CBL
DE000SHFM1G4,"EUR 2,875 SCHLESWIG-HOLST",2.44,CBF&CBL
DE000NRW0P81,"EUR FL.R NORDRHEIN-WESTFA",0.81,CBF&CBL
DE0001142131,"EUR 0 BRD (STRIPS)00-2030",0.81,CBF&CBL
DE000NRW0B79,"EUR FL.R NORDRHEIN-WESTFA",1.17,CBF&CBL
DE000NRW0KW9,"EUR FL.R NORDRHEIN-WESTFA",1.61,CBF&CBL
XS1107718279,"EUR 1,25 EUROP.INVEST.BK ",0.04,CBF&CBL
BE6301810113,"EUR 1,652 COMMUNAUT FRANC",6.61,CBF&CBL
DE0001053742,"EUR 3,372 BAYERN, FREISTA",4.94,CBF&CBL
XS0215438705,"EUR 5,2975 AUSTRIA, REP.O",2.53,CBF&CBL
FR0010871053,"EUR 0,00 FRANCE (OAT STRI",7.71,CBF&CBL
AT0000A0VRQ6,"EUR 3,15 AUSTRIA, REP.OF ",6.41,CBF&CBL
ES00000126N7,"EUR 0,00 SPAIN, KINGDOM O",4.19,CBF&CBL
FR0012467942,"EUR 1,25 CAISSE FCSE DE (",2.53,CBF&CBL
XS1501560848,"EUR 0,125 AFRICAN DEV.BK ",0.34,CBF&CBL
XS1952576475,"EUR 0,75 ING BANK N.V. (R",0.85,CBF&CBL
ES0000012G75,"EUR 0,00 SPAIN, KINGDOM O",1.75,CBF&CBL
XS2586942448,"EUR 2,75 KFW (REGS) 23-20",2.11,CBF&CBL
XS3002396680,"EUR 2,471 KNAB N.V. (REGS",0.36,CBF&CBL
XS3408819749,"EUR 2,75 SWEDEN, KINGDOM ",1.16,CBF&CBL
ES00000128E2,"EUR 3,45 SPAIN, KINGDOM O",5.89,CBF&CBL
XS2188802404,"EUR FL.R UNICREDIT BK CZ ",0.47,CBF&CBL
DE000HCB0BC0,"EUR 0,10 HAMBURG COM BK (",0.74,CBF&CBL
DE000A2YNWC7,"EUR 3,25 ING DIBA AG (REG",0.49,CBF&CBL
DE000A2LQ587,"EUR 0,875 NIEDERSACHSEN L",0.71,CBF&CBL
XS2681334962,"EUR 3,125 CNCL.EU DEV.BK ",0.49,CBF&CBL
DE000HV2AZ37,"EUR 3,24 UNICREDIT BANK (",2.04,CBF&CBL
DE000NRW0KZ2,"EUR 1,65 NORDRHEIN-WESTFA",3.54,CBF&CBL
FR0014005N34,"EUR 0,01 CAISSE FCSE DE (",1.07,CBF&CBL
DE000A383QB4,"EUR 3,419 NIEDERSACHSEN L",0.38,CBF&CBL
FR001400QN09,"EUR 3,00 CREDIT AGRICOLE ",1.27,CBF&CBL
FR0000578544,"EUR 0,00 FRANCE (OAT STRI",0.04,CBF&CBL
FR0010371401,"EUR 4,00 FRANCE (REGS OAT",2.21,CBF&CBL
XS1716825507,"EUR 0,75 SEB (REGS/308) 1",0.40,CBF&CBL
DE000AAR0371,"EUR 3,00 AAREAL BK AG. (R",0.36,CBF&CBL
DE000BU4Z037,"EUR 0,00 BUNDES DEUTSCH 2",1.53,CBF&CBL
FR0012697977,"EUR 0,57 SOCIETE GEN.SFH ",0.73,CBF&CBL
DE000NLB85X6,"EUR 0,25 NORD/LB GZ (REGS",0.36,CBF&CBL
XS2069304033,"EUR 0,01 SOR BOLIGKREDITT",0.36,CBF&CBL
DE000BU4K070,"EUR 0,00 BUNDES DEUTSCH 2",1.97,CBF&CBL
BE6365675501,"EUR 0,00 VLAAMS GEMEENSCH",1.78,CBF&CBL
AT0000A3TF46,"EUR 3,125 ERSTE GR.BK AG ",1.53,CBF&CBL
XS3364790611,"EUR 3,25 DEXIA S.A (REGS)",11.36,CBF&CBL
DE000AAR0256,"EUR 0,01 AAREAL BK AG. (R",0.36,CBF&CBL
DE000A3MP684,"EUR 1,625 DZ HYP AG (REGS",1.61,CBF&CBL
SI0002105326,"EUR FL.R SLOVENIA REP.OF ",3.70,CBF&CBL
BE0390360320,"EUR 3,50 BELFIUS BANK SA/",2.73,CBF&CBL
DE0001102424,"EUR 0,50 BUNDES DEUTSCH (",0.17,CBF&CBL
XS3195051647,"EUR 2,50 ABN AMRO BK NV (",1.05,CBF&CBL
EU000A1Z99Q7,"EUR 1,00 ESM (REGS) 22-20",0.16,CBF&CBL
ES0000012L60,"EUR 3,90 SPAIN, KINGDOM O",3.72,CBF&CBL
ES0000012M77,"EUR 2,50 SPAIN, KINGDOM O",0.29,CBF&CBL
XS3099809306,"EUR 2,75 CNCL.EU DEV.BK (",1.71,CBF&CBL
DE000A289KU6,"EUR 0,125 BREMEN HANSTADT",1.23,CBF&CBL
FR0014000667,"EUR 0,00 UNEDIC (REGS) 20",0.99,CBF&CBL
ES0000012I32,"EUR 0,50 SPAIN, KINGDOM O",2.23,CBF&CBL
XS2717426220,"EUR 3,375 DNB BOLIGKREDIT",0.74,CBF&CBL
XS3295888237,"EUR 2,50 DANSKE BANK AS (",1.17,CBF&CBL
AT000B093547,"EUR 0,50 RAIFFEISEN-LAND ",4.20,CBF&CBL
XS2532376949,"EUR 2,50 NORDEA MORTGAGE ",2.02,CBF&CBL
XS2812394737,"EUR 3,25 SP-MORTGAGE BK (",1.72,CBF&CBL
FR00140103L0,"EUR 2,625 CREDIT MUTUEL H",1.27,CBF&CBL
AT0000A3MEN4,"EUR 2,75 HYPO NOE LANDES ",1.89,CBF&CBL
BE6315906428,"EUR 0,886 COMMUNAUT FRANC",13.62,CBF&CBL
SI0002104196,"EUR 0,125 SLOVENIA REP.OF",3.98,CBF&CBL
ES00000128Q6,"EUR 2,35 SPAIN, KINGDOM O",2.74,CBF&CBL
FR0013383346,"EUR 0,75 BPCE SFH (REGS) ",0.36,CBF&CBL
EU000A3K4DV0,"EUR 3,375 EUROPEAN UNION ",2.83,CBF&CBL
XS2708690685,"EUR 3,625 NORDEA MORTGAGE",0.80,CBF&CBL
FR001400NXK3,"EUR 3,125 BPCE (REGS) 24-",2.63,CBF&CBL
DE000LFA2402,"EUR 2,50 LFA FRDRBK.BAYER",1.26,CBF&CBL
DE0001143402,"EUR 0,00 BUNDES DEUTSCH (",2.54,CBF&CBL
DE000A1R06V5,"EUR 1,925 LAND BERLIN (RE",2.93,CBF&CBL
DE000A14J5J4,"EUR 0,50 DEUT.GENOSS-HYPO",0.36,CBF&CBL
XS1700578724,"EUR 1,00 DEXIA S.A (REGS/",5.00,CBF&CBL
DE000A1RQC93,"EUR 0,625 HESSEN LAND (RE",0.73,CBF&CBL
SI0002103677,"EUR 1,75 SLOVENIA REP.OF ",9.36,CBF&CBL
DE000A2E4UD2,"EUR 3,00 L-BANK 17-2027",0.50,CBF&CBL
DE000A14JZL1,"EUR 0,01 BADEN-WUERTTEMBE",2.10,CBF&CBL
AT0000A2QQB6,"EUR 0,70 AUSTRIA, REP.OF ",13.77,CBF&CBL
XS2820463003,"EUR 3,00 SPAREBNK 1 BOLIK",2.22,CBF&CBL
XS3291934209,"EUR 2,875 AKTIA BANK PLC ",2.13,CBF&CBL
FI4000602891,"EUR 3,35 FINLAND REP.OF 2",4.11,CBF&CBL
DE000A289LA6,"EUR 0,35 LAND BERLIN 20-2",7.48,CBF&CBL
DE000LFA2246,"EUR 3,25 LFA FRDRBK.BAYER",0.38,CBF&CBL
BE0000291972,"EUR 5,50 BELGIUM, KINGDOM",1.01,CBF&CBL
ES00000120D1,"EUR 0,00 SPAIN, KINGDOM O",3.98,CBF&CBL
DE000A289K71,"EUR 0,05 LAND BERLIN 20-2",4.71,CBF&CBL
DE000A1RQER2,"EUR 3,015 HESSEN LAND 24-",5.80,CBF&CBL
DE000A46Z8Q5,"EUR FL.R NIEDERSACHSEN LA",0.38,CBF&CBL
BE0008515760,"EUR 0,00 BELGIUM, KINGDOM",1.18,CBF&CBL
XS1053602667,"EUR 2,5725 EUROP.INVEST.B",2.87,CBF&CBL
FR0013141074,"EUR 1,25 CREDIT AGR HOME ",1.56,CBF&CBL
XS2384580218,"EUR 0,01 SR-BOLIGKREDITT ",0.69,CBF&CBL
AT0000A3GRN8,"EUR 2,879 RAIF.LBK.OBEROS",0.73,CBF&CBL
DE000A351PH0,"EUR 2,625 LAND BERLIN 24-",1.65,CBF&CBL
FR0011461664,"EUR 0,00 FRANCE (OAT STRI",4.57,CBF&CBL
FR0011461615,"EUR 0,00 FRANCE (OAT STRI",3.34,CBF&CBL
FR0011461623,"EUR 0,00 FRANCE (OAT STRI",3.57,CBF&CBL
ES0000012C87,"EUR 0,00 SPAIN, KINGDOM O",7.19,CBF&CBL
DE000BU4Z029,"EUR 0,00 BUNDES DEUTSCH 2",1.37,CBF&CBL
XS2587298204,"EUR 2,75 EUROP.INVEST.BK ",0.43,CBF&CBL
XS2796475999,"EUR 2,994 ING BANK N.V. (",2.18,CBF&CBL
SK4000026787,"EUR 2,75 SLOVENSKA SPORIT",0.91,CBF&CBL
DE000CZ45ZL7,"EUR 2,875 COMMERZBK AG (R",2.42,CBF&CBL
DE000NWB17W8,"EUR 0,50 NRW.BANK 17-2027",0.50,CBF&CBL
DE0001102556,"EUR 0,00 BUNDES DEUTSCH 2",0.50,CBF&CBL
DE000A383SN5,"EUR 2,50 GEMEINSAME BUNDE",1.49,CBF&CBL
DE000A4DE9N6,"EUR FL.R LAND BERLIN 26-2",1.16,CBF&CBL
DE000NWB0B24,"EUR XXX NRW.BANK (REGS) 2",3.87,CBF&CBL
ES00000127A2,"EUR 1,95 SPAIN, KINGDOM O",1.72,CBF&CBL
EU000A1G0EM3,"EUR 0,05 EFSF (REGS) 21-2",15.47,CBF&CBL
BE6338352816,"EUR 3,45 BRUSSELS, REG. O",5.97,CBF&CBL
FR001400F091,"EUR 3,125 CREDIT AGR HOME",1.00,CBF&CBL
DE000A3828K7,"EUR 2,50 INVESTITIONSBK (",1.75,CBF&CBL
FR0010070102,"EUR 0,00 FRANCE (OAT STRI",1.21,CBF&CBL
FR001400CK81,"EUR 2,625 CCF SFH (REGS) ",1.79,CBF&CBL
DE000A383QT6,"EUR 2,50 THUERINGEN, FREI",0.98,CBF&CBL
XS3517390962,"EUR 0,00 AUSTRIA, REP.OF ",0.54,CBF&CBL
FR0010172601,"EUR 0,00 FRANCE (OAT STRI",5.96,CBF&CBL
AT000B049952,"EUR 2,875 UNICREDIT BK AT",0.74,CBF&CBL
DE000A1RQE34,"EUR 3,125 HESSEN LAND (RE",2.72,CBF&CBL
XS3276327288,"EUR 2,625 LANDESBANK HESS",1.31,CBF&CBL
EU000A1U9936,"EUR 1,85 ESM (REGS) 15-20",4.71,CBF&CBL
FR0013215688,"EUR 0,25 CREDIT AGRICOLE ",0.36,CBF&CBL
EU000A1Z99B9,"EUR 0,75 ESM (REGS) 17-20",0.10,CBF&CBL
DE000A1RQEJ9,"EUR FL.R HESSEN LAND 23-2",0.39,CBF&CBL
DE000RLP1486,"EUR 3,00 RHEINLAND-PFALZ ",2.12,CBF&CBL
DE000BHY0SD6,"EUR 2,625 LBK BADEN-WUERT",1.66,CBF&CBL
DE000BU4Z169,"EUR 0,00 BUNDES DEUTSCH 2",3.54,CBF&CBL
DE000BU3F007,"EUR 2,60 BUNDES DEUTSCH (",2.52,CBF&CBL
DE000CZ45VS1,"EUR 0,01 COMMERZBK AG (RE",1.23,CBF&CBL
BE0002713940,"EUR 0,844 BRUSSELS, REG. ",11.46,CBF&CBL
DE000A3H24G6,"EUR 0,01 BAUSPARK. SCHWA ",1.45,CBF&CBL
BE0008580442,"EUR 0,00 BELGIUM, KINGDOM",23.29,CBF&CBL
BE0002821024,"EUR 0,93 BRUSSELS, REG. O",11.25,CBF&CBL
XS2486449072,"EUR 1,375 LANSFORSAKRINGA",0.36,CBF&CBL
XS2532310682,"EUR 2,125 ASFINAG(AT) (RE",0.98,CBF&CBL
BE0000357666,"EUR 3,00 BELGIUM, KINGDOM",3.98,CBF&CBL
XS2837840706,"EUR 3,423 SID SLOVENSKA (",14.54,CBF&CBL
ES00000128M5,"EUR 0,00 SPAIN, KINGDOM O",6.06,CBF&CBL
BE6318562798,"EUR 1,015 BRUSSELS, REG. ",12.15,CBF&CBL
DE000LFA2477,"EUR 2,875 LFA FRDRBK.BAYE",2.16,CBF&CBL
XS3230666128,"EUR 2,25 DANSKE MTG BK (R",0.70,CBF&CBL
DE000BU4Z177,"EUR 0,00 BUNDES DEUTSCH 2",3.73,CBF&CBL
BE6244458830,"EUR 3,50 BRUSSELS, REG. O",3.79,CBF&CBL
BE0000331406,"EUR 3,75 BELGIUM, KINGDOM",8.02,CBF&CBL
XS1209947271,"EUR 0,875 POLAND, REP.OF ",0.86,CBF&CBL
DE000A2TR6J9,"EUR 0,375 LAND, BRANDENBU",2.53,CBF&CBL
SK4000017406,"EUR 0,125 TATRA BANKA A.S",0.40,CBF&CBL
DE000A30VHW7,"EUR 1,50 NIEDERSACHSEN LA",1.03,CBF&CBL
XS3096213361,"EUR 2,50 DANSKE MTG BK (R",1.15,CBF&CBL
BE0001792465,"EUR 1,363 COMMUNAUT FRANC",7.77,CBF&CBL
XS2453958766,"EUR 0,10 LANDWIRT.RENTENB",0.39,CBF&CBL
XS2802191937,"EUR 3,00 NORDEA MORTGAGE ",2.46,CBF&CBL
XS3084419038,"EUR 2,0975 L-BANK (5698) ",0.50,CBF&CBL
XS2230845328,"EUR 0,00 FINNVERA PLC (RE",5.00,CBF&CBL
XS2532472235,"EUR 2,25 AFRICAN DEV.BK (",0.97,CBF&CBL
XS3218787417,"EUR 3,625 INTL.DEVEL..ASS",5.02,CBF&CBL
BE0008064132,"EUR 0,00 BELGIUM, KINGDOM",1.71,CBF&CBL
BE0008517782,"EUR 0,00 BELGIUM, KINGDOM",2.55,CBF&CBL
FR0013399102,"EUR 1,00 CREDIT MUTUEL H ",0.83,CBF&CBL
SK4000017059,"EUR 1,00 SLOVAK, REP. 20-",3.31,CBF&CBL
DE0001102572,"EUR 0,00 BUNDES DEUTSCH (",5.36,CBF&CBL
DE000A2LQPK4,"EUR 0,01 HAMBURG HANSESTA",1.54,CBF&CBL
FR001400HV26,"EUR 3,50 SOCIETE GENERALE",1.93,CBF&CBL
DE000BU4K096,"EUR 0,00 BUNDES DEUTSCH 2",2.14,CBF&CBL
XS3308045130,"EUR 2,25 ASIAN INFRA INV ",7.76,CBF&CBL
XS3511041470,"EUR 0,00 EUROP.INVEST.BK ",0.25,CBF&CBL
DE000A5GS3X8,"EUR FL.R NIEDERSACHSEN LA",1.35,CBF&CBL
DE000SCB0021,"EUR 0,01 DEUTSCHE KREDITB",1.11,CBF&CBL
XS2468525451,"EUR 1,00 CNCL.EU DEV.BK (",0.63,CBF&CBL
DE000A14JZ46,"EUR 2,875 BADEN-WUERTTEMB",1.79,CBF&CBL
XS3241239972,"EUR 3,445 AUSTRIA, REP.OF",3.73,CBF&CBL
DE000SHFM1C3,"EUR 2,25 SCHLESWIG-HOLSTE",0.46,CBF&CBL
DE000A460CJ3,"EUR 2,625 HAMBURGER SPARK",1.66,CBF&CBL
XS3300299354,"EUR 2,75 UNICREDIT BK CZ ",1.97,CBF&CBL
FR0013154234,"EUR 0,00 FRANCE (OAT STRI",7.53,CBF&CBL
FR0013284908,"EUR 0,75 CREDIT MUT ARK S",0.36,CBF&CBL
DE000BLB6JE1,"EUR 0,625 BAYERISCH.LANDE",0.36,CBF&CBL
DE000A1RQEC4,"EUR 0,875 HESSEN LAND (RE",0.50,CBF&CBL
DE000LFA2121,"EUR 3,00 LFA FRDRBK.BAYER",0.44,CBF&CBL
DE000SHFM931,"EUR 2,875 SCHLESWIG-HOLST",2.15,CBF&CBL
DE000A3825Z1,"EUR 2,50 DZ HYP AG 25-203",1.35,CBF&CBL
AT0000A3V200,"EUR 2,85 AUSTRIA, REP.OF ",2.41,CBF&CBL
FR0010482554,"EUR 0,00 FRANCE (OAT STRI",0.67,CBF&CBL
FR0013434321,"EUR 0,125 SOCIETE GEN.SFH",1.00,CBF&CBL
IE00BKFVC345,"EUR 0,40 IRELAND, REP OF ",4.79,CBF&CBL
FR0013341682,"EUR 0,75 FRANCE (REGS OAT",0.50,CBF&CBL
BE0002636174,"EUR 1,467 BRUSSELS, REG. ",7.20,CBF&CBL
FR001400OHF4,"EUR 3,25 FRANCE 24-2055",3.82,CBF&CBL
DE000SHFM006,"EUR FL.R SCHLESWIG-HOLSTE",1.14,CBF&CBL
DE000A2AAPP0,"EUR 0,50 LAND BERLIN 17-2",8.22,CBF&CBL
DE0001108827,"EUR 0,00 BUNDES DEUTSCH (",0.20,CBF&CBL
DE000NRW0M35,"EUR 0,50 NORDRHEIN-WESTFA",7.61,CBF&CBL
DE000A289KH3,"EUR 0,25 INVESTITIONSBK 2",2.45,CBF&CBL
DE000A3MQYS5,"EUR FL.R LAND BERLIN 23-2",0.59,CBF&CBL
EU000A4EBBP0,"EUR 2,25 EUROP.INVEST.BK ",0.45,CBF&CBL
DE000A2YNWF0,"EUR 3,125 ING DIBA AG (RE",2.64,CBF&CBL
BE0008522832,"EUR 0,00 BELGIUM, KINGDOM",5.60,CBF&CBL
BE0002284538,"EUR 1,875000 VLAAMS GEMEE",5.49,CBF&CBL
XS2283340060,"EUR 0,00 EIB (REGS) (2488",0.95,CBF&CBL
DE000MHB30J1,"EUR 1,25 MUENCHENER HYPOB",1.19,CBF&CBL
DE000BU25018,"EUR 2,40 BUNDES DEUTSCH 2",0.48,CBF&CBL
XS2760109053,"EUR 2,875 LANDESBANK HESS",2.15,CBF&CBL
IE000O6GBYC9,"EUR 3,10 NATIONAL TREASUR",4.79,CBF&CBL
XS1508404651,"EUR 0,75 ASN BANK N.V. (R",1.60,CBF&CBL
AT0000A2SWQ8,"EUR 0,08 NIEDEROESTERREIC",2.29,CBF&CBL
FR0014019DU6,"EUR 3,25 CRH (REGS) 26-20",1.98,CBF&CBL
XS0749005186,"EUR 3,56 AUSTRIA, REP.OF ",1.59,CBF&CBL
FI4000148630,"EUR 0,75 FINLAND REP.OF (",2.40,CBF&CBL
DE000A1680S7,"EUR 1,00 BREMEN HANSTADT ",0.48,CBF&CBL
DE000NRW0L51,"EUR 0,00 NORDRHEIN-WESTFA",5.44,CBF&CBL
FR001400FJM4,"EUR 3,00 CREDIT MUT ARK S",0.36,CBF&CBL
BE0312824965,"EUR 0,00 BELGIUM, KINGDOM",0.69,CBF&CBL
ES0000012759,"EUR 0,00 SPAIN, KINGDOM O",1.85,CBF&CBL
DE000A2E4DY4,"EUR 0,50 LAND SACHSEN ANH",1.23,CBF&CBL
DE000A3MQYT3,"EUR 0,75 HAMBURGER SPARK.",0.36,CBF&CBL
DE000NWB1WC2,"EUR 3,25 NRW.BANK 25-2040",4.97,CBF&CBL
EU000A1G0AJ7,"EUR 3,875 EFSF (REGS) 12-",3.43,CBF&CBL
DE000SHFM741,"EUR 0,01 SCHLESWIG-HOLSTE",1.25,CBF&CBL
BE0002706878,"EUR 0,98 BRUSSELS, REG. O",12.21,CBF&CBL
AT0000A2KVP9,"EUR 0,00 NIEDEROESTERREIC",3.30,CBF&CBL
XS2702300836,"EUR 3,676 LANDWIRT.RENTEN",4.28,CBF&CBL
DE000A1RQEX0,"EUR 2,625 HESSEN LAND (RE",2.61,CBF&CBL
DE000BU0E436,"EUR 0,00 BUNDES DEUTSCH 1",0.17,CBF&CBL
DE000NRW0QT2,"EUR FL.R NORDRHEIN-WESTFA",0.51,CBF&CBL
ES0000011876,"EUR 0,00 SPAIN, KINGDOM O",1.20,CBF&CBL
DE000A1680N8,"EUR 0,936 BREMEN HANSTADT",5.67,CBF&CBL
XS2397352233,"EUR 0,01 SPAREBANKEN NOR ",0.36,CBF&CBL
DE000A1RQET8,"EUR 2,875 HESSEN LAND 24-",0.96,CBF&CBL
DE000A3H25V2,"EUR 2,625 BADEN-WUERTTEMB",2.66,CBF&CBL
BE0390204700,"EUR 3,03 KBC BANK NV (REG",1.64,CBF&CBL
ES00000126D8,"EUR 4,00 SPAIN, KINGDOM O",6.14,CBF&CBL
FR0013451796,"EUR 0,01 CRH (REGS) 19-20",1.08,CBF&CBL
DE000RLP1254,"EUR 0,01 RHEINLAND-PFALZ ",1.48,CBF&CBL
BE0002947282,"EUR 3,375 ING BELGIUM SA/",0.36,CBF&CBL
FR001400O9E0,"EUR 3,111 ARKEA PUBLIC (R",0.84,CBF&CBL
FR0014005MV4,"EUR 0,50 CAISSE FCSE DE (",5.51,CBF&CBL
DE0001053676,"EUR 3,275 BAYERN, FREISTA",5.54,CBF&CBL
XS2787169536,"EUR 2,80 ASIAN DEV.BK 24-",0.34,CBF&CBL
DE000CZ457K9,"EUR 2,50 COMMERZBK AG (RE",1.38,CBF&CBL
SK4000030532,"EUR 4,25 SLOVAK, REP. 26-",9.73,CBF&CBL
XS1613374559,"EUR 1,125 FINNVERA PLC (R",12.64,CBF&CBL
DE000NRW0L69,"EUR 0,463 NORDRHEIN-WESTF",3.09,CBF&CBL
DE000A289LE8,"EUR 0,01 LAND BERLIN (REG",1.56,CBF&CBL
BE0002892736,"EUR 3,25 BELFIUS BANK SA/",0.37,CBF&CBL
DE000NRW0NW3,"EUR 2,75 NORDRHEIN-WESTFA",1.81,CBF&CBL
DE000A30VPC2,"EUR 2,25 DEUTSCHE BANK AG",0.36,CBF&CBL
EU000A4EG781,"EUR 2,50 EUROP.INVEST.BK ",0.94,CBF&CBL
DE000A12T9R9,"EUR 1,37 LAND BERLIN 14-2",0.52,CBF&CBL
DE000A2E4UC4,"EUR 0,75 L-BANK 17-2029",1.19,CBF&CBL
XS1637329639,"EUR 0,75 KNAB N.V. (REGS/",0.36,CBF&CBL
BE0002642230,"EUR 1,535 BRUSSELS, REG. ",10.83,CBF&CBL
DE000SHFM683,"EUR 0,25 SCHLESWIG-HOLSTE",0.53,CBF&CBL
XS2804680291,"EUR 3,12 ACHMEA BANK N.V ",1.54,CBF&CBL
DE0001143410,"EUR 0,00 BUNDES DEUTSCH (",2.72,CBF&CBL
DE0001108744,"EUR 0,00 BUNDES DEUTSCH (",4.55,CBF&CBL
ES00000129L5,"EUR 0,00 SPAIN, KINGDOM O",5.78,CBF&CBL
DE000A2LQSN2,"EUR 0,75 KFW (REGS) 19-20",0.89,CBF&CBL
DE000A2LQPJ6,"EUR 0,01 HAMBURG HANSESTA",0.58,CBF&CBL
FR001400GM85,"EUR 3,50 CAISSE FCSE DE (",1.63,CBF&CBL
DE000LB387B4,"EUR 3,25 LBK BADEN-WUERTT",0.36,CBF&CBL
XS2907263284,"EUR 2,625 MORE BOLIGKREDI",1.04,CBF&CBL
XS3074462352,"EUR 2,75 ACHMEA BANK N.V ",1.70,CBF&CBL
DE000A2LQN79,"EUR 0,20 HAMBURG HANSESTA",6.27,CBF&CBL
DE000BU4K047,"EUR 0,00 BUNDES DEUTSCH 2",6.23,CBF&CBL
BE0008066152,"EUR 0,00 BELGIUM, KINGDOM",3.07,CBF&CBL
BE0000341504,"EUR 0,80 BELGIUM, KINGDOM",0.69,CBF&CBL
FR0013234986,"EUR 1,375 CREDIT AGR HOME",1.67,CBF&CBL
DE000A1RQEN1,"EUR 3,25 HESSEN LAND 23-2",0.79,CBF&CBL
FR0014010MT8,"EUR 3,25 BPCE (REGS) 25-2",2.47,CBF&CBL
DE000A1685T4,"EUR 1,095 HAMBURG HANSEST",5.51,CBF&CBL
DE000BU25000,"EUR 2,20 BUNDES DEUTSCH 2",0.31,CBF&CBL
FR0014013WA1,"EUR 2,75 LA BQE POST HOM ",1.55,CBF&CBL
DE000BYL0RA8,"EUR 3,142123 BAYERNLB (RE",1.34,CBF&CBL
DE0001135275,"EUR 4 BRD 05-2037",1.84,CBF&CBL
DE000NRW0KT5,"EUR 1,45 NORDRHEIN-WESTFA",4.84,CBF&CBL
DE000RLP1072,"EUR 0,50 RHEINLAND-PFALZ ",3.31,CBF&CBL
ES0000012I81,"EUR 0,00 SPAIN, KINGDOM O",2.15,CBF&CBL
EU000A4ELKS4,"EUR 0,00 EUROPEAN UNION 0",0.05,CBF&CBL
DE0001142701,"EUR 0,00 BRD 05-2037",2.45,CBF&CBL
XS0213741647,"EUR FL.R KFW 05-2034",1.19,CBF&CBL
DE000A1R06C5,"EUR 2,375 DT. PFANDBRIEFB",0.61,CBF&CBL
FR0013234622,"EUR 0,00 FRANCE (OAT STRI",2.54,CBF&CBL
FR0013482189,"EUR 0,375 CAISSE FCSE DE ",3.90,CBF&CBL
DE000A254Q76,"EUR 3,15 LAND SACHSEN ANH",1.05,CBF&CBL
DE000A383XT2,"EUR 2,50 NIEDERSACHSEN LA",1.10,CBF&CBL
DE000A382632,"EUR 2,875 DT. PFANDBRIEFB",0.48,CBF&CBL
DE000A5H2794,"EUR FL.R KFW 26-2028",0.39,CBF&CBL
SI0002104105,"EUR 0,00 SLOVENIA REP.OF ",3.68,CBF&CBL
DE000LFA2055,"EUR 2,00 LFA FRDRBK.BAYER",0.73,CBF&CBL
DE000NRW0PN7,"EUR 2,70 NORDRHEIN-WESTFA",2.61,CBF&CBL
AT0000A3LMM1,"EUR 2,75 HYPO VORARLBERG ",1.70,CBF&CBL
BE0001746974,"EUR 2,361 COMMUNAUT FRANC",8.93,CBF&CBL
DE000LFA1867,"EUR 1,00 LFA FRDRBK.BAYER",1.51,CBF&CBL
FR001400F5U5,"EUR 3,00 CADES (REGS) 23-",0.78,CBF&CBL
DE000A383JG8,"EUR 3,00 BAUSPARK. SCHWA ",2.09,CBF&CBL
FR0129704104,"EUR 0,00 BANQUE DE FRANCE",0.05,CBF&CBL
DE000BHY0GX9,"EUR 0,01 BERLIN HYP AG (R",1.40,CBF&CBL
XS2391570418,"EUR 0,01 STADSHYP AB (PUB",1.43,CBF&CBL
DE000A3H3G17,"EUR 0,375 THUERINGEN, FRE",6.56,CBF&CBL
DE000A1RQE18,"EUR 2,75 HESSEN LAND (REG",1.81,CBF&CBL
FR00140190P8,"EUR 3,492 LA BQE POST HOM",2.66,CBF&CBL
XS1241581096,"EUR 1,75 TENNET NETHERLA ",5.00,CBF&CBL
DE000A289C48,"EUR 0,01 NIEDERSACHSEN LA",0.59,CBF&CBL
DE000A2BPJZ8,"EUR 0,20 THUERINGEN, FREI",0.34,CBF&CBL
EU000A287074,"EUR 0,00 EUROPEAN UNION (",0.42,CBF&CBL
ES0000012M69,"EUR 2,05 SPAIN, KINGDOM O",6.05,CBF&CBL
DE000RLP0793,"EUR 0,60 RHEINLAND-PFALZ ",5.93,CBF&CBL
DE000A351PJ6,"EUR 2,875 LAND BERLIN (RE",2.44,CBF&CBL
XS2902710370,"EUR 2,625 CCCIF (REGS/30)",5.00,CBF&CBL
DE000CZ45ZW4,"EUR 2,50 COMMERZBK AG (RE",1.36,CBF&CBL
XS3204229812,"EUR 2,50 SPAREBANKEN NOR ",1.39,CBF&CBL
FR0014018FD9,"EUR 3,125 CRH (REGS) 26-2",1.53,CBF&CBL
DE000NRW2YG9,"EUR FL.R NORDRHEIN-WESTFA",2.26,CBF&CBL
BE0001753079,"EUR 1,707 VLAAMS GEMEENSC",2.87,CBF&CBL
BE0002682632,"EUR 0,125 BELFIUS BANK SA",1.19,CBF&CBL
NL00150006U0,"EUR 0,00 DUTCH STATE 21-2",1.85,CBF&CBL
XS2334114779,"EUR 0,35 INTL.DEVEL..ASSO",3.18,CBF&CBL
XS2406886973,"EUR 0,70 RAIFFEISENBANK A",2.19,CBF&CBL
DE0001135226,"EUR 4,75 BRD 03-2034",1.44,CBF&CBL
DE000LFA2568,"EUR 3,125 LFA FRDRBK.BAYE",2.11,CBF&CBL
XS2262802601,"EUR 0,01 STADSHYP AB (PUB",0.77,CBF&CBL
BE0002801828,"EUR 1,029 BRUSSELS, REG. ",11.17,CBF&CBL
DE000WBP0BB8,"EUR 0,125 WUESTENROT BSPK",1.09,CBF&CBL
FR0013200813,"EUR 0,25 FRANCE (REGS OAT",0.05,CBF&CBL
BE0008536972,"EUR 0,00 BELGIUM, KINGDOM",13.60,CBF&CBL
FR0012146447,"EUR 2,09 CAISSE DES DEPOT",5.45,CBF&CBL
FR0014009OM1,"EUR 1,125 CAISSE FCSE DE ",0.60,CBF&CBL
DE000DL19WV6,"EUR 2,625 DEUTSCHE BANK A",2.84,CBF&CBL
XS2538764684,"EUR 2,50 CCCIF (REGS/28) ",5.00,CBF&CBL
DE000BU4K120,"EUR 0,00 BUNDES DEUTSCH 2",4.67,CBF&CBL
XS1785355873,"EUR 1,886 NIEDEROESTERREI",7.16,CBF&CBL
XS1788694856,"EUR 1,00 ASN BANK N.V. (R",0.51,CBF&CBL
ES00000129Q4,"EUR 0,00 SPAIN, KINGDOM O",6.87,CBF&CBL
AT000B078746,"EUR FL.R RAIF.LBK NIEDERO",0.35,CBF&CBL
DE0001789410,"EUR 2,875 SACHSEN, FREIST",2.37,CBF&CBL
XS2586011491,"EUR 3,00 ASIAN INFRA INV ",7.50,CBF&CBL
ES0000012973,"EUR 0,00 SPAIN, KINGDOM O",2.91,CBF&CBL
XS0884635524,"EUR 2,75 EUROP.INVEST.BK ",2.34,CBF&CBL
DE000A2GSLV6,"EUR 0,625 DT. PFANDBRIEFB",0.37,CBF&CBL
FR0014004016,"EUR 0,00 CADES (REGS) 21-",0.48,CBF&CBL
DE0001143907,"EUR 0,00 BUNDES DEUTSCH 2",1.41,CBF&CBL
DE0001143923,"EUR 0,00 BUNDES DEUTSCH 2",1.79,CBF&CBL
XS2489466446,"EUR 2,00 ASIAN DEV.BK 22-",2.71,CBF&CBL
ES0000012R56,"EUR 0,00 SPAIN, KINGDOM O",5.29,CBF&CBL
EU000A1GY6W8,"EUR 3,75 EUROPEAN UNION (",2.57,CBF&CBL
XS1555331617,"EUR 0,50 EUROP.INVEST.BK ",0.07,CBF&CBL
DE000NRW0NH4,"EUR 4,485 NORDRHEIN-WESTF",1.12,CBF&CBL
DE0003811790,"EUR 0,00 BUNDES DEUTSCH 2",0.58,CBF&CBL
FR001400Z2L7,"EUR 2,70 FRANCE 25-2031",1.00,CBF&CBL
DE0001143451,"EUR 0,00 BUNDES DEUTSCH (",3.57,CBF&CBL
DE0001108819,"EUR 0,00 BUNDES DEUTSCH 1",0.09,CBF&CBL
NL0015000LS8,"EUR 0,00 DUTCH STATE 21-2",0.89,CBF&CBL
XS2834272002,"EUR 2,95 ASIAN DEV.BK 24-",0.88,CBF&CBL
DE000BU22080,"EUR 2,20 BUNDES DEUTSCH 2",0.07,CBF&CBL
NL0009446608,"EUR 0,00 DUTCH STATE (PRI",5.04,CBF&CBL
BE0002608868,"EUR 1,532 BRUSSELS, REG. ",6.91,CBF&CBL
FR0010810200,"EUR 0,00 FRANCE (OAT STRI",0.53,CBF&CBL
DE000A2G8W32,"EUR 1,50 BREMEN HANSTADT ",3.18,CBF&CBL
FR0014006UI2,"EUR 0,01 SOCIETE GEN.SFH ",0.36,CBF&CBL
BE0002997782,"EUR 3,75 BRUSSELS, REG. O",6.77,CBF&CBL
FR001400SGD2,"EUR 3,00 COMP.FINA.FONCIE",1.91,CBF&CBL
DE000A3513X8,"EUR FL.R LAND BERLIN 25-2",2.01,CBF&CBL
FR0013209871,"EUR FL.R FRANCE (REGS OAT",9.87,CBF&CBL
NL00150009Z3,"EUR 0,125 COOPERATIEVE RA",0.88,CBF&CBL
FR0014009O88,"EUR 1,125 BPCE (REGS) 22-",1.24,CBF&CBL
DE000A289KL5,"EUR 1,75 INVESTITIONSBK 2",0.50,CBF&CBL
DE0001142164,"EUR 0,00 BRD(BUNDESREPUBL",1.10,CBF&CBL
XS0878008225,"EUR 2,625 EUROP.INVEST.BK",1.65,CBF&CBL
DE000A1RQDK9,"EUR 0,00 HESSEN LAND (REG",1.17,CBF&CBL
BE0002757384,"EUR 0,01 BRUSSELS, REG. O",0.72,CBF&CBL
FR0000571184,"EUR 0,00 FRANCE (OAT STRI",0.37,CBF&CBL
DE000NRW2152,"EUR 2,375 NORDRHEIN-WESTF",2.24,CBF&CBL
XS0984087204,"EUR 3,00 OEBB INFRASTRUKT",2.39,CBF&CBL
BE6287589491,"EUR 1,244 COMMUNAUT FRANC",3.27,CBF&CBL
FI4000369467,"EUR 0,50 FINLAND REP.OF (",1.58,CBF&CBL
DE000A1KRJT0,"EUR 0,125 ING DIBA AG (RE",0.36,CBF&CBL
DE000NRW0MA1,"EUR 0,20 NORDRHEIN-WESTFA",1.40,CBF&CBL
XS2159783542,"EUR 0,50 ABN AMRO BK NV (",1.01,CBF&CBL
ES0000012D29,"EUR 0,00 SPAIN, KINGDOM O",8.35,CBF&CBL
DE000A30V3V8,"EUR 2,625 THUERINGEN, FRE",2.00,CBF&CBL
XS3440163569,"EUR 3,125 INTL.FIN.CORP. ",1.37,CBF&CBL
XS3516257832,"EUR 0,00 EUROP.INVEST.BK ",0.06,CBF&CBL
XS2412105533,"EUR 0,01 DANSKE MTG BK (R",0.36,CBF&CBL
DE000A4DFTK2,"EUR 3,10 KFW 25-2035",2.76,CBF&CBL
DE0001142685,"EUR 0,00 BRD 05-2035",1.94,CBF&CBL
FR0011883966,"EUR 2,50 FRANCE (REGS OAT",0.80,CBF&CBL
BE0002736172,"EUR 0,125 VLAAMS GEMEENSC",3.25,CBF&CBL
DE000A3H24E1,"EUR 0,01 NIEDERSACHSEN LA",0.82,CBF&CBL
XS2262065159,"EUR 0,125 TENNET NETHERLA",13.48,CBF&CBL
ES0000012E02,"EUR 0,00 SPAIN, KINGDOM O",10.76,CBF&CBL
BE0000358672,"EUR 3,30 BELGIUM, KINGDOM",9.88,CBF&CBL
XS2595650222,"EUR 3,25 LANDWIRT.RENTENB",1.47,CBF&CBL
DE000A351XU7,"EUR 2,75 DZ HYP AG (REGS)",1.50,CBF&CBL
DE000LB39EQ6,"EUR 3,125 LBK BADEN-WUERT",1.08,CBF&CBL
FR00140151E4,"EUR 2,926 SOC.GEN.SCF 25-",1.44,CBF&CBL
XS3401900256,"EUR 3,125 KOMERCNI BANKA ",1.91,CBF&CBL
BE6302244577,"EUR 1,94 COMMUNAUT FRANCA",10.11,CBF&CBL
EU000A1G0EK7,"EUR 0,00 EFSF (REGS) 20-2",0.74,CBF&CBL
FR001400ADP1,"EUR 1,75 UNEDIC (REGS) 22",2.49,CBF&CBL
BE6339449140,"EUR FL.R VLAAMS GEMEENSCH",0.72,CBF&CBL
FR001400AKT8,"EUR 1,98 SOCIETE GENERALE",1.73,CBF&CBL
EU000A3K73L1,"EUR 2,125 EUROPEAN UNION ",2.67,CBF&CBL
DE000A4DE9G0,"EUR FL.R LAND BERLIN 25-2",0.53,CBF&CBL
SK4000023636,"EUR 3,875 SLOVENSKA SPORI",0.40,CBF&CBL
FR0010809475,"EUR 0,00 FRANCE (OAT STRI",1.92,CBF&CBL
FR0013460417,"EUR 0,125 CREDIT MUT ARK ",1.17,CBF&CBL
XS2081168358,"EUR 0,01 OP MORTGAGE BK (",0.36,CBF&CBL
DE000A352AC1,"EUR 2,982 LAND SACHSEN AN",5.78,CBF&CBL
BE0390183490,"EUR 2,917 KBC BANK NV (RE",1.56,CBF&CBL
DE000A3MQTQ9,"EUR FL.R HAMBURG HANSESTA",1.79,CBF&CBL
FR0013296159,"EUR 1,25 COMP.FINA.FONCIE",1.90,CBF&CBL
DE000A351YA7,"EUR 1,50 NIEDERSACHSEN LA",1.20,CBF&CBL
FR0014015FV7,"EUR 3,375 CRH (REGS) 26-2",2.59,CBF&CBL
FR0010372060,"EUR 0,00 FRANCE (OAT STRI",2.34,CBF&CBL
AT000B093273,"EUR 1,375 RAIFFEISEN-LAND",2.04,CBF&CBL
DE000A3MP6H1,"EUR 0,20 BAUSPARK. SCHWA ",1.63,CBF&CBL
DE000A4DFL98,"EUR 3,00 NIEDERSACHSEN LA",2.35,CBF&CBL
DE000A352AJ6,"EUR 2,04 LAND SACHSEN ANH",0.50,CBF&CBL
DE000BU25034,"EUR 2,50 BUNDES DEUTSCH 2",0.66,CBF&CBL
DE000A3828N1,"EUR FL.R INVESTITIONSBK 2",1.29,CBF&CBL
BE6372380624,"EUR 2,84 BNP PARIBAS FORT",1.92,CBF&CBL
AT0000A10683,"EUR 2,40 AUSTRIA, REP.OF ",3.54,CBF&CBL
AT0000A3A3B3,"EUR 3,00 HYPO NOE LANDES ",1.20,CBF&CBL
DE000NRW0PT4,"EUR 2,963 NORDRHEIN-WESTF",7.71,CBF&CBL
XS1944327631,"EUR 0,875 COOP RABOBK UA ",0.83,CBF&CBL
DE000NRW0MY1,"EUR 0,125 NORDRHEIN-WESTF",1.86,CBF&CBL
DE000A4DFTY3,"EUR 2,75 LAND SACHSEN ANH",1.92,CBF&CBL
FR001400PMU0,"EUR 3,125 COMP.FINA.FONCI",0.36,CBF&CBL
XS1750974658,"EUR 0,75 ERSTE GR.BK AG (",0.46,CBF&CBL
BE0002580588,"EUR 1,813 BRUSSELS, REG. ",10.25,CBF&CBL
BE0002617950,"EUR 0,725 BRUSSELS, REG. ",0.72,CBF&CBL
DE000A1RQE00,"EUR FL.R HESSEN LAND 24-2",0.54,CBF&CBL
SK4000021119,"EUR 2,00 SLOVENSKA SPORIT",0.66,CBF&CBL
DE000LFA2360,"EUR 2,875 LFA FRDRBK.BAYE",1.83,CBF&CBL
BE6233230109,"EUR 4,04 BRUSSELS, REG. O",3.36,CBF&CBL
DE0001040962,"EUR 2,07 BADEN-WUERTTEMBE",1.02,CBF&CBL
DE0003811477,"EUR 0,00 BUNDES DEUTSCH (",0.73,CBF&CBL
BE0008539034,"EUR 0,00 BELGIUM, KINGDOM",15.26,CBF&CBL
DE000NRW0L02,"EUR 0,50 NORDRHEIN-WESTFA",4.32,CBF&CBL
AT0000A305R9,"EUR 2,50 HYPO NOE LANDES ",1.34,CBF&CBL
XS2592234749,"EUR 3,25 SEB (REGS/326) 2",0.56,CBF&CBL
DE000A4DFJL1,"EUR FL.R DEUTSCHE BANK AG",0.70,CBF&CBL
DE000NRW0SG5,"EUR 3,35 NORDRHEIN-WESTFA",3.93,CBF&CBL
DE0001135085,"EUR 4,75 BRD 98-2028",0.40,CBF&CBL
FR0010810135,"EUR 0,00 FRANCE (OAT STRI",0.04,CBF&CBL
FR0013365269,"EUR 0,75 CAISSE DES DEPOT",1.40,CBF&CBL
DE000SHFM659,"EUR 0,375 SCHLESWIG-HOLST",0.34,CBF&CBL
DE000NRW0ML8,"EUR 0,00 NORDRHEIN-WESTFA",3.27,CBF&CBL
DE000BHY0JD5,"EUR 0,325 LBK BADEN-WUERT",0.85,CBF&CBL
DE000A2AARK7,"EUR 0,447 LAND SACHSEN AN",0.50,CBF&CBL
FR0013336492,"EUR 1,25 UNEDIC (REGS) 18",2.72,CBF&CBL
FR0014002FB7,"EUR 0,01 BPCE SFH (REGS) ",1.59,CBF&CBL
EU000A3K4DD8,"EUR 1,00 EUROPEAN UNION (",1.25,CBF&CBL
DE000A289MV0,"EUR FL.R AAREAL BK AG. 23",0.86,CBF&CBL
XS2791994309,"EUR 3,00 ASN BANK N.V. (R",1.52,CBF&CBL
DE000CZ45YM8,"EUR FL.R COMMERZBK AG 24-",0.79,CBF&CBL
FR001400X5T5,"EUR 3,093 BPCE (REGS) 25-",1.75,CBF&CBL
DE000A30V6Z2,"EUR FL.R LAND, BRANDENBUR",1.06,CBF&CBL
DE0001108868,"EUR 0,00 BUNDES DEUTSCH 1",0.63,CBF&CBL
BE6329638975,"EUR 0,15 COMMUNAUT FRANCA",3.41,CBF&CBL
DE000MHB31J9,"EUR 1,875 MUENCHENER HYPO",1.81,CBF&CBL
FR001400JMJ6,"EUR 3,46 CREDIT AGRICOLE ",2.73,CBF&CBL
BE0390102656,"EUR 2,85 BRUSSELS, REG. O",2.32,CBF&CBL
EU000A4EJF17,"EUR 3,625 EUROPEAN UNION ",2.58,CBF&CBL
DE000BU4Z185,"EUR 0,00 BUNDES DEUTSCH 2",3.97,CBF&CBL
XS0790003023,"EUR 2,75 ASFINAG(AT) (REG",2.51,CBF&CBL
XS2504099669,"EUR 1,95 ASIAN DEV.BK 22-",1.67,CBF&CBL
DE000BU4Z144,"EUR 0,00 BUNDES DEUTSCH 2",1.48,CBF&CBL
EU000A4DMLX2,"EUR 0,00 ESM (REGS) 08102",0.02,CBF&CBL
FR0010482315,"EUR 0,00 FRANCE (OAT PRIN",1.54,CBF&CBL
DE000A1RQDW4,"EUR 0,01 HESSEN LAND 20-2",1.37,CBF&CBL
DE000BHY0HW9,"EUR 0,25 LBK BADEN-WUERTT",2.11,CBF&CBL
XS3097942141,"EUR 2,50 PKO BK HIPOTECZN",1.24,CBF&CBL
DE000A460F53,"EUR 2,95 MECKLENBURG-VORP",2.06,CBF&CBL
XS3362312053,"EUR FL.R AUSTRIA, REP.OF ",2.55,CBF&CBL
FI4000037635,"EUR 2,75 FINLAND REP.OF (",0.93,CBF&CBL
FR0013234333,"EUR 1,75 FRANCE (REGS OAT",2.55,CBF&CBL
AT0000A2NW83,"EUR 0,00 AUSTRIA, REP.OF ",2.37,CBF&CBL
FR0014007L00,"EUR 0,00 FRANCE (REGS OAT",1.34,CBF&CBL
FR0011521590,"EUR 3,03 CAISSE DES DEPOT",4.14,CBF&CBL
SK4120010430,"EUR 1,375 SLOVAK, REP. (R",0.85,CBF&CBL
ES00000127W6,"EUR 0,00 SPAIN, KINGDOM O",1.44,CBF&CBL
DE000A289K30,"EUR 0,01 BREMEN HANSTADT ",0.69,CBF&CBL
DE000A3H2V76,"EUR 0,239 MECKLENBURG-VOR",10.92,CBF&CBL
DE000A14JZP2,"EUR 0,01 BADEN-WUERTTEMBE",1.56,CBF&CBL
FR001400AJT0,"EUR 1,875 CAISSE FCSE DE ",2.30,CBF&CBL
BE0001779330,"EUR 1,76 COMMUNAUT FRANCA",6.60,CBF&CBL
DE000A2E4EB0,"EUR 1,375 LAND BERLIN 18-",3.73,CBF&CBL
ES00000129G5,"EUR 0,00 SPAIN, KINGDOM O",4.63,CBF&CBL
DE000CZ439P6,"EUR 2,75 COMMERZBK AG (RE",1.46,CBF&CBL
DE000A4DFU89,"EUR FL.R KFW 26-2031",1.70,CBF&CBL
DE0003271482,"EUR 0,00 LANDESBK NORDRHE",2.50,CBF&CBL
BE0000338476,"EUR 1,60 BELGIUM, KINGDOM",9.92,CBF&CBL
BE6318879085,"EUR 0,91 BRUSSELS, REG. O",12.86,CBF&CBL
DE000NLB34Y2,"EUR 2,875 NORD/LB GZ (REG",1.19,CBF&CBL
DE000A2E4DQ0,"EUR 0,625 LAND SACHSEN AN",0.38,CBF&CBL
XS1809234625,"EUR 0,00 IBRD-WORLD BANK ",7.73,CBF&CBL
ES00000129H3,"EUR 0,00 SPAIN, KINGDOM O",4.79,CBF&CBL
AT0000A2Y8G4,"EUR 1,850000 AUSTRIA, REP",8.23,CBF&CBL
FR001400FZ81,"EUR 3,125 SOCIETE GENERAL",1.62,CBF&CBL
DE000A30V638,"EUR 2,90 LAND, BRANDENBUR",4.51,CBF&CBL
DE0001142057,"EUR 0,00 BRD (STRIP PRINC",0.31,CBF&CBL
FR0010482679,"EUR 0,00 FRANCE (OAT STRI",7.19,CBF&CBL
XS1942756096,"EUR 0,625 CNCL.EU DEV.BK ",0.57,CBF&CBL
DE000NRW0NX1,"EUR 2,90 NORDRHEIN-WESTFA",5.92,CBF&CBL
XS2586944147,"EUR 4,25 POLAND, REP.OF (",8.98,CBF&CBL
BE0002921022,"EUR 3,00 BELFIUS BANK SA/",0.36,CBF&CBL
DE000SHFM1J8,"EUR 3,125 SCHLESWIG-HOLST",2.58,CBF&CBL
DE000RLP1684,"EUR FL.R RHEINLAND-PFALZ ",0.34,CBF&CBL
EU000A1U9977,"EUR 0,875 ESM (REGS) 16-2",3.07,CBF&CBL
FR0013355211,"EUR 1,552 CAISSE DES DEPO",6.89,CBF&CBL
XS2102988354,"EUR 0,00 IBRD-WORLD BANK ",0.07,CBF&CBL
FR001400TNF1,"EUR 2,519 BNP PARIBAS HOM",0.38,CBF&CBL
DE000BHY0JW5,"EUR 3,00 LBK BADEN-WUERTT",0.38,CBF&CBL
DE0001142073,"EUR 0,00 BRD (STRIP PRINC",0.46,CBF&CBL
DE000A3E5FS7,"EUR 0,50 LAND SACHSEN ANH",7.41,CBF&CBL
EU000A3KRJQ6,"EUR 0,00 EUROPEAN UNION (",0.67,CBF&CBL
DE000NWB0AE6,"EUR 0,50 NRW.BANK (REGS) ",0.50,CBF&CBL
EU000A1G0EE0,"EUR 0,05 EFSF (REGS) 19-2",2.18,CBF&CBL
XS3047279776,"EUR 2,625 OP MORTGAGE BK ",1.44,CBF&CBL
XS3241239543,"EUR 4,00 AUSTRIA, REP.OF ",3.71,CBF&CBL
DE000A5H27S9,"EUR 2,956 KFW (REGS) 26-2",2.35,CBF&CBL
BE0390241108,"EUR 4,28 COMMUNAUT FRANCA",8.19,CBF&CBL
DE000A1681E5,"EUR 0,75 INVESTITIONSBK 1",0.50,CBF&CBL
DE000A2NBKT4,"EUR 1,125 NIEDERSACHSEN L",2.07,CBF&CBL
DE000NWB0AF3,"EUR 0,75 NRW.BANK (REGS M",0.86,CBF&CBL
DE000A3MP619,"EUR 0,75 DZ HYP AG (REGS)",1.11,CBF&CBL
BE0002924059,"EUR 3,125 KBC BANK NV (RE",0.36,CBF&CBL
DE000A2YN1C2,"EUR 0,01 INVESTITIONSBK 2",2.35,CBF&CBL
DE000NRW0PE6,"EUR 3,00 NORDRHEIN-WESTFA",6.02,CBF&CBL
ES0000012O67,"EUR 3,15 SPAIN, KINGDOM O",2.98,CBF&CBL
XS3203038347,"EUR 2,75 KOMERCNI BANKA A",1.53,CBF&CBL
FR001400ICR2,"EUR 3,25 CREDIT MUT ARK S",2.00,CBF&CBL
DE000A2AAPR6,"EUR 1,27 LAND BERLIN 17-2",2.68,CBF&CBL
EU000A1G0D88,"EUR 0,625 EFSF (REGS) 18-",0.72,CBF&CBL
FR0014010UW5,"EUR FL.R ARKEA PUBLIC (RE",2.47,CBF&CBL
ES00000126O5,"EUR 0,00 SPAIN, KINGDOM O",4.49,CBF&CBL
FR0013154259,"EUR 0,00 FRANCE (OAT STRI",7.73,CBF&CBL
BE0008581457,"EUR 0,00 BELGIUM, KINGDOM",23.77,CBF&CBL
XS2449932651,"EUR 0,541 ING BANK N.V. (",0.36,CBF&CBL
NL0015001RG8,"EUR 3,25 DUTCH STATE 23-2",4.36,CBF&CBL
DE000HV2A2C5,"EUR 3,00 UNICREDIT BANK (",1.63,CBF&CBL
DE000A11QTK7,"EUR 1,375 KFW (REGS) 15-2",2.96,CBF&CBL
ES0000012A30,"EUR 0,00 SPAIN, KINGDOM O",10.70,CBF&CBL
XS2290963466,"EUR 0,05 EUROP.INVEST.BK ",5.16,CBF&CBL
DE000BHY0GE9,"EUR 0,01 LBK BADEN-WUERTT",0.47,CBF&CBL
DE000A3H2Y81,"EUR FL.R LAND BERLIN 22-2",0.49,CBF&CBL
AT0000A10NQ3,"EUR 2,633 NIEDEROESTERREI",0.84,CBF&CBL
BE0001764183,"EUR FL.R VLAAMS GEMEENSCH",0.48,CBF&CBL
DE000A31RJS7,"EUR 3,625 DT. PFANDBRIEFB",0.37,CBF&CBL
DE000BYL0G78,"EUR 3,00 BAYERISCH.LANDES",2.20,CBF&CBL
FR0013154085,"EUR 0,00 FRANCE (OAT STRI",4.87,CBF&CBL
FR0013445129,"EUR 0,01 COMP.FINA.FONCIE",0.39,CBF&CBL
BE0002723048,"EUR 0,64 BRUSSELS, REG. O",10.80,CBF&CBL
DE000NRW0MZ8,"EUR 0,60 NORDRHEIN-WESTFA",4.73,CBF&CBL
DE000BU2Z007,"EUR 2,30 BUNDES DEUTSCH 2",1.30,CBF&CBL
BE0002604826,"EUR 1,679 BRUSSELS, REG. ",8.88,CBF&CBL
BE0002683648,"EUR 0,04 KBC BANK NV (REG",1.20,CBF&CBL
DE000BHY0B14,"EUR 0,01 LBK BADEN-WUERTT",0.36,CBF&CBL
DE000A289NM7,"EUR 0,05 LAND, BRANDENBUR",3.98,CBF&CBL
NL0015001BV1,"EUR 3,25 NATIONALE NL BAN",0.36,CBF&CBL
BE0312821938,"EUR 0,00 BELGIUM, KINGDOM",0.69,CBF&CBL
FR0013463551,"EUR 0,01 CRH (REGS) 19-20",0.36,CBF&CBL
DE000A14JZW8,"EUR FL.R BADEN-WUERTTEMBE",0.49,CBF&CBL
XS2579199865,"EUR 2,875 NIBC BANK N.V. ",1.15,CBF&CBL
FR001400N7G0,"EUR 2,75 CADES (REGS) 24-",1.14,CBF&CBL
DE000LFA2352,"EUR 2,875 LFA FRDRBK.BAYE",2.61,CBF&CBL
FR0014016LD1,"EUR 3,00 CAISSE FCSE DE (",2.16,CBF&CBL
DE000NRW0J22,"EUR 1,00 NORDRHEIN-WESTFA",5.91,CBF&CBL
DE000HV2AYD5,"EUR 0,01 UNICREDIT BANK (",1.58,CBF&CBL
DE000A2LQPQ1,"EUR 2,875 HAMBURG HANSEST",1.62,CBF&CBL
FR0000578593,"EUR 0,00 FRANCE (OAT STRI",1.36,CBF&CBL
DE000LFA1750,"EUR 1,375 LFA FRDRBK.BAYE",3.11,CBF&CBL
XS2076139166,"EUR 0,125 SPAREBNK 1 BOLI",1.10,CBF&CBL
XS2194790262,"EUR 0,01 EUROP.INVEST.BK ",1.89,CBF&CBL
SK4000020673,"EUR 1,125 SLOVENSKA SPORI",0.40,CBF&CBL
XS3363425037,"EUR FL.R CESKA EXPORTNI B",8.06,CBF&CBL
XS3401025765,"EUR 3,25 NORDEA MORTGAGE ",3.02,CBF&CBL
XS1548458014,"EUR 1,125 ABN AMRO BK NV ",1.66,CBF&CBL
XS2066003901,"EUR 0,00 INTL.DEVEL..ASSO",0.38,CBF&CBL
DE0001053551,"EUR 0,01 BAYERN, FREISTAA",0.34,CBF&CBL
BE0002806876,"EUR 0,75 BRUSSELS, REG. O",9.22,CBF&CBL
BE6287818841,"EUR 0,50 COMMUNAUT FRANCA",11.43,CBF&CBL
BE0390354265,"EUR 3,00 ING BK(BELGIUM)S",1.50,CBF&CBL
DE000BYL0J59,"EUR 2,75 BAYERISCH.LANDES",0.95,CBF&CBL
DE0001053122,"EUR 5,50 BAVARIA, STATE O",0.57,CBF&CBL
DE0001143444,"EUR 0,00 BUNDES DEUTSCH (",3.36,CBF&CBL
ES0000012E69,"EUR 1,85 SPAIN, KINGDOM O",3.17,CBF&CBL
DE0001102481,"EUR 0,00 BUNDES DEUTSCH 1",4.80,CBF&CBL
XS3349884653,"EUR 3,00 MORE BOLIGKREDIT",1.54,CBF&CBL
DE000A4DFVQ5,"EUR 3,375 INVESTITIONSBK ",3.83,CBF&CBL
DE000NRW0KF4,"EUR 1,55 NORDRHEIN-WESTFA",5.91,CBF&CBL
BE0001761155,"EUR 1,12 COMMUNAUT FRANCA",7.05,CBF&CBL
XS2016138765,"EUR 0,50 IBRD-WORLD BANK ",1.80,CBF&CBL
DE000A351Y94,"EUR 2,375 KFW (REGS) 24-2",0.39,CBF&CBL
DE000CZ457U8,"EUR 3,125 COMMERZBK AG (R",2.61,CBF&CBL
SK4120009762,"EUR 3,625 SLOVAK, REP. 14",1.89,CBF&CBL
XS2698047771,"EUR 3,25 KFW (REGS) 23-20",1.66,CBF&CBL
XS3080987707,"EUR 2,704 SID SLOVENSKA (",11.88,CBF&CBL
XS3181619688,"EUR 2,25 LANDESBANK HESS-",0.69,CBF&CBL
FR0129570588,"EUR 0,00 BANQUE DE FRANCE",0.04,CBF&CBL
DE0001135143,"EUR 6,25 BRD 00-2030",0.68,CBF&CBL
DE000A1K0LY8,"EUR 5,4767 LAND BERLIN (R",1.11,CBF&CBL
FR0013154044,"EUR 1,25 FRANCE (REGS OAT",2.11,CBF&CBL
FR0013186046,"EUR 0,875 BPCE SFH (REGS)",1.66,CBF&CBL
BE0002715960,"EUR 0,01 BELFIUS BANK SA/",1.68,CBF&CBL
BE0002788694,"EUR 0,93 BRUSSELS, REG. O",12.44,CBF&CBL
EU000A4EQY56,"EUR 2,625 EUROP.INVEST.BK",1.49,CBF&CBL
FR0014018ML8,"EUR 3,625 CAISSE FCSE DE ",2.65,CBF&CBL
XS1824248626,"EUR 0,875 AFRICAN DEV.BK ",0.55,CBF&CBL
DE000A2TR8W8,"EUR 0,375 NIEDERSACHSEN L",0.90,CBF&CBL
XS2478521151,"EUR 1,625 HYPO VORARLBERG",0.57,CBF&CBL
ES0000012K61,"EUR 2,55 SPAIN, KINGDOM O",2.57,CBF&CBL
DE0001053783,"EUR 3,12 BAYERN, FREISTAA",4.39,CBF&CBL
DE000A3513Q2,"EUR 2,625 LAND BERLIN (RE",3.45,CBF&CBL
FR001400TEX3,"EUR 3,199 BPCE SFH 24-203",3.10,CBF&CBL
XS2102495673,"EUR 0,05 EUROP.INVEST.BK ",0.77,CBF&CBL
AT0000A33SK7,"EUR 3,15 AUSTRIA, REP.OF ",8.22,CBF&CBL
FR001400UB80,"EUR 3,112 SOCIETE GEN.SFH",2.58,CBF&CBL
DE000A351UP3,"EUR 3,00 LAND, BRANDENBUR",2.38,CBF&CBL
SK4000029518,"EUR 3,25 CESKOSLOVENSKA O",1.74,CBF&CBL
SK4000021986,"EUR 4,00 SLOVAK, REP. (RE",4.38,CBF&CBL
XS2985204515,"EUR 3,25 INTL.DEVEL..ASSO",3.48,CBF&CBL
XS3480769069,"EUR 3,00 KFW (REGS) 26-20",1.14,CBF&CBL
FR0011461458,"EUR 0,00 FRANCE (OAT STRI",0.40,CBF&CBL
DE000A2AAPL9,"EUR 0,625 LAND BERLIN (RE",0.40,CBF&CBL
DE0001053601,"EUR 0,01 BAYERN, FREISTAA",1.56,CBF&CBL
DE000A3MQUF0,"EUR 2,75 L-BANK (REGS/565",0.68,CBF&CBL
XS2589317697,"EUR 3,00 NORDEA MORTGAGE ",1.30,CBF&CBL
SK4000027942,"EUR 2,50 PRIMA BANKA SLO ",0.78,CBF&CBL
DE000NRW0K52,"EUR 1,50 NORDRHEIN-WESTFA",4.17,CBF&CBL
FR0013535820,"EUR 0,01 CAISSE FCSE DE (",0.49,CBF&CBL
DE000NLB4RL0,"EUR FL.R NORD/LB GZ 23-20",0.35,CBF&CBL
FR0014017Z10,"EUR 3,80 FRANCE (OAT) 26-",2.08,CBF&CBL
BE0008527880,"EUR 0,00 BELGIUM, KINGDOM",8.45,CBF&CBL
FR0013286820,"EUR 0,875 BPCE SFH (REGS)",0.54,CBF&CBL
DE000A2YPE27,"EUR 0,20 THUERINGEN, FREI",3.68,CBF&CBL
DE0001143949,"EUR 0,00 BUNDES DEUTSCH 2",2.30,CBF&CBL
ES0000012K95,"EUR 3,45 SPAIN, KINGDOM O",4.08,CBF&CBL
DE000CZ45ZF9,"EUR FL.R COMMERZBK AG (RE",0.54,CBF&CBL
ES00000126Q0,"EUR 0,00 SPAIN, KINGDOM O",4.83,CBF&CBL
XS2286422071,"EUR 0,00 CNCL.EU DEV.BK (",0.97,CBF&CBL
ES0000012F68,"EUR 0,00 SPAIN, KINGDOM O",3.63,CBF&CBL
DE000HV2AYZ8,"EUR 1,375 UNICREDIT BANK ",0.36,CBF&CBL
EU000A4EM8H8,"EUR 3,00 EUROP.INVEST.BK ",1.75,CBF&CBL
FR0010809632,"EUR 0,00 FRANCE (OAT STRI",6.25,CBF&CBL
DE0003811634,"EUR 0,00 BUNDES DEUTSCH (",4.30,CBF&CBL
DE000CZ45ZK9,"EUR 2,50 COMMERZBK AG (RE",0.50,CBF&CBL
DE000A2AARH3,"EUR 0,51 LAND SACHSEN ANH",0.38,CBF&CBL
AT0000A3EK38,"EUR 3,125 NIEDEROESTERREI",3.00,CBF&CBL
DE000NWB9163,"EUR 2,50 NRW.BANK (REGS) ",1.88,CBF&CBL
DE0001143394,"EUR 0,00 BUNDES DEUTSCH (",2.34,CBF&CBL
EU000A1G0DL7,"EUR 1,70 EFSF (REGS) 17-2",8.87,CBF&CBL
FR0013367562,"EUR 1,782 CAISSE DES DEPO",10.33,CBF&CBL
DE000HV2ASU1,"EUR 0,01 UNICREDIT BANK (",0.40,CBF&CBL
DE000A30V5F6,"EUR 3,00 DEUTSCHE BANK AG",1.44,CBF&CBL
DE000A1RQEP6,"EUR 2,75 HESSEN LAND (REG",2.42,CBF&CBL
NL00150742Z9,"EUR 3,125 NN LIFE (REGS) ",1.95,CBF&CBL
XS3515163643,"EUR 0,00 AUSTRIA, REP.OF ",0.54,CBF&CBL
XS2710358297,"EUR 3,625 SPAREBNK 1 BOLI",0.64,CBF&CBL
EU000A1Z0AV9,"EUR 0,519 EUROPEAN UNION ",0.11,CBF&CBL
FR0010372078,"EUR 0,00 FRANCE (OAT STRI",2.59,CBF&CBL
FR0013287299,"EUR 0,75 SOCIETE GEN.SFH ",0.37,CBF&CBL
DE000HV2AYA1,"EUR 0,01 UNICREDIT BANK (",1.33,CBF&CBL
DE000SCB0047,"EUR 3,00 DEUTSCHE KREDITB",2.39,CBF&CBL
FR0013481207,"EUR 0,01 SOCIETE GEN.SFH ",1.20,CBF&CBL
DE000A3H2YF9,"EUR 0,45 BREMEN HANSTADT ",6.32,CBF&CBL
XS2419364653,"EUR 0,00 EUROP.INVEST.BK ",0.28,CBF&CBL
DE000A3MQTE5,"EUR FL.R HAMBURG HANSESTA",0.59,CBF&CBL
DE000NWB2EC8,"EUR FL.R NRW.BANK 16-2031",1.13,CBF&CBL
DE0003811543,"EUR 0,00 BUNDES DEUTSCH (",2.37,CBF&CBL
FR0013246873,"EUR 1,25 UNEDIC (REGS) 17",0.46,CBF&CBL
DE0001102523,"EUR 0,00 BUNDES DEUTSCH 2",0.24,CBF&CBL
DE000BLB9S99,"EUR FL.R BAYERISCH.LANDES",0.43,CBF&CBL
DE000A30V372,"EUR 2,75 BREMEN HANSTADT ",1.55,CBF&CBL
BE0390270396,"EUR 3,375 VLAAMS GEMEENSC",2.77,CBF&CBL
FR0011008705,"EUR FL.R FRANCE (REGS OAT",0.55,CBF&CBL
DE0003811584,"EUR 0,00 BUNDES DEUTSCH (",3.14,CBF&CBL
DE000LFA2097,"EUR 3,00 LFA FRDRBK.BAYER",1.69,CBF&CBL
AT0000A38H91,"EUR 3,50 ERSTE GR.BK AG (",0.91,CBF&CBL
DE000BU2F009,"EUR 2,60 BUNDES DEUTSCH 2",2.52,CBF&CBL
XS2978479298,"EUR 2,95 IBRD-WORLD BANK ",1.63,CBF&CBL
DE000A2LQPM0,"EUR FL.R HAMBURG HANSESTA",0.38,CBF&CBL
EU000A2SCAQ2,"EUR 2,50 EFSF (REGS) 24-2",0.86,CBF&CBL
FR001400TWB1,"EUR 2,75 BPCE SFH (REGS) ",1.16,CBF&CBL
BE0000364738,"EUR 3,45 BELGIUM, KINGDOM",7.34,CBF&CBL
FR0014015OM8,"EUR FL.R CAISSE DES DEPOT",3.49,CBF&CBL
DE000A3E5V96,"EUR XXX BREMEN HANSTADT 2",1.72,CBF&CBL
BE0002983642,"EUR 3,50 BELFIUS BANK SA/",2.22,CBF&CBL
ES00000125K5,"EUR 0,00 SPAIN, KINGDOM O",0.06,CBF&CBL
SI0002104048,"EUR 0,4875 SLOVENIA REP.O",15.96,CBF&CBL
BE0002857382,"EUR 1,875 BELFIUS BANK SA",2.10,CBF&CBL
SK4120013400,"EUR 2,00 SLOVAK, REP. (RE",11.90,CBF&CBL
FR0013536950,"EUR 0,01 COMP.FINA.FONCIE",1.42,CBF&CBL
DE000A1RQD43,"EUR 0,01 HESSEN LAND (REG",1.88,CBF&CBL
EU000A1Z99T1,"EUR 2,625 ESM (REGS) 24-2",0.69,CBF&CBL
DE000CZ43ZF4,"EUR 2,875 COMMERZBK AG (R",0.71,CBF&CBL
XS2977903314,"EUR 2,75 LANDWIRT.RENTENB",2.09,CBF&CBL
FR001401AM80,"EUR 3,75 CREDIT AGR HOME ",2.54,CBF&CBL
FR0000578536,"EUR 0,00 FRANCE (OAT PRIN",1.58,CBF&CBL
ES00000128C6,"EUR 2,90 SPAIN, KINGDOM O",4.64,CBF&CBL
DE000A2E4ZL4,"EUR 1,34 THUERINGEN, FREI",3.19,CBF&CBL
BE0002675560,"EUR 0,283 BRUSSELS, REG. ",4.71,CBF&CBL
FR0013477924,"EUR 0,01 BPCE SFH (REGS) ",0.52,CBF&CBL
DE000A289J66,"EUR 0,01 SAARLAND 20-2027",0.34,CBF&CBL
SK4000021820,"EUR 3,50 SLOVENSKA SPORIT",0.59,CBF&CBL
DE000LFA2394,"EUR 2,75 LFA FRDRBK.BAYER",1.77,CBF&CBL
BE6359407879,"EUR 2,90 BNP PARIBAS FORT",1.61,CBF&CBL
DE000A1RQFG2,"EUR 2,875 HESSEN LAND 26-",2.26,CBF&CBL
BE6296431644,"EUR 2,10 COMMUNAUT FRANCA",12.17,CBF&CBL
FR001400HCM5,"EUR 3,25 CREDIT MUTUEL H ",0.89,CBF&CBL
XS3325335092,"EUR 2,75 NIBC BANK N.V. (",0.87,CBF&CBL
FR0010172304,"EUR 0,00 FRANCE (OAT STRI",3.32,CBF&CBL
SK4120014184,"EUR 2,25 SLOVAK, REP. (RE",15.30,CBF&CBL
BE6305455675,"EUR 1,13 COMMUNAUT FRANCA",1.23,CBF&CBL
XS2388457264,"EUR 0,00 KFW (REGS) 21-20",1.77,CBF&CBL
AT000B049945,"EUR 3,125 UNICREDIT BK AT",1.03,CBF&CBL
DE000A3E5SQ4,"EUR 3,00 LAND, BRANDENBUR",1.57,CBF&CBL
DE000MHB35J0,"EUR 3,00 MUENCHENER HYPOB",1.32,CBF&CBL
FR001400L834,"EUR 3,50 FRANCE 23-2033",1.51,CBF&CBL
DE000NRW0P99,"EUR 3,80 NORDRHEIN-WESTFA",5.92,CBF&CBL
ES0000012767,"EUR 0,00 SPAIN, KINGDOM O",2.25,CBF&CBL
FR0010809434,"EUR 0,00 FRANCE (OAT STRI",1.03,CBF&CBL
EU000A3K4EL9,"EUR 4,00 EUROPEAN UNION (",2.98,CBF&CBL
FR0014014CT1,"EUR 3,00 COMP.FINA.FONCIE",1.90,CBF&CBL
EU000A4EVJR7,"EUR 0,00 EUROPEAN UNION 2",0.14,CBF&CBL
NL0010071189,"EUR 2,50 DUTCH STATE (REG",2.07,CBF&CBL
ES00000128U8,"EUR 0,00 SPAIN, KINGDOM O",11.74,CBF&CBL
DE000NWB2LN0,"EUR 0,473 NRW.BANK 19-204",8.90,CBF&CBL
BE6316626835,"EUR 1,00 COMMUNAUT FRANCA",15.09,CBF&CBL
DE000LFA1875,"EUR 0,05 LFA FRDRBK.BAYER",2.77,CBF&CBL
XS2756520248,"EUR 3,064 COOPERATIEVE RA",2.14,CBF&CBL
FR001400OZH2,"EUR 3,00 CREDIT MUTUEL H ",1.42,CBF&CBL
DE000CZ46CE9,"EUR 2,875 COMMERZBK AG (R",0.89,CBF&CBL
DE000DL19UW8,"EUR 0,01 DEUTSCHE BANK AG",1.19,CBF&CBL
XS2348325494,"EUR 0,50 TENNET NETHERLA ",10.50,CBF&CBL
DE000A351M80,"EUR 3,00 HAMBURGER SPARK.",0.69,CBF&CBL
DE000A4DE9D7,"EUR 2,75 NIEDERSACHSEN LA",1.95,CBF&CBL
DE000A1RQE75,"EUR FL.R HESSEN LAND 25-2",2.10,CBF&CBL
DE000CZ40NP5,"EUR 1,25 COMMERZBK AG (RE",2.24,CBF&CBL
FR0125399636,"EUR 1,82 CAISSE DES DEPOT",10.35,CBF&CBL
EU000A2R9EC1,"EUR 0,20 EUROPEAN UNION (",1.70,CBF&CBL
DE000A289NS4,"EUR 0,05 THUERINGEN, FREI",1.24,CBF&CBL
FI4000517677,"EUR 0,50 FINLAND REP.OF 2",7.36,CBF&CBL
DE000A289KR2,"EUR FL.R INVESTITIONSBK 2",0.49,CBF&CBL
DE0001135069,"EUR 5,625 BRD 98-2028",0.26,CBF&CBL
FR0010773200,"EUR 0,00 FRANCE (OAT PRIN",3.55,CBF&CBL
BE0001760140,"EUR 1,115 COMMUNAUT FRANC",7.54,CBF&CBL
BE0001770248,"EUR 1,564 VLAAMS GEMEENSC",10.14,CBF&CBL
FR0013284072,"EUR 0,75 CAISSE FCSE DE (",0.36,CBF&CBL
BE0002630219,"EUR 1,51 BRUSSELS, REG. O",7.20,CBF&CBL
BE6323696722,"EUR 0,771 COMMUNAUT FRANC",12.54,CBF&CBL
FR001400PM68,"EUR 2,75 FRANCE (OAT) 24-",0.76,CBF&CBL
BE0001780346,"EUR 1,863 VLAAMS GEMEENSC",10.20,CBF&CBL
DE000A3KK6M8,"EUR 0,05 L-BANK 21-2029",1.53,CBF&CBL
FR001400E1P5,"EUR 2,875 CREDIT AGR HOME",0.61,CBF&CBL
DE000A3823V5,"EUR 3,00 SPARKASS.PFORZHE",1.47,CBF&CBL
DE000LFA2386,"EUR 2,75 LFA FRDRBK.BAYER",1.80,CBF&CBL
DE000LFA2501,"EUR 2,875 LFA FRDRBK.BAYE",2.34,CBF&CBL
XS3295818887,"EUR 2,33335 INTL.FIN.CORP",0.61,CBF&CBL
DE000A3H26C0,"EUR 3,625 BADEN-WUERTTEMB",3.75,CBF&CBL
DE0001108546,"EUR 0,00 BUNDES DEUTSCH (",3.12,CBF&CBL
BE0002943240,"EUR 3,98 BRUSSELS, REG. O",10.41,CBF&CBL
XS2637445276,"EUR 3,75 UNICREDIT BK CZ ",0.80,CBF&CBL
DE000NRW0QG9,"EUR 2,55 NORDRHEIN-WESTFA",1.70,CBF&CBL
DE000A460ER2,"EUR FL.R NIEDERSACHSEN LA",1.27,CBF&CBL
DE000A1RQFA5,"EUR 3,05 HESSEN LAND 26-2",2.95,CBF&CBL
ES00000127C8,"EUR 1,00 SPAIN, KINGDOM O",2.39,CBF&CBL
FR0013154341,"EUR 0,00 FRANCE (OAT STRI",9.26,CBF&CBL
BE0002732130,"EUR FL.R BRUSSELS, REG. O",7.90,CBF&CBL
DE000SHFM774,"EUR 0,01 SCHLESWIG-HOLSTE",0.34,CBF&CBL
XS2536806289,"EUR 2,50 EIKA BOLIGKREDI ",0.70,CBF&CBL
DE000NRW0PM9,"EUR 5,99 NORDRHEIN-WESTFA",0.64,CBF&CBL
DE000SHFM998,"EUR 2,625 SCHLESWIG-HOLST",2.55,CBF&CBL
BE6246336216,"EUR 3,38 COMMUNAUT FRANCA",3.65,CBF&CBL
BE0001759134,"EUR 2,00 COMMUNAUT FRANCA",13.19,CBF&CBL
XS1828037827,"EUR 2,00 TENNET NETHERLA ",15.47,CBF&CBL
FR0013371499,"EUR 0,887 BNP PARIBAS HOM",0.36,CBF&CBL
XS2014479336,"EUR 0,01 EBRD 19-2031",1.25,CBF&CBL
DE000LFA2436,"EUR 2,375 LFA FRDRBK.BAYE",0.38,CBF&CBL
BE0008071202,"EUR 0,00 BELGIUM, KINGDOM",5.45,CBF&CBL
DE0003811576,"EUR 0,00 BUNDES DEUTSCH (",2.93,CBF&CBL
XS2259193998,"EUR 0,125 ASN BANK N.V. (",4.20,CBF&CBL
BE0002787688,"EUR 1,04 BRUSSELS, REG. O",13.85,CBF&CBL
BE0390279488,"EUR FL.R BRUSSELS, REG. O",3.55,CBF&CBL
DE000A1RQFD9,"EUR 3,60 HESSEN LAND 26-2",5.46,CBF&CBL
EU000A1G0EG5,"EUR 0,70 EFSF (REGS) 20-2",12.79,CBF&CBL
FR001400INH0,"EUR 3,36 CREDIT MUTUEL H ",1.96,CBF&CBL
DE000A460FN8,"EUR 2,875 HAMBURGER SPARK",1.89,CBF&CBL
XS0211389753,"EUR 4,45 POLAND, REP.OF (",5.72,CBF&CBL
FR0010809483,"EUR 0,00 FRANCE (OAT STRI",2.19,CBF&CBL
IE00BMQ5JM72,"EUR 0,55 IRELAND, REP OF ",7.47,CBF&CBL
DE000A3E5SG5,"EUR 0,60 LAND, BRANDENBUR",6.28,CBF&CBL
DE000A3E5SR2,"EUR FL.R LAND, BRANDENBUR",0.34,CBF&CBL
DE000RLP1387,"EUR 3,125 RHEINLAND-PFALZ",1.95,CBF&CBL
XS2586944659,"EUR 3,875 POLAND, REP.OF ",4.62,CBF&CBL
EU000A1ZVYN6,"EUR 0,77 EUROPEAN UNION (",0.05,CBF&CBL
DE000BU4K005,"EUR 0,00 BUNDES DEUTSCH 2",1.53,CBF&CBL
AT0000A3HN08,"EUR 3,00 ERSTE GR.BK AG (",1.67,CBF&CBL
BE6359485685,"EUR 2,875 ARGENTA SPAARBA",1.62,CBF&CBL
FR0013396363,"EUR 1,45 CAISSE FCSE DE (",2.23,CBF&CBL
DE000A2LQPL2,"EUR 0,40 HAMBURG HANSESTA",6.53,CBF&CBL
AT0000A306J4,"EUR 2,50 ERSTE GR.BK AG (",1.36,CBF&CBL
FR0010809277,"EUR 0,00 FRANCE (OAT STRI",0.88,CBF&CBL
DE000NWB18P0,"EUR 0,25 NRW.BANK 19-2027",0.59,CBF&CBL
BE0002649300,"EUR 1,472 BRUSSELS, REG. ",9.36,CBF&CBL
XS2124046678,"EUR 0,01 SR-BOLIGKREDITT ",1.21,CBF&CBL
DE000A289K97,"EUR FL.R LAND BERLIN (REG",0.49,CBF&CBL
XS2251371022,"EUR 0,00 EUROP.INVEST.BK ",0.35,CBF&CBL
FR001400EEX5,"EUR 2,75 CREDIT MUT ARK S",0.36,CBF&CBL
XS1805257265,"EUR 0,875 ING BANK N.V. (",0.54,CBF&CBL
DE000NWB18L9,"EUR 1,25 NRW.BANK 19-2044",6.58,CBF&CBL
DE000LFA1842,"EUR 0,15 LFA FRDRBK.BAYER",0.57,CBF&CBL
BE0002727080,"EUR 0,00 COMMUNAUT FRANCA",8.95,CBF&CBL
DE000A3KK6Y3,"EUR 0,325 L-BANK 22-2032",2.43,CBF&CBL
DE000CZ45W16,"EUR 0,50 COMMERZBK AG (RE",0.36,CBF&CBL
BE0002890722,"EUR 3,00 VLAAMS GEMEENSCH",2.03,CBF&CBL
FR001400F5S9,"EUR 3,125 BPCE SFH (REGS)",1.87,CBF&CBL
DE000A3828Q4,"EUR 2,75 INVESTITIONSBK (",2.12,CBF&CBL
NL0015001MU0,"EUR 3,295 NATIONALE NL BA",1.34,CBF&CBL
FR0129704112,"EUR 0,00 BANQUE DE FRANCE",0.05,CBF&CBL
XS2556232143,"EUR 3,00 BAWAG (AT) (REGS",0.36,CBF&CBL
DE000A3513V2,"EUR 2,45 LAND BERLIN (REG",0.40,CBF&CBL
XS2990521846,"EUR 3,125 LAND SACHSEN AN",7.63,CBF&CBL
DE000A4EVH69,"EUR 4,00 NIEDEROESTERREIC",6.82,CBF&CBL
DE000NRW0JQ3,"EUR 0,625 NORDRHEIN-WESTF",1.89,CBF&CBL
IE00BV8C9B83,"EUR 1,70 IRELAND, REP OF ",5.29,CBF&CBL
DE000NWB0AG1,"EUR 0,625 NRW.BANK (REGS ",1.16,CBF&CBL
DE0001143873,"EUR 0,00 BUNDES DEUTSCH 2",0.67,CBF&CBL
FR0014010C06,"EUR 2,78 BNP PARIBAS HOME",1.59,CBF&CBL
EU000A4EMTG8,"EUR 0,00 EUROPEAN UNION 0",0.06,CBF&CBL
AT000B049994,"EUR 2,625 UNICREDIT BK AT",1.50,CBF&CBL
FR0010372094,"EUR 0,00 FRANCE (OAT STRI",2.98,CBF&CBL
IE00BJ38CR43,"EUR 2,40 IRELAND, REP OF ",2.13,CBF&CBL
DE000A2YNRZ8,"EUR 0,125 LAND SACHSEN AN",1.08,CBF&CBL
ES0000012C79,"EUR 0,00 SPAIN, KINGDOM O",6.92,CBF&CBL
DE000A3E5SK7,"EUR FL.R LAND, BRANDENBUR",1.90,CBF&CBL
ES0000012D52,"EUR 0,00 SPAIN, KINGDOM O",9.29,CBF&CBL
XS2463702907,"EUR 1,00 NORDEA MORTGAGE ",0.89,CBF&CBL
XS3503935283,"EUR 3,375 LANDESBANK HESS",1.68,CBF&CBL
AT0000A2EJ08,"EUR 0,75 AUSTRIA, REP.OF ",9.89,CBF&CBL
BE0002984657,"EUR 3,625 BELFIUS BANK SA",2.96,CBF&CBL
ES0L02612049,"EUR 0,00 SPAIN, KINGDOM O",0.10,CBF&CBL
FR0013322831,"EUR 1,79 CAISSE DES DEPOT",10.11,CBF&CBL
XS3305169255,"EUR 2,75 SR-BOLIGKREDITT ",1.91,CBF&CBL
DE000A3MQTS5,"EUR 3,00 HAMBURG HANSESTA",1.50,CBF&CBL
ES00000129K7,"EUR 0,00 SPAIN, KINGDOM O",5.52,CBF&CBL
DE000A1RQDU8,"EUR 0,125 HESSEN LAND (RE",1.77,CBF&CBL
FR0014007RB1,"EUR 0,45 CADES (REGS) 22-",2.33,CBF&CBL
BE6286998404,"EUR 0,05 BELGIUM, KINGDOM",10.54,CBF&CBL
FR0129704120,"EUR 0,00 BANQUE DE FRANCE",0.06,CBF&CBL
BE0002808898,"EUR 1,036 BRUSSELS, REG. ",11.66,CBF&CBL
FR001400SF15,"EUR 2,75 CRH (REGS) 24-20",1.35,CBF&CBL
DE000NWB0AZ1,"EUR 3,00 NRW.BANK (REGS) ",3.54,CBF&CBL
DE000A2AAWF7,"EUR 1,125 LAND, BRANDENBU",2.01,CBF&CBL
XS2113737097,"EUR 0,01 DEUT.APOTHEKER (",0.84,CBF&CBL
BE0002860410,"EUR 2,132 BRUSSELS, REG. ",6.14,CBF&CBL
DE000HV2A0P1,"EUR 2,625 UNICREDIT BANK ",1.42,CBF&CBL
DE000BU22122,"EUR 2,10 BUNDES DEUTSCH 2",0.30,CBF&CBL
FR001401AOR2,"EUR 3,00 UNEDIC (REGS) 26",0.91,CBF&CBL
XS2106579670,"EUR 0,125 LANDESBANK HESS",1.18,CBF&CBL
FR0013480522,"EUR 0,01 CRH (REGS) 20-20",0.48,CBF&CBL
DE0001789345,"EUR 0,40 SACHSEN, FREISTA",2.90,CBF&CBL
DE000AAR0330,"EUR 1,375 AAREAL BK AG. (",0.83,CBF&CBL
DE000BLB6JQ5,"EUR 2,125 BAYERISCH.LANDE",1.68,CBF&CBL
XS2861062425,"EUR 2,875 EBRD 24-2031",1.05,CBF&CBL
SK4000026845,"EUR 3,75 SLOVAK, REP. (RE",8.05,CBF&CBL
BE6266167640,"EUR 3,305 COMMUNAUT FRANC",10.13,CBF&CBL
SI0002103552,"EUR 3,125 SLOVENIA REP.OF",10.49,CBF&CBL
DE000A352BS5,"EUR 3,00 THUERINGEN, FREI",0.72,CBF&CBL
DE0001142610,"EUR 0,00 BRD (STRIP CPN) ",0.31,CBF&CBL
DE000NRW0H40,"EUR 1,41 NORDRHEIN-WESTFA",1.86,CBF&CBL
XS1766477522,"EUR 0,875 COOP RABOBK UA ",0.48,CBF&CBL
DE000A1RQDM5,"EUR 0,10 HESSEN LAND (REG",3.59,CBF&CBL
DE000NRW0M84,"EUR 4,09 NORDRHEIN-WESTFA",1.40,CBF&CBL
ES00000126S6,"EUR 0,00 SPAIN, KINGDOM O",5.26,CBF&CBL
FR0013447075,"EUR 0,05 MMB SCF (REGS) 1",1.06,CBF&CBL
FR001400FG01,"EUR FL.R CAISSE DES DEPOT",5.25,CBF&CBL
FR00140182I0,"EUR 3,25 CREDIT MUT ARK S",1.61,CBF&CBL
XS0219724878,"EUR 4 EUROP.INVEST.BK 05-",2.00,CBF&CBL
BE0002731124,"EUR FL.R BRUSSELS, REG. O",6.76,CBF&CBL
XS2325334550,"EUR 0,04 ING BANK N.V. (R",1.60,CBF&CBL
DE000A351TP5,"EUR 3,125 DEUTSCHE BANK A",2.19,CBF&CBL
AT0000A3D3Q8,"EUR 3,20 AUSTRIA, REP.OF ",5.07,CBF&CBL
ES0L02703053,"EUR 0,00 SPAIN, KINGDOM O",0.20,CBF&CBL
DE000A3H2598,"EUR FL.R BADEN-WUERTTEMBE",0.68,CBF&CBL
DE000A2DAJ32,"EUR FL.R KFW 17-2032",0.99,CBF&CBL
XS2166209176,"EUR 0,00 NORDIC INVEST.BK",0.12,CBF&CBL
FR001400JM33,"EUR 3,497 CREDIT AGRICOLE",0.36,CBF&CBL
DE000A3824G4,"EUR 2,875 BAUSPARK. SCHWA",0.80,CBF&CBL
SK4000024378,"EUR 0,00 CESKOSLOVENSKA O",7.50,CBF&CBL
XS2943817168,"EUR 2,591 POLAND, REP.OF ",0.96,CBF&CBL
DE0001053908,"EUR 2,375 BAYERN, FREISTA",1.82,CBF&CBL
FR0000571200,"EUR 0,00 FRANCE (OAT PRIN",0.65,CBF&CBL
FR0010809657,"EUR 0,00 FRANCE (OAT STRI",6.74,CBF&CBL
DE000NRW0LS5,"EUR 3,40 NORDRHEIN-WESTFA",1.97,CBF&CBL
DE000A2TR6L5,"EUR 0,05 LAND, BRANDENBUR",2.23,CBF&CBL
EU000A3L1DJ0,"EUR 2,50 EUROPEAN UNION (",1.11,CBF&CBL
DE000CZ45Z62,"EUR FL.R COMMERZBK AG (RE",0.96,CBF&CBL
XS2063423318,"EUR 0,25 IBRD-WORLD BANK ",4.86,CBF&CBL
BE6323680569,"EUR 0,158 COMMUNAUT FRANC",2.78,CBF&CBL
BE0002926070,"EUR 4,00 BRUSSELS, REG. O",8.37,CBF&CBL
DE000A30V612,"EUR 2,875 LAND, BRANDENBU",2.14,CBF&CBL
EU000A3L4C16,"EUR 2,25 EUROP.INVEST.BK ",0.74,CBF&CBL
ES00000126T4,"EUR 0,00 SPAIN, KINGDOM O",5.55,CBF&CBL
SI0002103685,"EUR 1,25 SLOVENIA REP.OF ",0.86,CBF&CBL
XS1859423417,"EUR FL.R IBRD-WORLD BANK ",1.64,CBF&CBL
DE000SHFM618,"EUR 0,625 SCHLESWIG-HOLST",0.66,CBF&CBL
BE6316294428,"EUR 1,14 COMMUNAUT FRANCA",13.31,CBF&CBL
XS2436153139,"EUR 0,125 AKTIA BANK PLC ",0.74,CBF&CBL
XS2909760063,"EUR 2,50 OP MORTGAGE BK (",1.16,CBF&CBL
DE000A383P48,"EUR 2,50 KFW (REGS) 24-20",1.71,CBF&CBL
DE000A460C15,"EUR 2,08 KFW 25-2028",0.81,CBF&CBL
XS1501087131,"EUR 0,00 EUROP.INVEST.BK ",4.97,CBF&CBL
AT0000A3X1U0,"EUR FL.R ERSTE GR.BK AG 2",0.61,CBF&CBL
XS3112831543,"EUR 2,15 ASIAN DEV.BK (RE",0.59,CBF&CBL
DE000CZ457M5,"EUR FL.R COMMERZBK AG (RE",0.52,CBF&CBL
ES0000012A22,"EUR 0,00 SPAIN, KINGDOM O",10.37,CBF&CBL
DE0001102465,"EUR 0,25 BUNDES DEUTSCH (",0.55,CBF&CBL
XS2251174111,"EUR 0,00 AUSTRIA, REP.OF ",6.69,CBF&CBL
DE000A30V9M4,"EUR 2,875 KFW (REGS) 23-2",2.20,CBF&CBL
EU000A2SCAT6,"EUR 2,625 EFSF (REGS) 25-",2.49,CBF&CBL
BE0000366758,"EUR 3,40 BELGIUM, KINGDOM",5.36,CBF&CBL
XS3518456606,"EUR 0,00 AUSTRIA, REP.OF ",0.54,CBF&CBL
XS2065698834,"EUR 0,01 NIBC BANK NV. (R",1.08,CBF&CBL
DE000A14JZ12,"EUR FL.R BADEN-WUERTTEMBE",0.65,CBF&CBL
XS2773068676,"EUR 3,125 BAWAG (AT) (REG",1.49,CBF&CBL
DE000NRW0GR7,"EUR FL.R NORDRHEIN-WESTFA",0.92,CBF&CBL
DE0001108595,"EUR 0,00 BUNDES DEUTSCH (",3.57,CBF&CBL
AT0000A10M13,"EUR FL.R NIEDEROESTERREIC",0.55,CBF&CBL
BE6279130296,"EUR FL.R BELGIUM, KINGDOM",10.40,CBF&CBL
BE0008540040,"EUR 0,00 BELGIUM, KINGDOM",15.80,CBF&CBL
FR0013411600,"EUR 0,625 CREDIT AGRICOLE",0.88,CBF&CBL
DE000A289LF5,"EUR 0,125 LAND BERLIN 20-",6.36,CBF&CBL
AT0000A2SWR6,"EUR 0,815 NIEDEROESTERREI",9.62,CBF&CBL
FR001400IUM5,"EUR 3,375 CRH (REGS) 23-2",1.71,CBF&CBL
BE0933387533,"EUR 4,0245 BELGIUM, KINGD",5.63,CBF&CBL
ES00000122V9,"EUR 0,00 SPAIN, KINGDOM O",4.92,CBF&CBL
DE000NRW23H3,"EUR 2,40 NORDRHEIN-WESTFA",1.21,CBF&CBL
BE0002637180,"EUR 1,84 COMMUNAUT FRANCA",10.48,CBF&CBL
DE0001053528,"EUR 0,15 BAYERN, FREISTAA",1.20,CBF&CBL
NL0015001AM2,"EUR 2,50 DUTCH STATE 23-2",2.22,CBF&CBL
SK4000027355,"EUR 3,00 VSEOB. UVEROVA B",2.28,CBF&CBL
DE000A46Z8K8,"EUR XXX BAUSPARK. SCHWA 2",2.89,CBF&CBL
DE0001143352,"EUR 0,00 BRD (STRIP CPN) ",1.43,CBF&CBL
NL0010721999,"EUR 2,75 DUTCH STATE (REG",5.00,CBF&CBL
FR0013482890,"EUR 0,25 LA BANQUE POSTAL",2.65,CBF&CBL
DE000NWB2MC1,"EUR 0,00 NRW.BANK (REGS/8",1.30,CBF&CBL
DE000BHY0GD1,"EUR 0,01 LBK BADEN-WUERTT",0.63,CBF&CBL
EU000A3KP2Z3,"EUR 0,25 EUROPEAN UNION (",2.12,CBF&CBL
BE0002874551,"EUR FL.R BRUSSELS, REG. O",5.61,CBF&CBL
DE000NRW0FW9,"EUR 1,75 NORDRHEIN-WESTFA",1.46,CBF&CBL
DE000A1KRJS2,"EUR 1,25 ING DIBA AG (REG",2.17,CBF&CBL
FR0013534559,"EUR 0,00 CADES (REGS) 20-",1.99,CBF&CBL
XS2234573710,"EUR 0,01 BAWAG (AT) (REGS",1.42,CBF&CBL
DE000BLB6JP7,"EUR 2,50 BAYERISCH.LANDES",1.74,CBF&CBL
DE000A3823Q5,"EUR 2,55 MECKLENBURG-VORP",1.55,CBF&CBL
FR0013403862,"EUR 0,625 BPCE SFH (REGS)",0.36,CBF&CBL
FR0014003BW0,"EUR FL.R CREDIT MUTUEL H ",1.64,CBF&CBL
DE000A4DFD98,"EUR FL.R NIEDERSACHSEN LA",0.41,CBF&CBL
FR0013230703,"EUR 0,75 CAISSE FCSE DE (",0.36,CBF&CBL
XS1881832809,"EUR 1,40 ASIAN DEV.BK (RE",4.00,CBF&CBL
XS1933815455,"EUR 1,375 ABN AMRO BK NV ",2.23,CBF&CBL
DE0001102499,"EUR 0,00 BUNDES DEUTSCH 2",0.74,CBF&CBL
DE0001143337,"EUR 0,00 BRD (STRIP CPN) ",0.94,CBF&CBL
DE0001135366,"EUR 4,75 BUNDES DEUTSCH (",2.20,CBF&CBL
DE000RLP0926,"EUR 1,20 RHEINLAND-PFALZ ",3.25,CBF&CBL
FR0013354347,"EUR 1,815 CAISSE DES DEPO",10.26,CBF&CBL
XS2105779719,"EUR 0,05 OP MORTGAGE BK (",0.55,CBF&CBL
XS2478523108,"EUR 1,75 SPAREBNK 1 BOLIK",1.73,CBF&CBL
BE6346849423,"EUR FL.R BRUSSELS, REG. O",0.98,CBF&CBL
XS2753549703,"EUR 2,625 NORDIC INVEST.B",0.94,CBF&CBL
EU000A2SCAY6,"EUR 2,50 EFSF (REGS) 26-2",3.02,CBF&CBL
DE000NRW0KG2,"EUR 1,375 NORDRHEIN-WESTF",4.38,CBF&CBL
FR0013393899,"EUR 1,00 CREDIT AGR HOME ",0.81,CBF&CBL
XS2292260960,"EUR FL.R EUROP.INVEST.BK ",0.33,CBF&CBL
FR0014006276,"EUR 0,01 COMP.FINA.FONCIE",0.38,CBF&CBL
XS2446841657,"EUR 0,375 EUROP.INVEST.BK",0.23,CBF&CBL
BE6349638187,"EUR 3,125 ARGENTA SPAARBA",2.14,CBF&CBL
FR001400FZ32,"EUR 3,125 CREDIT MUTUEL H",1.89,CBF&CBL
DE000BU4Z193,"EUR 0,00 BUNDES DEUTSCH 2",4.23,CBF&CBL
XS3495741798,"EUR 3,75 TENNET NETHERLA ",23.27,CBF&CBL
DE000HV2AZ60,"EUR 3,004 UNICREDIT BANK ",2.44,CBF&CBL
BE6306766203,"EUR 1,95 COMMUNAUT FRANCA",10.46,CBF&CBL
DE000NLB4Y34,"EUR 2,875 NORD/LB GZ (REG",1.46,CBF&CBL
DE000A383UZ5,"EUR 3,00 SAARLAND 25-2035",2.29,CBF&CBL
BE0390366384,"EUR 4,00 VLAAMS GEMEENSCH",4.62,CBF&CBL
FR0010483230,"EUR 0,00 FRANCE (OAT STRI",1.23,CBF&CBL
XS2353010593,"EUR 0,01 AB SVERIGES SAKE",1.23,CBF&CBL
XS3241239030,"EUR 3,825 AUSTRIA, REP.OF",3.73,CBF&CBL
DE000MHB43J4,"EUR 2,875 MUENCHENER HYPO",0.96,CBF&CBL
FR0013234200,"EUR 0,80 BNP PARIBAS HOME",0.36,CBF&CBL
XS1912495691,"EUR 0,625 IBRD-WORLD BANK",0.28,CBF&CBL
XS2063288190,"EUR 0,01 SR-BOLIGKREDITT ",0.36,CBF&CBL
XS2100569552,"EUR 0,375 RAIF.LBK NIEDER",2.62,CBF&CBL
FR0014002WK3,"EUR 0,00 FRANCE (REGS OAT",1.25,CBF&CBL
DE000NWB0AV0,"EUR 2,75 NRW.BANK (REGS) ",2.18,CBF&CBL
SK4000027389,"EUR 2,75 TATRA BANKA A.S.",1.40,CBF&CBL
DE000A352AR9,"EUR 2,25 LAND SACHSEN ANH",0.64,CBF&CBL
FR0010172643,"EUR 0,00 FRANCE (OAT STRI",6.95,CBF&CBL
ES0000012940,"EUR 0,00 SPAIN, KINGDOM O",1.65,CBF&CBL
XS1632897929,"EUR 1,375 TENNET NETHERLA",6.25,CBF&CBL
XS2574388646,"EUR 2,875 EUROP.INVEST.BK",1.28,CBF&CBL
DE000LB386A8,"EUR 3,25 LBK BADEN-WUERTT",0.36,CBF&CBL
XS2758065010,"EUR FL.R NORDEA MORTGAGE ",0.39,CBF&CBL
XS2808185420,"EUR XXX ING BANK N.V. 24-",2.43,CBF&CBL
FR0129287340,"EUR 0,00 FRANCE (BTF) 301",0.06,CBF&CBL
DE000A2E4GS9,"EUR 0,625 NIEDERSACHSEN L",0.34,CBF&CBL
EU000A280C46,"EUR 0,00 EURO.ATM.NRG.CMN",0.96,CBF&CBL
DE000A3E5V47,"EUR 0,15 BREMEN HANSTADT ",1.56,CBF&CBL
SI0002104576,"EUR 3,00 SLOVENIA REP.OF ",5.40,CBF&CBL
DE000A460C80,"EUR 2,375 KFW (REGS) 26-2",1.06,CBF&CBL
IE00BFZRQ242,"EUR 1,35 IRELAND, REP OF ",2.64,CBF&CBL
ES0000012F76,"EUR 0,50 SPAIN, KINGDOM O",1.65,CBF&CBL
DE000A255CW0,"EUR 0,05 NIEDERSACHSEN LA",2.59,CBF&CBL
DE000A30V364,"EUR 3,25 BREMEN HANSTADT ",1.31,CBF&CBL
DE000A4DE9H8,"EUR 2,875 LAND BERLIN 25-",2.91,CBF&CBL
BE0390278472,"EUR 4,70 BRUSSELS, REG. O",9.59,CBF&CBL
XS0975634204,"EUR 3,00 EUROP.INVEST.BK ",1.39,CBF&CBL
DE000A3H3GK4,"EUR 2,75 SAARLAND 23-2030",1.10,CBF&CBL
EU000A4EA8Y7,"EUR 3,75 EUROPEAN UNION (",3.21,CBF&CBL
SK4000030193,"EUR 3,25 TATRA BANKA A.S.",1.12,CBF&CBL
FR0010482562,"EUR 0,00 FRANCE (OAT STRI",1.24,CBF&CBL
DE000NRW0EH3,"EUR 3,00 NORDRHEIN-WESTFA",4.01,CBF&CBL
BE0002670512,"EUR 0,845 BRUSSELS, REG. ",14.20,CBF&CBL
NL0015031501,"EUR 0,00 DUTCH STATE 20-2",0.39,CBF&CBL
FR001400NBC6,"EUR 2,50 FRANCE (OAT) 24-",0.21,CBF&CBL
DE000LFA2287,"EUR 2,625 LFA FRDRBK.BAYE",1.88,CBF&CBL
FR001400NJ99,"EUR 3,125 SOC.GEN.SCF (RE",2.62,CBF&CBL
BE6359408885,"EUR 3,05 BNP PARIBAS FORT",2.39,CBF&CBL
DE000LFA2493,"EUR 2,625 LFA FRDRBK.BAYE",1.76,CBF&CBL
NL00150015W7,"EUR 3,375 COOPERATIEVE RA",1.53,CBF&CBL
FR001400IAO3,"EUR 3,25 CREDIT AGR HOME ",1.96,CBF&CBL
DE000A3513U4,"EUR FL.R LAND BERLIN 25-2",0.71,CBF&CBL
DE000NWB2V44,"EUR FL.R NRW.BANK (REGS/1",0.62,CBF&CBL
DE000A351UM0,"EUR FL.R LAND, BRANDENBUR",0.91,CBF&CBL
DE000A4DFTD7,"EUR 3,21 KFW 25-2037",3.08,CBF&CBL
DE000AAR0488,"EUR 3,00 AAREAL BK AG. (R",1.88,CBF&CBL
FR0011580588,"EUR 3,00 CAISSE FCSE DE (",0.70,CBF&CBL
DE000NRW0F18,"EUR 1,64 NORDRHEIN-WESTFA",1.49,CBF&CBL
IE00BDHDPR44,"EUR 0,90 IRELAND, REP OF ",0.98,CBF&CBL
DE000LFA1917,"EUR 0,01 LFA FRDRBK.BAYER",1.63,CBF&CBL
FR001400FD12,"EUR 3,00 LA BQE POST HOM ",1.47,CBF&CBL
DE000A1RQEK7,"EUR 2,875 HESSEN LAND 23-",2.26,CBF&CBL
DE000A2DAR40,"EUR 1,125 KFW (REGS) 17-2",3.38,CBF&CBL
DE000HV2ARM0,"EUR 0,875 UNICREDIT BANK ",0.81,CBF&CBL
FR0013433281,"EUR 0,125 CREDIT MUT ARK ",0.99,CBF&CBL
DE000NWB2RB2,"EUR 0,40 NRW.BANK (REGS/9",2.42,CBF&CBL
XS2478272938,"EUR 1,75 AB SVERIGES SAKE",1.66,CBF&CBL
DE000LFA2469,"EUR 2,25 LFA FRDRBK.BAYER",0.99,CBF&CBL
FR0129570596,"EUR 0,00 FRANCE (BTF) 181",0.04,CBF&CBL
FR0010172619,"EUR 0,00 FRANCE (OAT STRI",6.25,CBF&CBL
ES0000012999,"EUR 0,00 SPAIN, KINGDOM O",3.40,CBF&CBL
BE6253245433,"EUR 3,00 COMMUNAUT FRANCA",4.12,CBF&CBL
XS2706237513,"EUR 3,75 ACHMEA BANK N.V ",0.36,CBF&CBL
AT000B049978,"EUR FL.R UNICREDIT BK AT ",1.03,CBF&CBL
DE000RLP1643,"EUR FL.R RHEINLAND-PFALZ ",0.38,CBF&CBL
XS3219317669,"EUR 2,375 FINNVERA PLC (R",9.37,CBF&CBL
FR0010172478,"EUR 0,00 FRANCE (OAT STRI",4.04,CBF&CBL
DE0001108660,"EUR 0,00 BUNDES DEUTSCH (",4.01,CBF&CBL
XS2391343196,"EUR 0,01 SP-MORTGAGE BK (",0.71,CBF&CBL
AT0000A2UXM1,"EUR 0,01 ERSTE GR.BK AG (",0.63,CBF&CBL
XS2449931844,"EUR 0,735 ING BANK N.V. (",1.21,CBF&CBL
DE000MHB34J3,"EUR 3,125 MUENCHENER HYPO",1.00,CBF&CBL
XS2535352962,"EUR 2,25 EUROP.INVEST.BK ",0.78,CBF&CBL
XS2889321589,"EUR 2,625 ABN AMRO BK NV ",0.36,CBF&CBL
DE000AAR0454,"EUR XXX AAREAL BK AG. (RE",1.63,CBF&CBL
DE000NLB5FE7,"EUR FL.R NORD/LB GZ (REGS",0.57,CBF&CBL
XS3075492044,"EUR 2,50 KFW (REGS) 25-20",1.52,CBF&CBL
FR0014015FU9,"EUR 2,75 CRH (REGS) 26-20",1.47,CBF&CBL
FR0013309549,"EUR 0,75 COMP.FINA.FONCIE",0.45,CBF&CBL
DE0001053619,"EUR 0,01 BAYERN, FREISTAA",1.64,CBF&CBL
DE000A30V5G4,"EUR 3,00 SPARKASS.PFORZHE",0.36,CBF&CBL
FR0014018VT2,"EUR 4,00 UNEDIC (REGS) 26",4.63,CBF&CBL
DE000WBP0BJ1,"EUR 3,125 WUESTENROT BSPK",1.17,CBF&CBL
BE0390121847,"EUR 3,125 VLAAMS GEMEENSC",2.52,CBF&CBL
AT0000A1K9F1,"EUR 1,50 AUSTRIA, REP.OF ",7.93,CBF&CBL
DE000NWB18D6,"EUR 0,625 NRW.BANK 18-202",0.62,CBF&CBL
DE000A2G8W24,"EUR 0,00 BREMEN HANSTADT ",7.12,CBF&CBL
BE0008076250,"EUR 0,00 BELGIUM, KINGDOM",8.31,CBF&CBL
XS2238292010,"EUR 0,01 DNB BOLIGKREDIT ",0.36,CBF&CBL
FR00140009U0,"EUR 0,01 COMP.FINA.FONCIE",2.91,CBF&CBL
XS2626288760,"EUR 2,75 KFW (REGS) 23-20",1.37,CBF&CBL
FI4000560990,"EUR 3,75 S-BANK LTD 23-20",0.77,CBF&CBL
XS3187006211,"EUR 3,125 ASFINAG(AT) (RE",3.81,CBF&CBL
ES0000012Q08,"EUR 3,30 SPAIN, KINGDOM O",3.24,CBF&CBL
XS0755873253,"EUR 3,50 EUROP.INVEST.BK ",0.12,CBF&CBL
BE0008528896,"EUR 0,00 BELGIUM, KINGDOM",9.04,CBF&CBL
FR0013256732,"EUR 1,90 CAISSE DES DEPOT",9.87,CBF&CBL
BE0002672534,"EUR FL.R BRUSSELS, REG. O",5.13,CBF&CBL
FR00140049N1,"EUR 0,125 CAISSE FCSE DE ",1.69,CBF&CBL
DE000A1RQE91,"EUR FL.R HESSEN LAND 25-2",0.52,CBF&CBL
DE000A4DFVB7,"EUR FL.R KFW 26-2029",0.39,CBF&CBL
DE000BU0E394,"EUR 0,00 BUNDES DEUTSCH 1",0.10,CBF&CBL
DE000A3827C6,"EUR FL.R DT. PFANDBRIEFBA",0.37,CBF&CBL
DE0001143345,"EUR 0,00 BRD (STRIP CPN) ",1.24,CBF&CBL
FR0010810218,"EUR 0,00 FRANCE (OAT STRI",0.65,CBF&CBL
XS2122894855,"EUR 0,00 IBRD-WORLD BANK ",0.80,CBF&CBL
DE000A289K06,"EUR 0,15 BREMEN HANSTADT ",3.97,CBF&CBL
AT0000A2GL44,"EUR 0,21 NIEDEROESTERREIC",1.81,CBF&CBL
XS2744177143,"EUR 2,55 ASIAN DEV.BK 24-",1.38,CBF&CBL
SK4000024923,"EUR 3,25 VSEOB. UVEROVA B",1.99,CBF&CBL
BE0390230960,"EUR 3,967 VLAAMS GEMEENSC",6.31,CBF&CBL
DE000NRW0JJ8,"EUR 1,25 NORDRHEIN-WESTFA",3.27,CBF&CBL
DE0001141851,"EUR 0,00 BUNDES DEUTSCH 2",0.08,CBF&CBL
EU000A1G0DB8,"EUR 2,35 EFSF (REGS) 14-2",9.00,CBF&CBL
DE0001142867,"EUR 0,00 BUNDES DEUTSCH 1",0.63,CBF&CBL
XS1951092144,"EUR 0,375 LANDWIRT.RENTEN",0.53,CBF&CBL
XS2337449214,"EUR 0,57 NORDIC INVEST.BK",2.09,CBF&CBL
DE0001789402,"EUR 3,00 SACHSEN, FREISTA",1.84,CBF&CBL
SK4120008665,"EUR 4,40 SLOVAK, REP. 12-",2.25,CBF&CBL
FR001400JMH0,"EUR 3,463 CREDIT AGRICOLE",2.63,CBF&CBL
ES0000012M85,"EUR 3,25 SPAIN, KINGDOM O",2.82,CBF&CBL
FR0014018DA0,"EUR 3,50 COMP.FINA.FONCIE",2.65,CBF&CBL
FR0010809517,"EUR 0,00 FRANCE (OAT STRI",4.84,CBF&CBL
DE000A1685W8,"EUR 0,625 HAMBURG HANSEST",0.39,CBF&CBL
DE000NWB0AM9,"EUR 0,50 NRW.BANK (REGS/8",6.10,CBF&CBL
DE000LFA2105,"EUR 3,125 LFA FRDRBK.BAYE",1.93,CBF&CBL
ES00000126I7,"EUR 0,00 SPAIN, KINGDOM O",2.85,CBF&CBL
FR0013154119,"EUR 0,00 FRANCE (OAT STRI",5.48,CBF&CBL
BE0008553175,"EUR 0,00 BELGIUM, KINGDOM",21.85,CBF&CBL
XS2154339860,"EUR 0,00 EUROP.INVEST.BK ",0.39,CBF&CBL
DE000A3H2Y99,"EUR FL.R LAND BERLIN 22-2",0.49,CBF&CBL
XS2746103014,"EUR 4,125 POLAND, REP.OF ",9.32,CBF&CBL
XS3028251497,"EUR 2,875 NORDIC INVEST.B",1.16,CBF&CBL
DE000A460GQ9,"EUR 2,75 NIEDERSACHSEN LA",2.09,CBF&CBL
FR0010810184,"EUR 0,00 FRANCE (OAT STRI",0.37,CBF&CBL
DE000BU4Z052,"EUR 0,00 BUNDES DEUTSCH 2",1.73,CBF&CBL
XS3247737037,"EUR 2,947 ACHMEA BANK N.V",1.98,CBF&CBL
DE0001053957,"EUR 2,75 BAYERN, FREISTAA",2.35,CBF&CBL
FR0129704161,"EUR 0,00 BANQUE DE FRANCE",0.10,CBF&CBL
ES00000126F3,"EUR 0,00 SPAIN, KINGDOM O",1.54,CBF&CBL
DE000NRW0GB1,"EUR FL.R NORDRHEIN-WESTFA",1.23,CBF&CBL
BE0008544083,"EUR 0,00 BELGIUM, KINGDOM",17.36,CBF&CBL
FI4000527551,"EUR 1,375 FINLAND REP.OF ",0.54,CBF&CBL
DE000BLB6JH4,"EUR 0,75 BAYERISCH.LANDES",0.83,CBF&CBL
DE000A3MQYM8,"EUR FL.R LAND BERLIN 22-2",0.39,CBF&CBL
FR001400DXR9,"EUR 3,125 CAISSE FCSE DE ",0.40,CBF&CBL
DE000A3E5Y77,"EUR 5,5654 NIEDERSACHSEN ",0.68,CBF&CBL
EU000A3LVAL6,"EUR 2,75 EUROP.INVEST.BK ",0.66,CBF&CBL
DE000A5ENMU5,"EUR 3,036 BREMEN HANSTADT",1.00,CBF&CBL
XS1448353018,"EUR 0,52 IBRD-WORLD BANK ",1.33,CBF&CBL
XS1508566392,"EUR 1,00 POLAND, REP.OF (",1.74,CBF&CBL
XS1989389041,"EUR 0,95 EUROP.INVEST.BK ",2.18,CBF&CBL
AT0000A30ZH4,"EUR 3,25 HYPO VORARLBERG ",0.36,CBF&CBL
XS2633136317,"EUR 3,106 COOPERATIEVE RA",1.97,CBF&CBL
AT0000A10QD4,"EUR 2,65 NIEDEROESTERREIC",0.84,CBF&CBL
FR0013154317,"EUR 0,00 FRANCE (OAT STRI",8.62,CBF&CBL
DE000NRW0J06,"EUR 0,06 NORDRHEIN-WESTFA",0.50,CBF&CBL
BE0001790444,"EUR 1,50 VLAAMS GEMEENSCH",6.13,CBF&CBL
DE000BU3Z005,"EUR 2,30 BUNDES DEUTSCH (",1.30,CBF&CBL
DE000A4DE9L0,"EUR FL.R LAND BERLIN 26-2",2.11,CBF&CBL
EU000A1ZR7H3,"EUR 1,375 EUROPEAN UNION ",0.73,CBF&CBL
EU000A1Z6TV6,"EUR 1,50 EUROPEAN UNION (",1.76,CBF&CBL
FI4000348727,"EUR 0,50 FINLAND REP.OF (",1.05,CBF&CBL
BE0002934157,"EUR 3,25 VLAAMS GEMEENSCH",2.16,CBF&CBL
XS2922763896,"EUR 3,125 POLAND, REP.OF ",3.83,CBF&CBL
DE000A3513T6,"EUR 2,50 LAND BERLIN 25-2",1.81,CBF&CBL
XS3109460959,"EUR 3,875 POLAND, REP.OF ",6.89,CBF&CBL
EU000A4ED0K0,"EUR 2,75 EUROPEAN UNION (",1.31,CBF&CBL
ES0L02611066,"EUR 0,00 SPAIN, KINGDOM O",0.07,CBF&CBL
XS3324775520,"EUR FL.R AUSTRIA, REP.OF ",1.04,CBF&CBL
DE000A5ENMT7,"EUR 3,25 BREMEN HANSTADT ",2.60,CBF&CBL
XS2582112947,"EUR 3,00 ACHMEA BANK N.V ",1.15,CBF&CBL
XS2701206448,"EUR 3,26 IBRD-WORLD BANK ",0.54,CBF&CBL
DE000A254N12,"EUR 0,00 GEMEINSAME BUNDE",0.34,CBF&CBL
DE000LB2ZSM3,"EUR 0,125 LBK BADEN-WUERT",1.00,CBF&CBL
XS2481491160,"EUR 1,50 RAIFFEISEN BANK ",0.37,CBF&CBL
EU000A3L1CN4,"EUR 2,875 EUROPEAN UNION ",0.73,CBF&CBL
DE000A5H27X9,"EUR 3,375 KFW (REGS) 26-2",3.00,CBF&CBL
XS2015227494,"EUR 0,125 EUROP.INVEST.BK",0.66,CBF&CBL
DE000A383XV8,"EUR 2,75 NIEDERSACHSEN LA",2.30,CBF&CBL
DE000NWB0AY4,"EUR 2,50 NRW.BANK (REGS) ",2.34,CBF&CBL
DE000BYL0G03,"EUR FL.R BAYERISCH.LANDES",0.86,CBF&CBL
DE000NRW0QS4,"EUR FL.R NORDRHEIN-WESTFA",0.49,CBF&CBL
BE0000333428,"EUR 3,00 BELGIUM, KINGDOM",4.49,CBF&CBL
DE000NRW0HQ7,"EUR 1,435 NORDRHEIN-WESTF",3.07,CBF&CBL
DE000NRW0LZ0,"EUR 0,00 NORDRHEIN-WESTFA",1.26,CBF&CBL
SK4000017380,"EUR 0,125 SLOVAK, REP. 20",0.85,CBF&CBL
BE0000349580,"EUR 0,10 BELGIUM, KINGDOM",2.55,CBF&CBL
BE0002807882,"EUR 0,90 BRUSSELS, REG. O",10.80,CBF&CBL
XS2833410033,"EUR 3,125 ACHMEA BANK N.V",2.71,CBF&CBL
XS2911193956,"EUR 2,75 ASFINAG(AT) (REG",3.39,CBF&CBL
FI4000591862,"EUR 2,625 FINLAND REP.OF ",2.61,CBF&CBL
DE000NRW23B6,"EUR FL.R NORDRHEIN-WESTFA",0.66,CBF&CBL
DE000A3H2W42,"EUR 0,01 NIEDERSACHSEN LA",1.33,CBF&CBL
BE0000352618,"EUR 0,00 BELGIUM, KINGDOM",3.28,CBF&CBL
FR0013404969,"EUR 1,50 FRANCE (REGS OAT",4.03,CBF&CBL
ES0000012K46,"EUR 1,90 SPAIN, KINGDOM O",5.50,CBF&CBL
XS2449505820,"EUR 0,75 COOP RABOBK UA (",1.71,CBF&CBL
XS2679922828,"EUR 3,45 IBRD-WORLD BANK ",2.16,CBF&CBL
FR0013234549,"EUR 0,00 FRANCE (OAT STRI",0.93,CBF&CBL
DE000A2GSEH0,"EUR 1,375 INVESTITIONSBK ",4.10,CBF&CBL
BE0002717982,"EUR 1,00 VLAAMS GEMEENSCH",6.64,CBF&CBL
DE000A289KZ5,"EUR 0,01 BREMEN HANSTADT ",0.34,CBF&CBL
AT0000A2RY95,"EUR 0,125 HYPO NOE LANDES",1.75,CBF&CBL
XS2439543047,"EUR 0,05 EUROP.INVEST.BK ",0.74,CBF&CBL
DE000SHFM1D1,"EUR 2,875 SCHLESWIG-HOLST",2.36,CBF&CBL
DE000BU2Z056,"EUR 2,60 BUNDES DEUTSCH 2",1.70,CBF&CBL
DE000HV2A086,"EUR 3,20 UNICREDIT BANK (",2.72,CBF&CBL
ES0000012049,"EUR 0,00 SPAIN, KINGDOM O",1.20,CBF&CBL
XS1551294926,"EUR 0,75 BAWAG (AT) (REGS",0.36,CBF&CBL
DE000BU4K054,"EUR 0,00 BUNDES DEUTSCH 2",3.33,CBF&CBL
SK4000026241,"EUR 3,00 SLOVAK, REP. (RE",3.84,CBF&CBL
FR0011510072,"EUR 2,775 CAISSE DES DEPO",3.81,CBF&CBL
SK4000018958,"EUR 0,375 SLOVAK, REP. (R",7.37,CBF&CBL
AT000B122197,"EUR 3,625 VOLKSBANK WIEN ",0.50,CBF&CBL
FR0014015OL0,"EUR FL.R CAISSE DES DEPOT",1.12,CBF&CBL
FR0129704088,"EUR 0,00 BANQUE DE FRANCE",0.04,CBF&CBL
BE6338543786,"EUR 3,25 ARGENTA SPAARBAN",0.36,CBF&CBL
DE000SHFM907,"EUR 3,00 SCHLESWIG-HOLSTE",1.94,CBF&CBL
DE000RLP1452,"EUR 2,75 RHEINLAND-PFALZ ",0.48,CBF&CBL
DE000BU4K104,"EUR 0,00 BUNDES DEUTSCH 2",1.48,CBF&CBL
FR0010372045,"EUR 0,00 FRANCE (OAT STRI",1.80,CBF&CBL
FI4000306758,"EUR 1,125 FINLAND REP.OF ",3.61,CBF&CBL
EU000A1Z99V7,"EUR 2,375 ESM (REGS) 24-2",0.25,CBF&CBL
BE0008534951,"EUR 0,00 BELGIUM, KINGDOM",12.48,CBF&CBL
DE000HV2A219,"EUR 3,938 UNICREDIT BANK ",3.51,CBF&CBL
ES00000120T7,"EUR 0,00 SPAIN, KINGDOM O",4.08,CBF&CBL
FR0011509553,"EUR 2,58 CAISSE DES DEPOT",1.19,CBF&CBL
ES00000129Z5,"EUR 0,00 SPAIN, KINGDOM O",9.49,CBF&CBL
DE000A2LQRY1,"EUR 1,00 THUERINGEN, FREI",3.81,CBF&CBL
DE0001053510,"EUR 0,03 BAYERN, FREISTAA",0.51,CBF&CBL
DE000A255CR0,"EUR 0,25 THUERINGEN, FREI",3.79,CBF&CBL
DE0001143865,"EUR 0,00 BUNDES DEUTSCH 2",0.40,CBF&CBL
BE0002861426,"EUR 1,80 BRUSSELS, REG. O",3.67,CBF&CBL
EU000A4EPCJ1,"EUR 0,00 EUROPEAN UNION 0",0.08,CBF&CBL
FR00140183Y5,"EUR 3,00 CAISSE DES DEPOT",2.99,CBF&CBL
DE0001102432,"EUR 1,25 BUNDES DEUTSCH (",3.75,CBF&CBL
ES0000012E44,"EUR 0,00 SPAIN, KINGDOM O",6.76,CBF&CBL
XS1978552237,"EUR 0,10 EUROP.INVEST.BK ",0.03,CBF&CBL
BE0002714955,"EUR 0,125 BELFIUS BANK SA",2.46,CBF&CBL
NL0015001R87,"EUR 3,625 NATIONALE NL BA",0.36,CBF&CBL
DE0003811501,"EUR 0,00 BUNDES DEUTSCH (",1.44,CBF&CBL
EU000A1Z99A1,"EUR 1,80 ESM (REGS) 17-20",3.59,CBF&CBL
BE0002802834,"EUR 1,144 BRUSSELS, REG. ",13.03,CBF&CBL
XS2489808779,"EUR 2,445 ING BANK N.V. (",0.72,CBF&CBL
FR0000571192,"EUR 0,00 FRANCE (OAT STRI",0.65,CBF&CBL
FR0010070078,"EUR 0,00 FRANCE (OAT PRIN",2.18,CBF&CBL
ES00000127J3,"EUR 0,00 SPAIN, KINGDOM O",1.85,CBF&CBL
DE000NRW13E1,"EUR FL.R NORDRHEIN-WESTFA",2.36,CBF&CBL
EU000A1HBXS7,"EUR 2,50 EUROPEAN UNION (",0.27,CBF&CBL
BE0002689702,"EUR 0,444 BRUSSELS, REG. ",15.23,CBF&CBL
DE000A2TR6M3,"EUR 0,01 LAND, BRANDENBUR",0.34,CBF&CBL
XS2233120554,"EUR 0,00 LANDWIRT.RENTENB",0.39,CBF&CBL
FR0014001MO8,"EUR 0,01 BPCE (REGS) 21-2",0.83,CBF&CBL
XS2434677998,"EUR 0,125 SPAREBNK 1 BOLI",0.46,CBF&CBL
BE0002907880,"EUR 3,034 BRUSSELS, REG. ",0.92,CBF&CBL
BE0002944255,"EUR 3,976 BRUSSELS, REG. ",10.68,CBF&CBL
FR001400SXM8,"EUR 2,75 CAISSE FCSE DE (",1.52,CBF&CBL
XS2922764191,"EUR 3,875 POLAND, REP.OF ",7.90,CBF&CBL
FR0129570604,"EUR 0,00 BANQUE DE FRANCE",0.05,CBF&CBL
NL0000103455,"EUR 0,00 DUTCH STATE (PRI",0.50,CBF&CBL
DE000RLP0835,"EUR 0,375 RHEINLAND-PFALZ",0.34,CBF&CBL
BE0002813948,"EUR 0,796 BRUSSELS, REG. ",9.19,CBF&CBL
FR001400KLW9,"EUR 3,375 BPCE SFH (REGS)",0.85,CBF&CBL
FR0129570620,"EUR 0,00 BANQUE DE FRANCE",0.11,CBF&CBL
DE000LFA2543,"EUR 3,25 LFA FRDRBK.BAYER",2.87,CBF&CBL
BE0008519804,"EUR 0,00 BELGIUM, KINGDOM",3.71,CBF&CBL
XS2107302148,"EUR 0,01 DEXIA S.A (REGS/",5.00,CBF&CBL
DE000A289PA7,"EUR 0,01 DZ HYP AG (REGS)",0.61,CBF&CBL
FR0014001GV5,"EUR 0,01 CAISSE FCSE DE (",1.59,CBF&CBL
AT0000A3FWC3,"EUR 3,00 KOMMUNALKREDIT A",1.27,CBF&CBL
BE6253136319,"EUR 3,221 COMMUNAUT FRANC",7.02,CBF&CBL
FR0013330693,"EUR 1,00 CAISSE FCSE DE (",0.55,CBF&CBL
FR0013355310,"EUR 1,811 CAISSE DES DEPO",10.27,CBF&CBL
DE000A1RQEL5,"EUR 3,415 HESSEN LAND 23-",4.38,CBF&CBL
DE000A4DFKQ8,"EUR 3,125 DZ HYP AG (REGS",2.64,CBF&CBL
DE000NWB9056,"EUR 0,00 NRW.BANK (REGS) ",1.98,CBF&CBL
DE000A3MQYJ4,"EUR 1,75 LAND BERLIN 22-2",5.81,CBF&CBL
NL0015001DQ7,"EUR 2,50 DUTCH STATE 23-2",1.24,CBF&CBL
DE000A3MQTM8,"EUR FL.R HAMBURG HANSESTA",0.65,CBF&CBL
FR00140045Q2,"EUR 0,65 SOCIETE GENERALE",2.72,CBF&CBL
DE000WBP0BK9,"EUR 3,375 WUESTENROT BSPK",0.76,CBF&CBL
DE000BU4Z094,"EUR 0,00 BUNDES DEUTSCH 2",3.32,CBF&CBL
DE000CZ45ZB8,"EUR 2,75 COMMERZBK AG (RE",1.12,CBF&CBL
XS2093705064,"EUR 0,45 ABN AMRO BK NV 1",3.01,CBF&CBL
FR001400IKW5,"EUR 0,55 FRANCE (OAT) 23-",5.95,CBF&CBL
DE000LB4W4W5,"EUR 2,625 LBK BADEN-WUERT",0.39,CBF&CBL
FR001400ZR04,"EUR 3,375 CAISSE FCSE DE ",2.73,CBF&CBL
DE000BU0E378,"EUR 0,00 BUNDES DEUTSCH 0",0.07,CBF&CBL
AT0000A2GK03,"EUR 0,262 NIEDEROESTERREI",1.80,CBF&CBL
FR00140142B9,"EUR 3,307 SOCIETE GEN.SFH",2.27,CBF&CBL
EU000A4ESJ04,"EUR 0,00 EUROPEAN UNION 0",0.11,CBF&CBL
BE0008072218,"EUR 0,00 BELGIUM, KINGDOM",6.08,CBF&CBL
BE6248483347,"EUR FL.R BELGIUM, KINGDOM",0.69,CBF&CBL
DE000A2NB9R0,"EUR 0,75 LAND BERLIN 19-2",2.65,CBF&CBL
DE000A2LQPD9,"EUR 0,01 HAMBURG HANSESTA",0.60,CBF&CBL
XS2528875714,"EUR 2,50 INTL.DEVEL..ASSO",3.16,CBF&CBL
XS2803760359,"EUR 2,75 CNCL.EU DEV.BK (",0.98,CBF&CBL
XS1442166366,"EUR 0,539 IBRD-WORLD BANK",1.15,CBF&CBL
XS2434412859,"EUR 0,375 SPAREBANKEN NOR",1.69,CBF&CBL
XS3167394827,"EUR 2,75 SPAREBNK 1 BOLIK",1.78,CBF&CBL
BE0390304732,"EUR 3,00 KBC BANK NV 26-2",1.53,CBF&CBL
DE000NWB2MM0,"EUR 0,1055 NRW.BANK (REGS",9.96,CBF&CBL
BE0002762434,"EUR 0,01 BNP PARIBAS FORT",0.42,CBF&CBL
FR0014009UW7,"EUR 1,397 BNP PARIBAS HOM",0.37,CBF&CBL
XS2804679871,"EUR 3,14 ACHMEA BANK N.V ",0.89,CBF&CBL
FR0010482604,"EUR 0,00 FRANCE (OAT STRI",3.82,CBF&CBL
FR0013524014,"EUR 0,10 FRANCE (REGS OAT",4.96,CBF&CBL
BE0002919000,"EUR 3,564 BRUSSELS, REG. ",8.02,CBF&CBL
DE000A351PK4,"EUR FL.R LAND BERLIN 24-2",0.67,CBF&CBL
FR0014012II5,"EUR 3,50 FRANCE 25-2035",1.87,CBF&CBL
XS3332391757,"EUR 3,125 ING BANK N.V. (",1.53,CBF&CBL
DE000NRW0LT3,"EUR 3,60 NORDRHEIN-WESTFA",1.99,CBF&CBL
FR0013417334,"EUR 0,875 CREDIT AGR HOME",2.36,CBF&CBL
ES0000012D78,"EUR 0,00 SPAIN, KINGDOM O",9.82,CBF&CBL
EU000A3K4D41,"EUR 3,25 EUROPEAN UNION (",1.63,CBF&CBL
DE000A351NR4,"EUR 3,125 DEUTSCHE BANK A",0.36,CBF&CBL
FR001400JMK4,"EUR 3,436 CREDIT AGRICOLE",2.56,CBF&CBL
XS3091698244,"EUR 2,375 DNB BOLIGKREDIT",1.28,CBF&CBL
DE000AAR0470,"EUR 2,625 AAREAL BK AG. (",1.48,CBF&CBL
DE0001102531,"EUR 0,00 BUNDES DEUTSCH (",1.00,CBF&CBL
FR001400NGT9,"EUR 3,125 LA BQE POST HOM",2.13,CBF&CBL
DE000HV2A0L0,"EUR 2,625 UNICREDIT BANK ",1.17,CBF&CBL
DE000A30V4D4,"EUR FL.R BREMEN HANSTADT ",0.88,CBF&CBL
DE000NRW0P73,"EUR 2,75 NORDRHEIN-WESTFA",2.04,CBF&CBL
FR0010372052,"EUR 0,00 FRANCE (OAT STRI",2.05,CBF&CBL
DE000A2TSDQ6,"EUR 1,127 THUERINGEN, FRE",6.06,CBF&CBL
DE000A3MQYH8,"EUR FL.R LAND BERLIN 22-2",0.39,CBF&CBL
FR001400N5A7,"EUR 2,75 CRH (REGS) 24-20",0.80,CBF&CBL
DE000CZ45Y71,"EUR FL.R COMMERZBK AG (RE",0.35,CBF&CBL
DE000A3MQTH8,"EUR 3,375 HAMBURG HANSEST",4.02,CBF&CBL
EU000A1G6TV9,"EUR 2,875 EUROPEAN UNION ",0.36,CBF&CBL
DE000A30V6W9,"EUR FL.R LAND, BRANDENBUR",0.34,CBF&CBL
BE6340780848,"EUR FL.R BRUSSELS, REG. O",2.83,CBF&CBL
DE000DKB0531,"EUR 3,00 DEUTSCHE KREDITB",1.29,CBF&CBL
DE000A5ENMS9,"EUR 3,625 BREMEN HANSTADT",4.00,CBF&CBL
ES0000012031,"EUR 0,00 SPAIN, KINGDOM O",0.58,CBF&CBL
DE000A11P8P0,"EUR 1,02 SAARLAND 15-2030",1.37,CBF&CBL
FR0014007PY7,"EUR 0,625 CAISSE FCSE DE ",4.31,CBF&CBL
XS3187006302,"EUR 2,50 ASFINAG(AT) (REG",1.71,CBF&CBL
FR0013154192,"EUR 0,00 FRANCE (OAT STRI",6.55,CBF&CBL
FR0013420957,"EUR 0,091 BNP PARIBAS HOM",3.23,CBF&CBL
SK4000015475,"EUR 0,50 VSEOB. UVEROVA B",1.28,CBF&CBL
XS2495966637,"EUR 2,50 VAN LANSCHOT KE ",0.50,CBF&CBL
XS2752052063,"EUR 3,00 RAIF.LBK NIEDERO",0.36,CBF&CBL
BE0390111749,"EUR 2,99 BRUSSELS, REG. O",2.44,CBF&CBL
EU000A4D5QM6,"EUR 2,625 EUROPEAN UNION ",0.44,CBF&CBL
DE000A1RQEU6,"EUR FL.R HESSEN LAND 24-2",0.49,CBF&CBL
DE000A2TR6Q4,"EUR 0,00 LAND, BRANDENBUR",1.39,CBF&CBL
DE000NRW0MM6,"EUR 2,35 NORDRHEIN-WESTFA",1.55,CBF&CBL
FR0010809749,"EUR 0,00 FRANCE (OAT STRI",3.09,CBF&CBL
DE000A3513R0,"EUR 2,471 LAND BERLIN (RE",2.27,CBF&CBL
FR001401AM98,"EUR FL.R CREDIT AGR HOME ",0.37,CBF&CBL
DE0001142263,"EUR 0,00 BRD 05-2037",2.45,CBF&CBL
DE0001053593,"EUR 0,01 BAYERN, FREISTAA",2.56,CBF&CBL
BE0390105683,"EUR 2,875 BELFIUS BANK SA",1.49,CBF&CBL
FR0010809673,"EUR 0,00 FRANCE (OAT STRI",2.47,CBF&CBL
XS1508566558,"EUR 2,00 POLAND, REP.OF (",11.64,CBF&CBL
AT0000A3DZE7,"EUR 3,206 NIEDEROESTERREI",3.22,CBF&CBL
DE000A383XY2,"EUR FL.R NIEDERSACHSEN LA",1.38,CBF&CBL
XS3104454106,"EUR 2,50 SWEDBANK MORTGAG",1.29,CBF&CBL
FR0010482646,"EUR 0,00 FRANCE (OAT STRI",6.25,CBF&CBL
XS1639913067,"EUR 2,00 IRELAND, REP OF ",10.89,CBF&CBL
BE6301918221,"EUR 1,674 COMMUNAUT FRANC",6.61,CBF&CBL
DE000A2E4UF7,"EUR 1,05 L-BANK (MBS) 18-",1.75,CBF&CBL
DE000NRW0NF8,"EUR 2,00 NORDRHEIN-WESTFA",1.98,CBF&CBL
DE000A1RQE67,"EUR FL.R HESSEN LAND 25-2",0.75,CBF&CBL
DE000A383U41,"EUR 3,125 SAARLAND 26-203",1.88,CBF&CBL
AT0000A2KDQ5,"EUR 0,40 NIEDEROESTERREIC",9.42,CBF&CBL
DE000A14JZV0,"EUR 1,65 BADEN-WUERTTEMBE",2.52,CBF&CBL
DE0001053767,"EUR 3,22 BAYERN, FREISTAA",2.18,CBF&CBL
DE000CZ45YB1,"EUR 3,00 COMMERZBK AG (RE",2.17,CBF&CBL
XS3241318339,"EUR 2,99 AUSTRIA, REP.OF ",6.83,CBF&CBL
XS3391770743,"EUR 3,125 NORDIC INVEST.B",1.35,CBF&CBL
DE000LFA1743,"EUR 0,75 LFA FRDRBK.BAYER",0.38,CBF&CBL
DE000A254YU1,"EUR 0,01 HAMBURGER SPARK.",0.48,CBF&CBL
XS2396616455,"EUR 0,01 HYPO VORARLBERG ",1.08,CBF&CBL
ES00000125L3,"EUR 0,00 SPAIN, KINGDOM O",0.48,CBF&CBL
DE000A351UR9,"EUR 2,75 LAND, BRANDENBUR",2.02,CBF&CBL
XS3277825330,"EUR 2,37 L-BANK (5706) 26",1.13,CBF&CBL
FR001400ZPR8,"EUR 2,375 CADES (REGS) 25",0.94,CBF&CBL
BE0002856376,"EUR 1,375 BELFIUS BANK SA",0.36,CBF&CBL
EU000A3K4DP2,"EUR 1,75 EUROPEAN UNION (",1.69,CBF&CBL
XS2694863841,"EUR 3,25 LANDWIRT.RENTENB",2.26,CBF&CBL
FR001400WS97,"EUR 2,75 CREDIT AGRICOLE ",0.98,CBF&CBL
SI0002105292,"EUR 3,00 SLOVENIA REP.OF ",1.60,CBF&CBL
DE000HV2A193,"EUR 3,55 UNICREDIT BANK (",2.89,CBF&CBL
NL0015074B12,"EUR 0,00 DUTCH STATE 2801",0.39,CBF&CBL
FR0013154226,"EUR 0,00 FRANCE (OAT STRI",7.29,CBF&CBL
DE000A254PP9,"EUR 0,00 KFW (REGS) 20-20",0.39,CBF&CBL
FR0014009O62,"EUR 1,25 FRANCE (REGS OAT",2.45,CBF&CBL
FR001400JME7,"EUR 3,377 CREDIT AGRICOLE",1.96,CBF&CBL
DE000BU2Z031,"EUR 2,60 BUNDES DEUTSCH 2",1.53,CBF&CBL
DE000LB4XHY2,"EUR 3,25 LBK BADEN-WUERTT",1.50,CBF&CBL
FR0013154127,"EUR 0,00 FRANCE (OAT STRI",5.75,CBF&CBL
DE000NRW0LV9,"EUR 0,80 NORDRHEIN-WESTFA",6.70,CBF&CBL
DE000LFA2006,"EUR 1,875 LFA FRDRBK.BAYE",1.91,CBF&CBL
EU000A3K4EN5,"EUR 3,125 EUROPEAN UNION ",0.56,CBF&CBL
DE000A30V232,"EUR 3,125 INVESTITIONSBK ",1.80,CBF&CBL
XS3070628014,"EUR 2,375 SPAREBNK 1 BOLI",1.17,CBF&CBL
DE000NRW0P57,"EUR 2,35 NORDRHEIN-WESTFA",1.46,CBF&CBL
XS0948350110,"EUR FL.R LAND SACHSEN ANH",0.39,CBF&CBL
AT0000A286W1,"EUR 0,875 ERSTE GR.BK AG ",2.37,CBF&CBL
DE000A1RQDT0,"EUR 0,221 HESSEN LAND 20-",1.76,CBF&CBL
FI4000466412,"EUR 0,01 OMA SAVINGS BANK",0.41,CBF&CBL
XS2353057123,"EUR 0,10 ASIAN DEV.BK 21-",1.58,CBF&CBL
DE000A30V2V0,"EUR 3,00 DEUTSCHE BANK AG",0.53,CBF&CBL
BE6356934396,"EUR 2,50 ARGENTA SPAARBAN",0.38,CBF&CBL
DE000HV2A0M8,"EUR 3,10 UNICREDIT BANK 2",2.45,CBF&CBL
DE000A3MQTJ4,"EUR FL.R HAMBURG HANSESTA",0.38,CBF&CBL
DE000A46Z767,"EUR 3,54 LAND SACHSEN ANH",0.98,CBF&CBL
DE000A351UV1,"EUR 3,625 LAND, BRANDENBU",1.45,CBF&CBL
FR0010809491,"EUR 0,00 FRANCE (OAT STRI",4.54,CBF&CBL
DE000NRW2145,"EUR 2,27 NORDRHEIN-WESTFA",0.62,CBF&CBL
XS1616594104,"EUR 1,95 NIEDEROESTERREIC",6.92,CBF&CBL
XS1693853944,"EUR 0,75 DEUT.APOTHEKER (",0.36,CBF&CBL
DE000NRW0P08,"EUR 3,19 NORDRHEIN-WESTFA",2.11,CBF&CBL
DE000NWB1W44,"EUR 3,50 NRW.BANK 23-2038",4.33,CBF&CBL
XS3299537426,"EUR 3,002 ING BANK N.V. (",2.41,CBF&CBL
FR0014018XB6,"EUR 3,125 BPCE SFH (REGS)",1.86,CBF&CBL
FR0129704096,"EUR 0,00 BANQUE DE FRANCE",0.04,CBF&CBL
ES00000120N0,"EUR 4,90 SPAIN, KINGDOM O",3.72,CBF&CBL
DE0001030583,"EUR FL.R BUNDES DEUTSCH 2",2.73,CBF&CBL
DE000A3MQPN4,"EUR XXX L-BANK (REGS) 22-",2.47,CBF&CBL
BE0002918994,"EUR 3,537 BRUSSELS, REG. ",8.73,CBF&CBL
BE0002945260,"EUR 3,976 BRUSSELS, REG. ",9.89,CBF&CBL
BE0008548126,"EUR 0,00 BELGIUM, KINGDOM",19.38,CBF&CBL
FR0013210507,"EUR 0,00 FRANCE (OAT STRI",4.62,CBF&CBL
BE0002665462,"EUR 0,944 BRUSSELS, REG. ",13.48,CBF&CBL
DE000SHFM865,"EUR 2,625 SCHLESWIG-HOLST",0.72,CBF&CBL
ES0000012N35,"EUR 3,45 SPAIN, KINGDOM O",2.89,CBF&CBL
DE000A3H25Y6,"EUR FL.R BADEN-WUERTTEMBE",0.39,CBF&CBL
XS3032938410,"EUR 2,875 CNCL.EU DEV.BK ",1.16,CBF&CBL
DE000BU4Z219,"EUR 0,00 BUNDES DEUTSCH 2",4.66,CBF&CBL
DE000SHFM790,"EUR 0,01 SCHLESWIG-HOLSTE",0.34,CBF&CBL
AT0000A3B0X2,"EUR 3,125 ERSTE GR.BK AG ",2.10,CBF&CBL
BE0390271402,"EUR 2,851 KBC BANK NV (RE",1.84,CBF&CBL
XS2260183285,"EUR 0,01 OP MORTGAGE BK (",1.48,CBF&CBL
DE000RLP1619,"EUR FL.R RHEINLAND-PFALZ ",0.34,CBF&CBL
AT0000A04967,"EUR 4,15 AUSTRIA, REP.OF ",4.20,CBF&CBL
BE0008523848,"EUR 0,00 BELGIUM, KINGDOM",6.22,CBF&CBL
ES00000126P2,"EUR 0,00 SPAIN, KINGDOM O",4.67,CBF&CBL
FR0013286192,"EUR 0,75 FRANCE (REGS OAT",0.36,CBF&CBL
ES0000012D45,"EUR 0,00 SPAIN, KINGDOM O",9.02,CBF&CBL
DE000SHFM899,"EUR 3,00 SCHLESWIG-HOLSTE",1.22,CBF&CBL
DE000HV2A0E5,"EUR 2,665 UNICREDIT BANK ",2.07,CBF&CBL
FR001400YWV9,"EUR 3,25 CAISSE FCSE DE (",2.42,CBF&CBL
FR0014010I59,"EUR 2,625 CRH (REGS) 25-2",1.28,CBF&CBL
XS3363426605,"EUR FL.R CESKA EXPORTNI B",13.40,CBF&CBL
FI4000415153,"EUR 0,125 FINLAND REP.OF ",4.70,CBF&CBL
FR0014006WB3,"EUR 0,125 CREDIT AGRICOLE",1.66,CBF&CBL
XS2525255647,"EUR 1,75 SPAREBNK 1 BOLIK",0.36,CBF&CBL
XS2701206109,"EUR 3,315 IBRD-WORLD BANK",0.02,CBF&CBL
ES0L02610092,"EUR 0,00 SPAIN, KINGDOM O",0.03,CBF&CBL
DE000DKB0432,"EUR 0,50 DEUTSCHE KREDITB",0.36,CBF&CBL
EU000A1Z99D5,"EUR 1,20 ESM (REGS) 18-20",1.36,CBF&CBL
XS2325331960,"EUR 0,00 ING BANK N.V. (R",0.53,CBF&CBL
FR001400FXU8,"EUR 3,125 CRH (REGS) 23-2",1.89,CBF&CBL
FI4000562095,"EUR 3,50 OMA SAVINGS BANK",0.89,CBF&CBL
XS2733107622,"EUR 4,75 L-BANK (REGS/566",1.07,CBF&CBL
DE000A3MQTB1,"EUR 2,75 HAMBURG HANSESTA",1.16,CBF&CBL
FR0014013G74,"EUR 2,75 CAISSE DES DEPOT",2.77,CBF&CBL
XS2484093393,"EUR 1,50 EUROP.INVEST.BK ",1.21,CBF&CBL
XS3521575111,"EUR 0,00 AUSTRIA, REP.OF ",0.54,CBF&CBL
FI4000242870,"EUR 1,375 FINLAND REP.OF ",7.97,CBF&CBL
BE0002696772,"EUR 0,25 KBC BANK NV (REG",0.36,CBF&CBL
BE0002824051,"EUR FL.R BRUSSELS, REG. O",7.21,CBF&CBL
XS3037817494,"EUR 2,875 STADSHYP AB (PU",1.66,CBF&CBL
EU000A3K4D09,"EUR 2,75 EUROPEAN UNION (",2.21,CBF&CBL
DE000SHFM956,"EUR 2,75 SCHLESWIG-HOLSTE",1.69,CBF&CBL
XS3028070350,"EUR 3,25 EIKA BOLIGKREDI ",2.41,CBF&CBL
FR0010482596,"EUR 0,00 FRANCE (OAT STRI",3.29,CBF&CBL
EU000A1Z0401,"EUR 0,49 EUROPEAN UNION (",0.12,CBF&CBL
DE000RLP1569,"EUR 2,374 RHEINLAND-PFALZ",1.72,CBF&CBL
FR0129704146,"EUR 0,00 BANQUE DE FRANCE",0.08,CBF&CBL
FR0012697969,"EUR 0,50 SOCIETE GEN.SFH ",0.36,CBF&CBL
NL0013088990,"EUR 1,00 NATIONALE NL BAN",0.70,CBF&CBL
DE000NWB18N5,"EUR 0,875 NRW.BANK 19-203",3.35,CBF&CBL
XS2454249652,"EUR 0,25 NORDIC INVEST.BK",0.60,CBF&CBL
DE000HCB0BV0,"EUR 3,375 HAMBURG COM BK ",0.47,CBF&CBL
DE000LFA2311,"EUR 2,625 LFA FRDRBK.BAYE",1.52,CBF&CBL
DE000NRW0GQ9,"EUR FL.R NORDRHEIN-WESTFA",0.49,CBF&CBL
FR0013514502,"EUR 0,01 BPCE (REGS) 20-2",1.30,CBF&CBL
FR0014009ED1,"EUR 0,875 CREDIT AGR HOME",0.36,CBF&CBL
XS3495741525,"EUR 3,375 TENNET NETHERLA",13.75,CBF&CBL
XS1985004370,"EUR 1,125 ABN AMRO BK NV ",3.49,CBF&CBL
FR001400FFW1,"EUR 2,875 CAISSE FCSE DE ",1.15,CBF&CBL
EU000A4ET792,"EUR 0,00 EUROPEAN UNION 0",0.13,CBF&CBL
EU000A18Z2D4,"EUR 0,75 EUROPEAN UNION (",1.00,CBF&CBL
BE6301672679,"EUR 1,66 COMMUNAUT FRANCA",6.60,CBF&CBL
EU000A3KT6B1,"EUR 0,45 EUROPEAN UNION (",3.13,CBF&CBL
BE0002958396,"EUR 3,40 BRUSSELS, REG. O",4.13,CBF&CBL
DE000A3MQTC9,"EUR 2,875 HAMBURG HANSEST",2.40,CBF&CBL
BE0002650316,"EUR 1,62 BRUSSELS, REG. O",10.77,CBF&CBL
FR001400A2U7,"EUR 1,375 SOCIETE GEN.SFH",0.56,CBF&CBL
BE0002880616,"EUR FL.R BRUSSELS, REG. O",5.76,CBF&CBL
IE00080U68D3,"EUR 3,15 IRELAND, REP OF ",9.57,CBF&CBL
FR0011659176,"EUR 3,02 CAISSE DES DEPOT",3.17,CBF&CBL
EU000A1Z0AX5,"EUR 0,519 EUROPEAN UNION ",0.62,CBF&CBL
DE000A2TSDY0,"EUR 0,01 DZ HYP AG (REGS)",0.39,CBF&CBL
FR0013516176,"EUR 0,25 AXA BK EUROPE SC",4.03,CBF&CBL
BE0002859404,"EUR 1,50 ING BELGIUM SA /",0.93,CBF&CBL
DE000AAR0363,"EUR 2,375 AAREAL BK AG. (",1.03,CBF&CBL
BE6342562236,"EUR FL.R COMMUNAUT FRANCA",2.86,CBF&CBL
XS2617508481,"EUR 3,25 AB SVERIGES SAKE",0.56,CBF&CBL
DE000NWB1WG3,"EUR 3,70 NRW.BANK 26-2047",6.24,CBF&CBL
NL0000102788,"EUR 0,00 DUTCH STATE (PRI",3.42,CBF&CBL
DE000BLB6JC5,"EUR 0,75 BAYERISCH.LANDES",0.46,CBF&CBL
XS2749779570,"EUR 2,70 L-BANK (REGS/566",0.50,CBF&CBL
XS3330368518,"EUR 2,875 NORDEA MORTGAGE",0.97,CBF&CBL
XS3519684511,"EUR 0,00 EUROP.INVEST.BK ",0.17,CBF&CBL
NL0012818504,"EUR 0,75 DUTCH STATE (REG",0.69,CBF&CBL
BE0002724053,"EUR 0,69 BRUSSELS, REG. O",12.65,CBF&CBL
NL0015614579,"EUR 0,00 DUTCH STATE 20-2",8.20,CBF&CBL
DE0001053635,"EUR 0,01 BAYERN, FREISTAA",1.72,CBF&CBL
FR001400INJ6,"EUR 3,42 CREDIT MUTUEL H ",2.45,CBF&CBL
DE000NWB1WD0,"EUR 2,50 NRW.BANK 26-2030",1.59,CBF&CBL
SI0002103966,"EUR 0,275 SLOVENIA REP.OF",2.77,CBF&CBL
XS2314675997,"EUR 0,01 EUROP.INVEST.BK ",0.93,CBF&CBL
BE0002798792,"EUR 1,50 BRUSSELS, REG. O",13.46,CBF&CBL
XS2433363509,"EUR 0,25 EUROP.INVEST.BK ",1.17,CBF&CBL
ES0000012726,"EUR 0,00 SPAIN, KINGDOM O",0.38,CBF&CBL
XS2002491863,"EUR 1,50 TENNET NETHERLA ",23.26,CBF&CBL
DE000A254Q19,"EUR 2,68 LAND SACHSEN ANH",0.80,CBF&CBL
DE0001789378,"EUR 2,75 SACHSEN, FREISTA",1.15,CBF&CBL
DE0001142602,"EUR 0,00 BRD (STRIP CPN) ",0.08,CBF&CBL
ES0000012C12,"EUR FL.R SPAIN, KINGDOM O",3.83,CBF&CBL
BE0002858398,"EUR 2,00 BELFIUS BANK SA/",2.81,CBF&CBL
DE000A30VN02,"EUR XXX BAUSPARK. SCHWA (",1.03,CBF&CBL
FR001400PT61,"EUR 3,125 UNEDIC (REGS) 2",3.08,CBF&CBL
BE0002998798,"EUR 3,08 BRUSSELS, REG. O",3.93,CBF&CBL
DE000A1RQES0,"EUR 3,125 HESSEN LAND (RE",3.55,CBF&CBL
XS3328489334,"EUR 3,25 KOMERCNI BANKA A",1.70,CBF&CBL
XS0782697071,"EUR 3,375 OEBB INFRASTRUK",1.94,CBF&CBL
DE000LFA1719,"EUR 1,00 LFA FRDRBK.BAYER",0.54,CBF&CBL
BE6302008154,"EUR FL.R COMMUNAUT FRANCA",0.89,CBF&CBL
ES00000129S0,"EUR 0,00 SPAIN, KINGDOM O",7.29,CBF&CBL
EU000A1Z99U9,"EUR 2,75 ESM (REGS) 24-20",1.58,CBF&CBL
BE0390189554,"EUR FL.R COMMUNAUT FRANCA",5.15,CBF&CBL
AT000B079363,"EUR FL.R RAIF.LBK NIEDERO",0.53,CBF&CBL
DE000LB4XGB2,"EUR 3,125 LBK BADEN-WUERT",1.69,CBF&CBL
FR0010809863,"EUR 0,00 FRANCE (OAT STRI",4.04,CBF&CBL
FR0011461631,"EUR 0,00 FRANCE (OAT STRI",3.81,CBF&CBL
DE000A2NB9V2,"EUR 0,10 LAND BERLIN (REG",1.31,CBF&CBL
FR0013515806,"EUR 0,50 FRANCE (REGS OAT",2.92,CBF&CBL
BE0002705862,"EUR 1,053 VLAAMS GEMEENSC",11.92,CBF&CBL
DE0001102507,"EUR 0,00 BUNDES DEUTSCH 2",0.86,CBF&CBL
BE0002752336,"EUR 0,562 BRUSSELS, REG. ",16.61,CBF&CBL
DE000A289NR6,"EUR 0,01 LAND, BRANDENBUR",1.07,CBF&CBL
EU000A3KZ8U9,"EUR 0,00 EURO.ATM.NRG.CMN",1.27,CBF&CBL
XS2469466390,"EUR 1,25 RAIF.LBK NIEDERO",0.36,CBF&CBL
FR001400UB98,"EUR 3,068 SOCIETE GEN.SFH",2.34,CBF&CBL
FR0010482638,"EUR 0,00 FRANCE (OAT STRI",5.61,CBF&CBL
DE000A2NB9Z3,"EUR 0,125 LAND BERLIN (RE",3.12,CBF&CBL
FR001400DAI6,"EUR 3,25 CAISSE FCSE DE (",0.83,CBF&CBL
XS2830098666,"EUR 2,875 FINNVERA PLC (R",6.85,CBF&CBL
DE000NRW0PJ5,"EUR 3,00 NORDRHEIN-WESTFA",1.04,CBF&CBL
BE0008075245,"EUR 0,00 BELGIUM, KINGDOM",7.71,CBF&CBL
DE0003811659,"EUR 0,00 BUNDES DEUTSCH (",4.70,CBF&CBL
BE0002854355,"EUR 1,805 BRUSSELS, REG. ",6.27,CBF&CBL
FR001400H7V7,"EUR 3,00 FRANCE (REGS OAT",1.44,CBF&CBL
EU000A3K4ES4,"EUR 3,00 EUROPEAN UNION (",1.72,CBF&CBL
DE000A382699,"EUR 2,75 DT. PFANDBRIEFBA",1.20,CBF&CBL
EU000A4E0DU7,"EUR 0,00 EUROPEAN UNION 0",0.22,CBF&CBL
DE0001142693,"EUR 0,00 BRD 05-2036",2.22,CBF&CBL
FR0013510476,"EUR 0,125 CRH (REGS) 20-2",0.36,CBF&CBL
XS2333649759,"EUR 0,125 NIBC BANK NV. (",1.62,CBF&CBL
DE000A351PL2,"EUR FL.R LAND BERLIN 24-2",0.67,CBF&CBL
DE000SHFM1E9,"EUR FL.R SCHLESWIG-HOLSTE",1.20,CBF&CBL
FR0011461490,"EUR 0,00 FRANCE (OAT STRI",1.23,CBF&CBL
XS1711580107,"EUR 0,00 IBRD-WORLD BANK ",7.31,CBF&CBL
AT0000A2WSC8,"EUR 0,90 AUSTRIA, REP.OF ",2.66,CBF&CBL
FR001400TR51,"EUR 2,75 LA BANQUE POSTAL",1.40,CBF&CBL
FR0014019154,"EUR 3,50 CA CIB (REGS) 26",2.66,CBF&CBL
ES00000128P8,"EUR 1,50 SPAIN, KINGDOM O",0.25,CBF&CBL
FR0014014V09,"EUR 3,21 BNP PARIBAS HOME",2.34,CBF&CBL
DE000MHB42J6,"EUR 2,75 MUENCHENER HYPOB",1.90,CBF&CBL
DE000A289MU2,"EUR FL.R AAREAL BK AG. 23",0.75,CBF&CBL
DE000BU22130,"EUR 2,50 BUNDES DEUTSCH 2",0.38,CBF&CBL
DE000A3512U6,"EUR 3,15 LAND SACHSEN ANH",5.93,CBF&CBL
DE000A3823Y9,"EUR FL.R NIEDERSACHSEN LA",1.04,CBF&CBL
DE000SCB0054,"EUR 2,875 DEUTSCHE KREDIT",2.68,CBF&CBL
BE0390269380,"EUR 2,375 VLAAMS GEMEENSC",0.85,CBF&CBL
FR0129704195,"EUR 0,00 BANQUE DE FRANCE",0.20,CBF&CBL
FR0010172270,"EUR 0,00 FRANCE (OAT STRI",2.69,CBF&CBL
FR0013154283,"EUR 0,00 FRANCE (OAT STRI",7.95,CBF&CBL
BE0002578566,"EUR FL.R BRUSSELS, REG. O",0.72,CBF&CBL
DE000A1RQD92,"EUR 0,125 HESSEN LAND 21-",1.82,CBF&CBL
XS2570759154,"EUR 3,125 BAWAG (AT) (REG",0.80,CBF&CBL
DE000A30V877,"EUR 2,875 NIEDERSACHSEN L",0.53,CBF&CBL
DE000A3MQU45,"EUR 3,25 DZ HYP AG (REGS)",1.96,CBF&CBL
XS1091637592,"EUR 2,035 NRW.BANK (REGS/",3.34,CBF&CBL
BE0002669506,"EUR 0,01 BELFIUS BANK SA/",1.11,CBF&CBL
DE000A352AG2,"EUR 2,551 LAND SACHSEN AN",0.66,CBF&CBL
XS3289050190,"EUR FL.R AUSTRIA, REP.OF ",1.76,CBF&CBL
FR0011461433,"EUR 0,00 FRANCE (OAT STRI",0.13,CBF&CBL
EU000A1U9928,"EUR 1,625 ESM (REGS) 15-2",2.00,CBF&CBL
DE000NWB18C8,"EUR FL.R NRW.BANK 17-2027",0.49,CBF&CBL
DE000NLB2TD7,"EUR 0,75 NORD/LB GZ (REGS",0.46,CBF&CBL
ES0000012G26,"EUR 0,80 SPAIN, KINGDOM O",0.36,CBF&CBL
NL00150008B6,"EUR FL.R NN LIFE (REGS) 2",4.18,CBF&CBL
XS2334578411,"EUR 0,00 ING BANK N.V. (R",0.91,CBF&CBL
DE000AAR0306,"EUR 0,01 AAREAL BK AG. (R",0.70,CBF&CBL
DE0003811808,"EUR 0,00 BUNDES DEUTSCH 2",0.79,CBF&CBL
AT0000A377E6,"EUR 3,625 NIEDEROESTERREI",2.29,CBF&CBL
DE000A383U25,"EUR FL.R SAARLAND 25-2031",0.52,CBF&CBL
FR0010292169,"EUR 3,875 CIE FINANCEMENT",4.98,CBF&CBL
FR0013210499,"EUR 0,00 FRANCE (OAT STRI",4.35,CBF&CBL
XS1808480534,"EUR 1,25 AB SVERIGES SAKE",2.03,CBF&CBL
XS2484321950,"EUR 1,625 ACHMEA BANK N.V",0.93,CBF&CBL
FR0014008RP9,"EUR 0,625 CREDIT MUTUEL H",0.36,CBF&CBL
DE0001142859,"EUR 0,00 BUNDES DEUTSCH 1",0.33,CBF&CBL
BE0002579572,"EUR 1,75 BRUSSELS, REG. O",10.26,CBF&CBL
ES00000128L7,"EUR 0,00 SPAIN, KINGDOM O",6.34,CBF&CBL
DE000A2TR6K7,"EUR 0,01 LAND, BRANDENBUR",1.30,CBF&CBL
FR0014006268,"EUR 0,60 COMP.FINA.FONCIE",4.26,CBF&CBL
FR001400M4Z8,"EUR 2,875 CREDIT AGR HOME",2.14,CBF&CBL
DE000A382400,"EUR 2,75 KFW (REGS) 24-20",1.65,CBF&CBL
DE000A30V4B8,"EUR 2,75 BREMEN HANSTADT ",1.82,CBF&CBL
SK4000028304,"EUR 3,625 SLOVAK, REP. (R",7.07,CBF&CBL
ES0000012734,"EUR 0,00 SPAIN, KINGDOM O",0.89,CBF&CBL
EU000A19GY72,"EUR 0,75 EURO.ATM.NRG.CMN",0.13,CBF&CBL
XS1805353734,"EUR 1,45 ABN AMRO BK NV (",3.18,CBF&CBL
ES00000129E0,"EUR 0,00 SPAIN, KINGDOM O",4.08,CBF&CBL
FR0013459757,"EUR 0,10 CAISSE FCSE DE (",1.11,CBF&CBL
FR0014001S17,"EUR 0,00 CADES (REGS) 21-",2.23,CBF&CBL
ES0000012L52,"EUR 3,15 SPAIN, KINGDOM O",2.65,CBF&CBL
DE000LB387C2,"EUR 3,25 LBK BADEN-WUERTT",1.98,CBF&CBL
BE0390245141,"EUR 2,75 ING BELGIUM SA /",1.77,CBF&CBL
DE0001143378,"EUR 0,00 BRD (STRIP CPN)0",1.84,CBF&CBL
ES00000127V8,"EUR 0,00 SPAIN, KINGDOM O",0.89,CBF&CBL
BE0002646272,"EUR 1,922 BRUSSELS, REG. ",11.71,CBF&CBL
FR001400WO83,"EUR 3,125 CAISSE FCSE DE ",2.00,CBF&CBL
FR0013234523,"EUR 0,00 FRANCE (OAT STRI",0.42,CBF&CBL
BE6306343821,"EUR 2,105 COMMUNAUT FRANC",12.24,CBF&CBL
DE000HV2AZ45,"EUR 2,58 UNICREDIT BANK 2",1.11,CBF&CBL
FR0010070136,"EUR 0,00 FRANCE (OAT STRI",1.92,CBF&CBL
BE6291369468,"EUR 1,58 COMMUNAUT FRANCA",2.20,CBF&CBL
XS2405489092,"EUR 0,05 LANDWIRT.RENTENB",1.70,CBF&CBL
EU000A3K4DG1,"EUR 1,25 EUROPEAN UNION (",3.17,CBF&CBL
DE000A30V8Q7,"EUR 2,75 NIEDERSACHSEN LA",1.44,CBF&CBL
EU000A3K4D74,"EUR 3,375 EUROPEAN UNION ",2.28,CBF&CBL
EU000A2SCAS8,"EUR 2,875 EFSF (REGS) 25-",5.02,CBF&CBL
FR0129940666,"EUR 0,00 CAISSE DES DEPOT",0.72,CBF&CBL
XS1107247725,"EUR 1,75 EUROP.INVEST.BK ",3.40,CBF&CBL
BE0000344532,"EUR 1,45 BELGIUM, KINGDOM",6.12,CBF&CBL
DE000A2E4EA2,"EUR 1,30 LAND BERLIN 18-2",2.34,CBF&CBL
ES0000012K20,"EUR 0,70 SPAIN, KINGDOM O",2.43,CBF&CBL
DE000A289KP6,"EUR FL.R INVESTITIONSBK 2",0.49,CBF&CBL
DE000A382475,"EUR 2,625 KFW (REGS) 24-2",0.99,CBF&CBL
DE000A351XW3,"EUR 3,00 DZ HYP AG (REGS)",1.70,CBF&CBL
FR001400WYO4,"EUR 3,60 FRANCE (OAT) 25-",2.75,CBF&CBL
EU000A1ZVYQ9,"EUR 0,77 EUROPEAN UNION (",0.54,CBF&CBL
ES00000128V6,"EUR 0,00 SPAIN, KINGDOM O",0.27,CBF&CBL
BE0000343526,"EUR 2,25 BELGIUM, KINGDOM",10.80,CBF&CBL
FR0013515715,"EUR 0,01 CREDIT MUT ARK S",1.43,CBF&CBL
DE000A3825J5,"EUR 2,75 NIEDERSACHSEN LA",0.77,CBF&CBL
XS3230666474,"EUR 2,75 DANSKE MTG BK (R",2.06,CBF&CBL
AT0000A3VW41,"EUR 0,00 AUSTRIA, REP.OF ",0.54,CBF&CBL
AT0000A3VW66,"EUR 0,00 AUSTRIA, REP.OF ",0.54,CBF&CBL
FR001400EFP8,"EUR 2,75 CREDIT MUTUEL H ",0.42,CBF&CBL
FR001400F901,"EUR 3,095 CAISSE DES DEPO",6.15,CBF&CBL
EU000A2SCAM1,"EUR 2,625 EFSF (REGS) 24-",1.95,CBF&CBL
DE000A2LQK23,"EUR 0,875 INVESTITIONSBK ",1.05,CBF&CBL
DE000A351XY9,"EUR 3,125 DZ HYP AG (REGS",0.69,CBF&CBL
DE000DKB0614,"EUR 3,375 DEUTSCHE KREDIT",2.96,CBF&CBL
DE000DL19U31,"EUR 0,125000 DEUTSCHE BAN",1.31,CBF&CBL
FR001400RNW0,"EUR 3,00 CREDIT MUTUEL H ",0.98,CBF&CBL
XS3080786398,"EUR 2,50 INTL.DEVEL..ASSO",1.33,CBF&CBL
DE000CZ45Z05,"EUR FL.R COMMERZBK AG (RE",0.92,CBF&CBL
XS3512733307,"EUR 0,00 AUSTRIA, REP.OF ",0.54,CBF&CBL
ES00000126R8,"EUR 0,00 SPAIN, KINGDOM O",4.97,CBF&CBL
FR0013341237,"EUR 3,35 CREDIT MUT ARK S",0.59,CBF&CBL
DE000NWB18Q8,"EUR 1,25 NRW.BANK 19-2049",7.95,CBF&CBL
BE6333477568,"EUR 0,75 ARGENTA SPAARBAN",0.86,CBF&CBL
XS2673929944,"EUR 3,375 LANDESBANK HESS",0.46,CBF&CBL
DE000A3H3GP3,"EUR 2,75 SAARLAND 24-2031",1.48,CBF&CBL
XS3344416287,"EUR 2,875 KFW (REGS) 26-2",1.77,CBF&CBL
DE000A5H28B3,"EUR 3,3965 KFW 26-2041",3.92,CBF&CBL
FR0013164530,"EUR 1,183 CAISSE DES DEPO",3.24,CBF&CBL
DE000NRW0K03,"EUR 0,95 NORDRHEIN-WESTFA",0.57,CBF&CBL
XS2058989489,"EUR 0,01 DANSKE MTG BK (R",0.46,CBF&CBL
FI4000549035,"EUR 3,125 OMA SAVINGS BAN",0.67,CBF&CBL
FR001400H8X1,"EUR 3,25 BPCE SFH (REGS) ",0.54,CBF&CBL
DE000A3H2531,"EUR 2,125 BADEN-WUERTTEMB",0.69,CBF&CBL
FR0011461581,"EUR 0,00 FRANCE (OAT STRI",2.70,CBF&CBL
BE0008524853,"EUR 0,00 BELGIUM, KINGDOM",6.66,CBF&CBL
DE000BLB6JL6,"EUR 0,125 BAYERISCH.LANDE",1.10,CBF&CBL
XS2749477134,"EUR 2,75 DEXIA S.A (REGS)",6.09,CBF&CBL
DE000RLP1528,"EUR 2,75 RHEINLAND-PFALZ ",1.57,CBF&CBL
DE000NRW2WL3,"EUR 4,9775 NORDRHEIN-WEST",4.04,CBF&CBL
DE000SHFM808,"EUR 0,05 SCHLESWIG-HOLSTE",1.64,CBF&CBL
SK4000017190,"EUR 0,125 SLOVENSKA SPORI",0.44,CBF&CBL
EU000A3K4DY4,"EUR 3,00 EUROPEAN UNION (",4.07,CBF&CBL
FR001400N6J6,"EUR 2,875 BPCE SFH (REGS)",0.36,CBF&CBL
XS2835735916,"EUR 3,125 DANSKE BANK AS ",1.58,CBF&CBL
DE000SHFM972,"EUR FL.R SCHLESWIG-HOLSTE",0.46,CBF&CBL
XS1505567088,"EUR 0,875 EUROP.INVEST.BK",3.97,CBF&CBL
DE000A351UU3,"EUR FL.R LAND, BRANDENBUR",0.39,CBF&CBL
DE000A13SWG1,"EUR 1,25 DT. PFANDBRIEFBA",2.72,CBF&CBL
BE0001777318,"EUR 1,76 COMMUNAUT FRANCA",8.68,CBF&CBL
FI4000507231,"EUR 0,125 FINLAND REP.OF ",2.48,CBF&CBL
DE000A11QJS1,"EUR 3,125 OLDENBURGISCHE ",1.60,CBF&CBL
DE000A5H28E7,"EUR 2,895 KFW 26-2028",0.73,CBF&CBL
FR0010870956,"EUR 4,00 FRANCE (REGS OAT",3.85,CBF&CBL
FR0013508033,"EUR 0,287 BNP PARIBAS HOM",0.55,CBF&CBL
DE0001030708,"EUR 0,00 BUNDES DEUTSCH (",0.86,CBF&CBL
DE000SHFM824,"EUR 0,01 SCHLESWIG-HOLSTE",0.34,CBF&CBL
DE000A2YNWB9,"EUR 2,375 ING DIBA AG (RE",1.36,CBF&CBL
XS2919192869,"EUR 2,625 ACHMEA BANK N.V",0.37,CBF&CBL
ES0000012O59,"EUR 2,40 SPAIN, KINGDOM O",0.70,CBF&CBL
FI4000609516,"EUR 3,30 FINLAND REP.OF 2",2.99,CBF&CBL
DE000NRW0EQ4,"EUR 2,60 NORDRHEIN-WESTFA",0.50,CBF&CBL
XS1957349332,"EUR 0,50 LANDWIRT.RENTENB",0.94,CBF&CBL
XS2445188423,"EUR 0,50 ING BANK N.V. (R",0.36,CBF&CBL
DE000A2YNWA1,"EUR 0,625 ING DIBA AG (RE",0.85,CBF&CBL
ES00000126E6,"EUR 0,00 SPAIN, KINGDOM O",5.85,CBF&CBL
DE000A1RQC69,"EUR 0,625 HESSEN LAND (RE",0.40,CBF&CBL
FR0013533403,"EUR 0,01 BPCE (REGS) 20-2",0.39,CBF&CBL
XS2312584779,"EUR 0,01 SR-BOLIGKREDITT ",1.58,CBF&CBL
BE0002937184,"EUR 3,295 KBC BANK NV (RE",1.54,CBF&CBL
XS3080782488,"EUR 2,50 AFRICAN DEV.BK (",1.19,CBF&CBL
DE000BYL0E21,"EUR 2,625 BAYERISCH.LANDE",1.53,CBF&CBL
FR0010070128,"EUR 0,00 FRANCE (OAT STRI",1.69,CBF&CBL
DE000A2AAWG5,"EUR 1,45 LAND, BRANDENBUR",3.19,CBF&CBL
FR0013480514,"EUR 0,25 CRH (REGS) 20-20",2.65,CBF&CBL
EU000A28Z2F7,"EUR 0,20 EUROPEAN UNION (",1.94,CBF&CBL
FR001400AO71,"EUR 1,625 CREDIT AGR HOME",1.28,CBF&CBL
SI0002504155,"EUR 0,00 SLOVENIA REP.OF ",0.86,CBF&CBL
FR0014019TN7,"EUR FL.R CAISSE DES DEPOT",3.68,CBF&CBL
XS2084429963,"EUR 0,00 LANDWIRT.RENTENB",1.24,CBF&CBL
ES0000012H58,"EUR 1,45 SPAIN, KINGDOM O",7.27,CBF&CBL
XS2392593161,"EUR 0,25 ACHMEA BANK N.V ",2.98,CBF&CBL
AT0000A2YD59,"EUR 2,50 RAIF.LBK.OBEROS.",0.96,CBF&CBL
DE000A460GR7,"EUR FL.R BAUSPARK. SCHWA ",2.56,CBF&CBL
XS3411892170,"EUR 3,021 SID SLOVENSKA (",14.65,CBF&CBL
FR0010809533,"EUR 0,00 FRANCE (OAT STRI",5.04,CBF&CBL
DE000A3KK6X5,"EUR 0,202 L-BANK 22-2030",1.64,CBF&CBL
DE000A3MQYR7,"EUR 3,00 LAND BERLIN 23-2",0.63,CBF&CBL
SI0002104592,"EUR 3,40 SLOVENIA REP.OF ",0.86,CBF&CBL
DE000NLB54C6,"EUR 2,875 NORD/LB GZ (REG",1.90,CBF&CBL
XS1756716764,"EUR 0,75 CNCL.EU DEV.BK (",0.32,CBF&CBL
DE0001102473,"EUR 0,00 BUNDES DEUTSCH 1",0.64,CBF&CBL
SK4000026860,"EUR 3,30 SLOVAK, REP. 25-",3.11,CBF&CBL
DE000BU22114,"EUR 2,00 BUNDES DEUTSCH 2",0.26,CBF&CBL
XS3276183343,"EUR 2,875 BAWAG (AT) (REG",1.91,CBF&CBL
DE000BU0E444,"EUR 0,00 BUNDES DEUTSCH 1",0.20,CBF&CBL
IE000GVLBXU6,"EUR 3,00 IRELAND, REP OF ",7.14,CBF&CBL
DE000BU2D004,"EUR 2,50 BUNDES DEUTSCH (",3.94,CBF&CBL
FR0010482307,"EUR 0,00 FRANCE (OAT PRIN",0.73,CBF&CBL
XS2714460719,"EUR 3,485 KNAB N.V. 23-20",0.74,CBF&CBL
BE0390353259,"EUR 3,844 BRUSSELS, REG. ",3.61,CBF&CBL
DE000NRW12R5,"EUR FL.R NORDRHEIN-WESTFA",2.65,CBF&CBL
DE0001102598,"EUR FL.R BUNDES DEUTSCH 2",2.27,CBF&CBL
DE000A383B77,"EUR 3,125 SPARKASSE HANNO",1.58,CBF&CBL
DE0003811568,"EUR 0,00 BUNDES DEUTSCH (",2.75,CBF&CBL
ES00000129T8,"EUR 0,00 SPAIN, KINGDOM O",7.59,CBF&CBL
BE0000350596,"EUR 0,40 BELGIUM, KINGDOM",8.14,CBF&CBL
XS3324588410,"EUR 3,125 EIKA BOLIGKREDI",2.19,CBF&CBL
DE000A3MQTU1,"EUR 3,375 HAMBURG HANSEST",1.91,CBF&CBL
XS2289410420,"EUR 0,20 IBRD-WORLD BANK ",7.16,CBF&CBL
DE000A289KG5,"EUR 0,01 INVESTITIONSBK 2",0.50,CBF&CBL
FR001400PU76,"EUR 3,00 CAISSE DES DEPOT",1.85,CBF&CBL
XS2642546399,"EUR 3,375 KNAB N.V. (REGS",1.28,CBF&CBL
DE000NLB5AA6,"EUR 2,625 NORD/LB GZ (REG",0.72,CBF&CBL
EU000A4EYPS6,"EUR 0,00 EUROPEAN UNION 0",0.20,CBF&CBL
XS1204140971,"EUR 0,625 NORDEA BK FINLA",0.36,CBF&CBL
DE000HV2AZ78,"EUR 2,951 UNICREDIT BANK ",1.67,CBF&CBL
XS3035906844,"EUR 2,625 DNB BOLIGKREDIT",1.04,CBF&CBL
DE0003811469,"EUR 0,00 BUNDES DEUTSCH (",0.50,CBF&CBL
DE000HV2AZT8,"EUR 3,00 UNICREDIT BANK (",0.36,CBF&CBL
EU000A4EW8B9,"EUR 0,00 EUROPEAN UNION 2",0.17,CBF&CBL
DE000NRW0GN6,"EUR FL.R NORDRHEIN-WESTFA",2.44,CBF&CBL
DE000A2E4DR8,"EUR 0,70 LAND SACHSEN ANH",0.39,CBF&CBL
XS1720947917,"EUR 0,75 DANSKE BANK AS (",0.40,CBF&CBL
DE000A14JY54,"EUR 0,80 BADEN-WUERTTEMBE",0.60,CBF&CBL
BE0002581594,"EUR FL.R BRUSSELS, REG. O",0.72,CBF&CBL
EU000A1Z99L8,"EUR 0,01 ESM (REGS) 20-20",0.80,CBF&CBL
XS2749486556,"EUR 3,00 OP MORTGAGE BK (",1.79,CBF&CBL
FR0010810044,"EUR 0,00 FRANCE (OAT STRI",2.59,CBF&CBL
FR0012697985,"EUR 0,57 SOCIETE GEN.SFH ",0.73,CBF&CBL
XS3181120539,"EUR 2,75 ACHMEA BANK N.V ",1.79,CBF&CBL
BE6275921219,"EUR 1,50 COMMUNAUT FRANCA",9.62,CBF&CBL
DE000A161WX6,"EUR 1,36 LAND BERLIN 15-2",4.07,CBF&CBL
XS2468221747,"EUR 1,125 BAWAG (AT) (REG",0.65,CBF&CBL
DE0001789394,"EUR 2,50 SACHSEN, FREISTA",1.57,CBF&CBL
DE000A3825T4,"EUR 3,00 DZ HYP AG (REGS)",2.47,CBF&CBL
XS3109446610,"EUR 3,125 POLAND, REP.OF ",4.30,CBF&CBL
DE0001143329,"EUR 0,00 BRD (STRIP CPN) ",0.70,CBF&CBL
DE000A14KQY1,"EUR 1,35 LAND BERLIN 15-2",0.50,CBF&CBL
DE000A14JZN7,"EUR 0,01 BADEN-WUERTTEMBE",0.40,CBF&CBL
XS2289593670,"EUR 0,01 DNB BOLIGKREDIT ",1.54,CBF&CBL
DE000A289NP0,"EUR 0,125 LAND, BRANDENBU",5.43,CBF&CBL
FR001400NNC1,"EUR 3,072 CREDIT MUT ARK ",2.14,CBF&CBL
FR0000578551,"EUR 0,00 FRANCE (OAT STRI",0.25,CBF&CBL
BE0002863448,"EUR 2,344 BRUSSELS, REG. ",10.73,CBF&CBL
BE0312817894,"EUR 0,00 BELGIUM, KINGDOM",0.69,CBF&CBL
DE000HV2A1C7,"EUR 2,625 UNICREDIT BANK ",1.47,CBF&CBL
FR0129570638,"EUR 0,00 BANQUE DE FRANCE",0.12,CBF&CBL
BE0008067168,"EUR 0,00 BELGIUM, KINGDOM",3.56,CBF&CBL
FR0010172320,"EUR 0,00 FRANCE (OAT STRI",3.79,CBF&CBL
FR0010809574,"EUR 0,00 FRANCE (OAT STRI",5.46,CBF&CBL
FR0011461524,"EUR 0,00 FRANCE (OAT STRI",1.71,CBF&CBL
DE000HV2AZ11,"EUR 3,33 UNICREDIT BANK (",0.61,CBF&CBL
DE000NWB1W93,"EUR 2,46 NRW.BANK 25-2027",0.50,CBF&CBL
DE000A3513W0,"EUR 3,125 LAND BERLIN 25-",2.73,CBF&CBL
XS3275406885,"EUR 2,75 DNB BOLIGKREDIT ",1.61,CBF&CBL
FR0010809459,"EUR 0,00 FRANCE (OAT STRI",1.69,CBF&CBL
BE6209526712,"EUR 3,625 BELGIUM, KINGDO",9.30,CBF&CBL
AT000B049754,"EUR 0,625 UNICREDIT BK AT",0.88,CBF&CBL
DE000A289KB6,"EUR 0,50 SAARLAND (REGS) ",7.08,CBF&CBL
EU000A1Z0AY3,"EUR 0,519 EUROPEAN UNION ",0.80,CBF&CBL
XS1548773982,"EUR 0,625 LANDESBANK HESS",0.36,CBF&CBL
ES00000129F7,"EUR 0,00 SPAIN, KINGDOM O",4.44,CBF&CBL
AT0000A2CFT1,"EUR 0,50 RAIF.LBK.OBEROS.",2.61,CBF&CBL
XS2106563161,"EUR 0,01 BAWAG (AT) (REGS",0.46,CBF&CBL
NL0015001GS6,"EUR 3,195 NATIONALE NL BA",1.70,CBF&CBL
BE6348335736,"EUR FL.R COMMUNAUT FRANCA",3.13,CBF&CBL
EU000A3LX098,"EUR 2,875 EUROP.INVEST.BK",1.08,CBF&CBL
ES00000125H1,"EUR 0,00 SPAIN, KINGDOM O",1.08,CBF&CBL
FR0013200987,"EUR 0,00 FRANCE (OAT STRI",0.05,CBF&CBL
AT0000A1ZGE4,"EUR 0,75 AUSTRIA, REP.OF ",0.75,CBF&CBL
FR001400JML2,"EUR 3,426 CREDIT AGRICOLE",2.44,CBF&CBL
FR001400QCF0,"EUR FL.R CAISSE DES DEPOT",4.54,CBF&CBL
XS1958534528,"EUR 1,00 POLAND, REP.OF (",2.04,CBF&CBL
BE0001799536,"EUR 0,94 VLAAMS GEMEENSCH",12.14,CBF&CBL
XS2203969246,"EUR 0,00 ASFINAG(AT) (REG",0.51,CBF&CBL
ES0000012H25,"EUR 0,00 SPAIN, KINGDOM O",7.20,CBF&CBL
DE000LB2ZV93,"EUR 1,75 LBK BADEN-WUERTT",0.50,CBF&CBL
DE000LFA2089,"EUR 3,25 LFA FRDRBK.BAYER",1.46,CBF&CBL
BE0002933142,"EUR 3,75 COMMUNAUT FRANCA",2.69,CBF&CBL
FR001400XUJ0,"EUR 3,00 SOCIETE GEN.SFH ",2.16,CBF&CBL
DE000A351UQ1,"EUR 2,50 LAND, BRANDENBUR",1.58,CBF&CBL
DE000A352AT5,"EUR 2,375 LAND SACHSEN AN",1.65,CBF&CBL
SK4120008954,"EUR 3,875 SLOVAK, REP. (R",4.59,CBF&CBL
DE000NRW0KE7,"EUR 1,65 NORDRHEIN-WESTFA",5.65,CBF&CBL
DE000A1685X6,"EUR 1,20 HAMBURG HANSESTA",1.99,CBF&CBL
DE000BHY0SC8,"EUR 3,375 LBK BADEN-WUERT",0.66,CBF&CBL
FR0014015E17,"EUR 3,375 BPCE SFH (REGS)",2.59,CBF&CBL
DE000A5H2729,"EUR FL.R KFW 26-2035",1.28,CBF&CBL
FR0013234564,"EUR 0,00 FRANCE (OAT STRI",1.51,CBF&CBL
DE000NWB0659,"EUR 0,375 NRW.BANK (REGS/",1.30,CBF&CBL
ES00000124C5,"EUR 5,15 SPAIN, KINGDOM O",0.97,CBF&CBL
ES00000129Y8,"EUR 0,00 SPAIN, KINGDOM O",9.21,CBF&CBL
XS2673564832,"EUR 3,50 DANSKE MTG BK (R",0.90,CBF&CBL
EU000A3LS460,"EUR 2,75 EUROP.INVEST.BK ",1.45,CBF&CBL
DE000A4DFWW1,"EUR 3,00 GEMEINSAME BUNDE",2.44,CBF&CBL
FR0010809939,"EUR 0,00 FRANCE (OAT STRI",1.80,CBF&CBL
DE000NRW0CE4,"EUR 2,90 NORDRHEIN-WESTFA",4.93,CBF&CBL
DE000HV2AYU9,"EUR 0,50 UNICREDIT BANK (",0.36,CBF&CBL
XS2502386142,"EUR 1,792 LANDWIRT.RENTEN",1.45,CBF&CBL
SK4000027397,"EUR 2,50 SLOVAK, REP. 25-",2.20,CBF&CBL
BE0390379510,"EUR 3,625 KBC BANK NV 26-",2.27,CBF&CBL
DE0001030559,"EUR FL.R BUNDES DEUTSCH (",1.58,CBF&CBL
XS1183208328,"EUR 1,00 EUROP.INVEST.BK ",0.97,CBF&CBL
BE0008541055,"EUR 0,00 BELGIUM, KINGDOM",16.34,CBF&CBL
BE0002676576,"EUR 1,00 BRUSSELS, REG. O",13.79,CBF&CBL
DE000A3H2ZF6,"EUR 0,00 KFW (REGS) 21-20",1.68,CBF&CBL
EU000A3KM903,"EUR 0,20 EUROPEAN UNION (",2.17,CBF&CBL
DE000BLB6JK8,"EUR 0,05 BAYERISCH.LANDES",1.63,CBF&CBL
FR001400DZI3,"EUR 2,875 CADES (REGS) 22",0.48,CBF&CBL
DE000NRW0GD7,"EUR FL.R NORDRHEIN-WESTFA",0.49,CBF&CBL
BE0002873546,"EUR FL.R BRUSSELS, REG. O",5.44,CBF&CBL
FR001400YPD1,"EUR 3,00 CREDIT AGR HOME ",1.73,CBF&CBL
FR0011461607,"EUR 0,00 FRANCE (OAT STRI",3.11,CBF&CBL
BE0002633148,"EUR 1,50 BRUSSELS, REG. O",7.16,CBF&CBL
BE0000361700,"EUR 3,50 BELGIUM, KINGDOM",9.87,CBF&CBL
DE000A289NL9,"EUR 0,01 LAND, BRANDENBUR",0.59,CBF&CBL
NL0015436072,"EUR 0,01 NATIONALE NL BAN",1.34,CBF&CBL
XS2587748174,"EUR 2,75 LANDWIRT.RENTENB",1.81,CBF&CBL
BE0002981620,"EUR 3,375 BELFIUS BANK SA",1.00,CBF&CBL
FR001400PTR1,"EUR 0,00 CAISSE DES DEPOT",3.82,CBF&CBL
DE000A460ES0,"EUR FL.R NIEDERSACHSEN LA",0.49,CBF&CBL
FR0011461599,"EUR 0,00 FRANCE (OAT STRI",2.90,CBF&CBL
XS2389362687,"EUR 0,01 SOR BOLIGKREDITT",0.71,CBF&CBL
FR001400JI88,"EUR 0,60 FRANCE (REGS OAT",3.98,CBF&CBL
DE000BU4Z136,"EUR 0,00 BUNDES DEUTSCH 2",1.32,CBF&CBL
DE000A2YNZ16,"EUR 0,05 KFW (REGS) 19-20",2.84,CBF&CBL
FR0014017VS6,"EUR 3,25 UNEDIC (REGS) 26",2.33,CBF&CBL
AT0000A3VG25,"EUR 3,00 RAIF.LBK.OBEROS.",1.53,CBF&CBL
DE000A2NB908,"EUR 0,00 LAND BERLIN 20-2",1.84,CBF&CBL
DE000BU4K013,"EUR 0,00 BUNDES DEUTSCH 2",1.63,CBF&CBL
BE0002995760,"EUR 3,463 BRUSSELS, REG. ",6.47,CBF&CBL
XS2907249457,"EUR 2,875 UNICREDIT BK CZ",1.14,CBF&CBL
FR00140134M3,"EUR 2,50 CCF SFH (REGS) 2",0.88,CBF&CBL
FR0129704203,"EUR 0,00 BANQUE DE FRANCE",0.03,CBF&CBL
XS3518455541,"EUR 0,00 AUSTRIA, REP.OF ",0.54,CBF&CBL
FR0013478047,"EUR 0,01 AXA BK EUROPE SC",0.36,CBF&CBL
FR0014002GI0,"EUR FL.R CADES (REGS) 21-",1.27,CBF&CBL
DE000A351PN8,"EUR 3,00 LAND BERLIN 24-2",1.02,CBF&CBL
FR001400R427,"EUR FL.R CREDIT MUTUEL H ",2.97,CBF&CBL
EU000A3L2773,"EUR 2,625 EUROP.INVEST.BK",1.58,CBF&CBL
XS3030091329,"EUR 2,875 EBRD 25-2032",1.16,CBF&CBL
EU000A4EG039,"EUR 4,00 EUROPEAN UNION (",4.13,CBF&CBL
XS1609719916,"EUR 1,075 NIEDEROESTERREI",0.50,CBF&CBL
DE000RLP1379,"EUR 1,50 RHEINLAND-PFALZ ",5.56,CBF&CBL
AT0000A324S8,"EUR 2,90 AUSTRIA, REP.OF ",2.98,CBF&CBL
DE000BHY0JY1,"EUR 3,375 LBK BADEN-WUERT",0.51,CBF&CBL
XS2758065796,"EUR 3,00 NORDEA MORTGAGE ",1.64,CBF&CBL
DE000NWB2TA0,"EUR 2,75 NRW.BANK (REGS) ",0.69,CBF&CBL
DE000A382640,"EUR 2,625 DT. PFANDBRIEFB",0.97,CBF&CBL
DE000NRW0KB3,"EUR 0,50 NORDRHEIN-WESTFA",0.40,CBF&CBL
BE6313317727,"EUR 1,375 BRUSSELS, REG. ",7.31,CBF&CBL
XS2209794408,"EUR 0,00 KFW (REGS) 20-20",0.77,CBF&CBL
BE0002855360,"EUR 1,625 BELFIUS BANK SA",1.35,CBF&CBL
XS2965716959,"EUR 1,00 ACHMEA BANK N.V ",1.86,CBF&CBL
DE000A3MQTN6,"EUR FL.R HAMBURG HANSESTA",0.38,CBF&CBL
EU000A1Z99S3,"EUR 3,00 ESM (REGS) 23-20",1.36,CBF&CBL
DE000A31RJZ2,"EUR 3,625 DT. PFANDBRIEFB",0.39,CBF&CBL
EU000A3K4EU0,"EUR 3,25 EUROPEAN UNION (",3.76,CBF&CBL
EU000A4ECKZ8,"EUR 2,875 EUROP.INVEST.BK",1.69,CBF&CBL
XS3241239386,"EUR 4,00 AUSTRIA, REP.OF ",3.74,CBF&CBL
FR0013489259,"EUR 0,00 UNEDIC (REGS) 20",1.58,CBF&CBL
FR001400FZ24,"EUR 3,125 CREDIT MUTUEL H",0.36,CBF&CBL
DE000A30V398,"EUR 2,875 BREMEN HANSTADT",1.56,CBF&CBL
DE000A4DFKP0,"EUR 2,75 DZ HYP AG (REGS)",2.31,CBF&CBL
XS0208462910,"EUR 5,265 AUSTRIA, REP.OF",2.33,CBF&CBL
EU000A1ZVYR7,"EUR 0,77 EUROPEAN UNION (",0.74,CBF&CBL
DE000DHY5074,"EUR 0,01 NORD/LB GZ (REGS",0.36,CBF&CBL
BE6331175826,"EUR 0,50 ARGENTA SPAARBAN",4.29,CBF&CBL
DE000BU2Z049,"EUR 2,50 BUNDES DEUTSCH 2",1.61,CBF&CBL
XS3022548260,"EUR XXX ING BANK N.V. 25-",1.19,CBF&CBL
DE000LFA2485,"EUR 2,25 LFA FRDRBK.BAYER",0.67,CBF&CBL
BE0390193598,"EUR 3,25 VLAAMS GEMEENSCH",3.13,CBF&CBL
FR0011461540,"EUR 0,00 FRANCE (OAT STRI",1.94,CBF&CBL
DE000A2G8W16,"EUR 0,00 BREMEN HANSTADT ",7.07,CBF&CBL
DE000A2TSDV6,"EUR 0,05 DZ HYP AG (REGS)",0.98,CBF&CBL
ES0000012G42,"EUR 1,20 SPAIN, KINGDOM O",4.16,CBF&CBL
EU000A1Z99N4,"EUR FL.R ESM (REGS) 21-20",0.05,CBF&CBL
BE0002822030,"EUR 0,981 BRUSSELS, REG. ",12.14,CBF&CBL
FR001400UO44,"EUR 3,40 CREDIT MUT ARK S",2.33,CBF&CBL
ES0000012M36,"EUR 0,00 SPAIN, KINGDOM O",4.64,CBF&CBL
FR0014011243,"EUR 2,50 CRELAN HOME LOA ",1.30,CBF&CBL
DE000CZ45Z39,"EUR FL.R COMMERZBK AG (RE",0.84,CBF&CBL
DE000NRW0QM7,"EUR 3,30 NORDRHEIN-WESTFA",3.02,CBF&CBL
FR0010809996,"EUR 0,00 FRANCE (OAT STRI",1.58,CBF&CBL
AT0000A17Z78,"EUR FL.R NIEDEROESTERREIC",1.48,CBF&CBL
DE000A14J2Q6,"EUR 0,375 FMS WERTMANAGEM",1.26,CBF&CBL
DE000NWB18B0,"EUR 2,75 NRW.BANK (REGS) ",0.50,CBF&CBL
XS2014373851,"EUR 0,75 COOP RABOBK UA (",3.62,CBF&CBL
XS2024602240,"EUR 0,10 ASFINAG(AT) (REG",1.40,CBF&CBL
NL0014075509,"EUR 0,125 COOP RABOBK UA ",0.76,CBF&CBL
DE000A2LQPH0,"EUR 0,25 HAMBURG HANSESTA",4.05,CBF&CBL
ES0000012O00,"EUR 2,70 SPAIN, KINGDOM O",1.53,CBF&CBL
NL0015073VV8,"EUR 2,75 DUTCH STATE 26-2",3.03,CBF&CBL
XS1874729970,"EUR 1,42 ABN AMRO BK NV 1",2.68,CBF&CBL
XS2105085208,"EUR 0,05 CNCL.EU DEV.BK (",0.78,CBF&CBL
DE000BLB6JR3,"EUR 2,875 BAYERISCH.LANDE",1.87,CBF&CBL
DE000BU4Z110,"EUR 0,00 BUNDES DEUTSCH 2",6.48,CBF&CBL
DE000A3MQTA3,"EUR 2,625 HAMBURG HANSEST",1.56,CBF&CBL
DE000A30V4C6,"EUR 2,375 BREMEN HANSTADT",0.34,CBF&CBL
XS3402832441,"EUR 3,00 AFRICAN DEV.BK (",1.85,CBF&CBL
BE0008063126,"EUR 0,00 BELGIUM, KINGDOM",1.02,CBF&CBL
FR0013154143,"EUR 0,00 FRANCE (OAT STRI",6.28,CBF&CBL
BE0002764455,"EUR 0,274 BRUSSELS, REG. ",8.86,CBF&CBL
XS3241318503,"EUR 2,99 AUSTRIA, REP.OF ",6.84,CBF&CBL
DE000SHFM691,"EUR 0,125 SCHLESWIG-HOLST",0.93,CBF&CBL
XS3346850392,"EUR 2,963 ASN BANK N.V. (",1.22,CBF&CBL
EU000A1ZVYP1,"EUR 0,77 EUROPEAN UNION (",0.29,CBF&CBL
ES0000012B47,"EUR 2,70 SPAIN, KINGDOM O",4.84,CBF&CBL
DE000HV2ARE7,"EUR 0,937 UNICREDIT BANK ",1.55,CBF&CBL
XS2391860926,"EUR 0,475 LAND SACHSEN AN",9.30,CBF&CBL
DE000A1RQE26,"EUR FL.R HESSEN LAND 25-2",0.49,CBF&CBL
DE000A1RQE83,"EUR 2,50 HESSEN LAND (REG",1.50,CBF&CBL
DE000A3H2572,"EUR FL.R BADEN-WUERTTEMBE",0.85,CBF&CBL
DE000NRW0GC9,"EUR 1,11 NORDRHEIN-WESTFA",1.61,CBF&CBL
XS2176710510,"EUR 0,01 HYPO NOE LANDES ",0.37,CBF&CBL
FR001400AQH0,"EUR 0,10 FRANCE (OAT) 22-",5.73,CBF&CBL
DE000SHFM857,"EUR 2,375 SCHLESWIG-HOLST",1.74,CBF&CBL
DE000A351PM0,"EUR 3,00 LAND BERLIN (REG",6.02,CBF&CBL
AT0000A2QBR4,"EUR FL.R ERSTE GR.BK AG (",0.35,CBF&CBL
DE000NRW0PU2,"EUR 2,65 NORDRHEIN-WESTFA",1.27,CBF&CBL
DE000A3H2556,"EUR 2,875 BADEN-WUERTTEMB",2.89,CBF&CBL
FR0011461573,"EUR 0,00 FRANCE (OAT STRI",2.49,CBF&CBL
BE6301481709,"EUR 1,93 COMMUNAUT FRANCA",10.10,CBF&CBL
ES0000012C53,"EUR 0,00 SPAIN, KINGDOM O",6.53,CBF&CBL
AT0000A2AQ52,"EUR 0,585 NIEDEROESTERREI",8.79,CBF&CBL
DE000NWB18M7,"EUR 1,20 NRW.BANK 19-2039",5.02,CBF&CBL
XS1979447064,"EUR 0,375 FINNVERA PLC (R",6.10,CBF&CBL
ES0L02702055,"EUR 0,00 SPAIN, KINGDOM O",0.17,CBF&CBL
NL0015002CW5,"EUR FL.R ABN AMRO BK NV (",0.85,CBF&CBL
FR0010172213,"EUR 0,00 FRANCE (OAT STRI",2.47,CBF&CBL
DE000A2YPAD6,"EUR 0,00 GEMEINSAME BUNDE",1.03,CBF&CBL
FR0013252228,"EUR 1,50 UNEDIC (REGS) 17",2.28,CBF&CBL
XS2101336316,"EUR 0,375 ABN AMRO BK NV ",2.62,CBF&CBL
XS2835735163,"EUR FL.R DANSKE BANK AS (",0.35,CBF&CBL
XS3009004535,"EUR 2,625 AB SVERIGES SAK",1.18,CBF&CBL
NL0015002P70,"EUR 3,50 DUTCH STATE 25-2",5.92,CBF&CBL
EU000A2SCAV2,"EUR 2,50 EFSF (REGS) 25-2",2.82,CBF&CBL
EU000A1G30R0,"EUR 3,375 EUROPEAN UNION ",2.22,CBF&CBL
XS1703841210,"EUR 0,00 IBRD-WORLD BANK ",7.51,CBF&CBL
FR0013453172,"EUR 0,01 AXA HOME LOAN (R",1.09,CBF&CBL
FR0014001MN0,"EUR 0,01 BPCE (REGS) 21-2",2.99,CBF&CBL
ES0000012E28,"EUR 0,00 SPAIN, KINGDOM O",11.27,CBF&CBL
DE000NLB3Z75,"EUR 2,25 NORD/LB GZ (REGS",0.36,CBF&CBL
DE000A4DFTC9,"EUR 3,06 KFW (REGS) 25-20",2.75,CBF&CBL
DE0001108504,"EUR 0,00 BUNDES DEUTSCH (",2.90,CBF&CBL
FR0010482323,"EUR 0,00 FRANCE (OAT PRIN",3.48,CBF&CBL
ES00000120B5,"EUR 0,00 SPAIN, KINGDOM O",3.98,CBF&CBL
DE000A30WF68,"EUR 2,875 DT. PFANDBRIEFB",0.84,CBF&CBL
AT000B093604,"EUR FL.R RAIFFEISEN-LAND ",0.42,CBF&CBL
DE000A2TR208,"EUR 0,75 LAND SACHSEN ANH",0.92,CBF&CBL
AT0000A2T198,"EUR 0,25 AUSTRIA, REP.OF ",4.78,CBF&CBL
ES0000012G67,"EUR 0,00 SPAIN, KINGDOM O",0.38,CBF&CBL
DE000A383U09,"EUR FL.R SAARLAND 25-2035",1.18,CBF&CBL
NL0015002D74,"EUR FL.R ABN AMRO BK NV 2",1.30,CBF&CBL
EU000A2SCAR0,"EUR 2,50 EFSF (REGS) 25-2",1.29,CBF&CBL
SI0002104923,"EUR 2,75 SLOVENIA REP.OF ",0.96,CBF&CBL
FI4000587415,"EUR 3,00 FINLAND REP.OF 2",3.95,CBF&CBL
DE000RLP1635,"EUR 2,75 RHEINLAND-PFALZ ",2.48,CBF&CBL
DE000HV2AYS3,"EUR 0,375 UNICREDIT BANK ",2.00,CBF&CBL
FR001400ABK6,"EUR 1,75 CREDIT MUT ARK S",1.74,CBF&CBL
DE000A1RQEE0,"EUR 1,75 HESSEN LAND 22-2",0.40,CBF&CBL
XS3196504230,"EUR FL.R DANSKE BANK AS (",0.35,CBF&CBL
XS3519669470,"EUR 0,00 AUSTRIA, REP.OF ",0.54,CBF&CBL
BE6249397751,"EUR 3,50 COMMUNAUT FRANCA",7.81,CBF&CBL
XS2262065233,"EUR 0,50 TENNET NETHERLA ",27.05,CBF&CBL
XS3344655512,"EUR 3,00 CNCL.EU DEV.BK (",1.33,CBF&CBL
FR0013154093,"EUR 0,00 FRANCE (OAT STRI",5.05,CBF&CBL
DE000NRW0L77,"EUR 0,463 NORDRHEIN-WESTF",3.10,CBF&CBL
DE000A254S82,"EUR 0,01 MECKLENBURG-VORP",0.34,CBF&CBL
XS2433126807,"EUR 0,01 LANDESBANK HESS-",0.36,CBF&CBL
BE0000356650,"EUR 2,75 BELGIUM, KINGDOM",6.51,CBF&CBL
FR001400JMM0,"EUR 3,371 CREDIT AGRICOLE",1.56,CBF&CBL
BE0312818900,"EUR 0,00 BELGIUM, KINGDOM",0.69,CBF&CBL
FR0129437572,"EUR 0,00 FRANCE (BTF) 25-",0.07,CBF&CBL
IE000LQ7YWY4,"EUR 2,60 IRELAND, REP OF ",4.15,CBF&CBL
EU000A1G0BJ5,"EUR 3,00 EFSF (REGS) 13-2",4.80,CBF&CBL
FR0014007PX9,"EUR 0,375 CAISSE FCSE DE ",1.69,CBF&CBL
XS2498154207,"EUR 2,00 KFW (REGS) 22-20",1.20,CBF&CBL
DE000A383XX4,"EUR FL.R NIEDERSACHSEN LA",1.15,CBF&CBL
XS1973697011,"EUR 1,049 INTL.FIN.CORP. ",4.28,CBF&CBL
DE000A2TSDZ7,"EUR 0,375 DZ HYP AG (REGS",2.56,CBF&CBL
AT000B122049,"EUR 0,125 VOLKSBANK WIEN ",1.12,CBF&CBL
DE000LB4W514,"EUR 2,375 LBK BADEN-WUERT",0.73,CBF&CBL
BE0390296656,"EUR 3,375 VLAAMS GEMEENSC",3.03,CBF&CBL
BE0002953348,"EUR 3,637 VLAAMS GEMEENSC",4.21,CBF&CBL
DE000NWB1WA6,"EUR 3,00 NRW.BANK 25-2036",3.94,CBF&CBL
NL00150742K1,"EUR 0,00 DUTCH STATE 2910",0.39,CBF&CBL
DE0001142677,"EUR 0,00 BRD 05-2034",1.70,CBF&CBL
ES0000012E10,"EUR 0,00 SPAIN, KINGDOM O",10.98,CBF&CBL
DE000A14JZ38,"EUR 2,75 BADEN-WUERTTEMBE",1.02,CBF&CBL
XS2824740778,"EUR 3,00 SPAREBANKEN NOR ",0.98,CBF&CBL
ES0000012P33,"EUR 3,20 SPAIN, KINGDOM O",3.14,CBF&CBL
DE000SHFM1F6,"EUR 2,75 SCHLESWIG-HOLSTE",1.91,CBF&CBL
XS3236627546,"EUR 2,75 ING BANK N.V. (R",1.84,CBF&CBL
SK4120012691,"EUR 1,875 SLOVAK, REP. (R",7.25,CBF&CBL
DE000LB2CQG8,"EUR 0,01 LBK BADEN-WUERTT",0.36,CBF&CBL
EU000A3KWCF4,"EUR 0,00 EUROPEAN UNION (",0.54,CBF&CBL
BE0002986678,"EUR 3,25 BELFIUS BANK SA/",1.71,CBF&CBL
XS1548493946,"EUR 1,375 ABN AMRO BK NV ",2.89,CBF&CBL
DE0001143881,"EUR 0,00 BUNDES DEUTSCH 2",0.90,CBF&CBL
EU000A1G0D96,"EUR 1,75 EFSF (REGS) 18-2",12.20,CBF&CBL
BE0002622034,"EUR 1,375 VLAAMS GEMEENSC",3.02,CBF&CBL
ES0000012E51,"EUR 1,45 SPAIN, KINGDOM O",1.27,CBF&CBL
DE000A30V3A2,"EUR 3,125 INVESTITIONSBK ",0.50,CBF&CBL
XS3268040964,"EUR 2,875 POLAND, REP.OF ",3.45,CBF&CBL
DE000NWB0B08,"EUR 3,625 NRW.BANK (REGS/",4.99,CBF&CBL
BE0008516776,"EUR 0,00 BELGIUM, KINGDOM",1.87,CBF&CBL
DE0003811451,"EUR 0,00 BUNDES DEUTSCH (",0.20,CBF&CBL
XS3520620579,"EUR 0,00 EUROP.INVEST.BK ",0.06,CBF&CBL
FR0010809830,"EUR 0,00 FRANCE (OAT STRI",3.78,CBF&CBL
FR0011461037,"EUR 3,25 FRANCE (REGS OAT",3.12,CBF&CBL
DE000A1X25H2,"EUR 2,50 LAND BERLIN 14-2",0.50,CBF&CBL
XS1422953932,"EUR 1,00 EUROP.INVEST.BK ",1.20,CBF&CBL
DE000LFA2022,"EUR 1,50 LFA FRDRBK.BAYER",0.38,CBF&CBL
XS2168048564,"EUR 0,00 EUROP.INVEST.BK ",0.15,CBF&CBL
DE000A289NN5,"EUR 0,30 LAND, BRANDENBUR",5.93,CBF&CBL
FR001400EZL5,"EUR 3,25 ARKEA PUBLIC (RE",1.45,CBF&CBL
XS1747670922,"EUR 1,25 ABN AMRO BK NV (",1.95,CBF&CBL
BE0002718998,"EUR 0,01 VLAAMS GEMEENSCH",0.40,CBF&CBL
DE000LFA2196,"EUR 2,875 LFA FRDRBK.BAYE",0.88,CBF&CBL
DE000A352ED1,"EUR 2,625 KFW (REGS) 24-2",2.39,CBF&CBL
XS3015760567,"EUR 2,875 ASIAN DEV.BK (R",2.28,CBF&CBL
DE000A3H2564,"EUR 2,75 BADEN-WUERTTEMBE",2.08,CBF&CBL
BE0002585637,"EUR FL.R BRUSSELS, REG. O",0.72,CBF&CBL
DE000A3MQYK2,"EUR 1,25 LAND BERLIN 22-2",0.66,CBF&CBL
ES00000129B6,"EUR 0,00 SPAIN, KINGDOM O",3.29,CBF&CBL
XS0422750009,"EUR FL.R EUROP.INVEST.BK ",1.57,CBF&CBL
XS0944835734,"EUR 2,75 ASFINAG(AT) (REG",2.91,CBF&CBL
ES00000125M1,"EUR 0,00 SPAIN, KINGDOM O",1.08,CBF&CBL
FR0011982776,"EUR FL.R FRANCE (REGS OAT",2.07,CBF&CBL
IE00BKFVC899,"EUR 0,20 IRELAND, REP OF ",2.44,CBF&CBL
DE000A3H2Y24,"EUR 0,15 LAND BERLIN 21-2",3.37,CBF&CBL
FR001400JM74,"EUR 3,392 CREDIT AGRICOLE",1.11,CBF&CBL
BE0390251206,"EUR 2,625 BELFIUS BANK SA",1.37,CBF&CBL
ES0L02704093,"EUR 0,00 SPAIN, KINGDOM O",0.24,CBF&CBL
SI0002103602,"EUR 2,25 SLOVENIA REP.OF ",4.15,CBF&CBL
FR0012881878,"EUR 1,587 SOC.GEN.SCF (RE",2.09,CBF&CBL
DE000NRW0H57,"EUR 1,435 NORDRHEIN-WESTF",2.09,CBF&CBL
XS1945130620,"EUR 0,875 EIKA BOLIGKREDI",0.83,CBF&CBL
EU000A3K4EW6,"EUR 2,875 EUROPEAN UNION ",0.30,CBF&CBL
DE000NRW23F7,"EUR 2,375 NORDRHEIN-WESTF",0.50,CBF&CBL
DE000A2AARL5,"EUR 0,574 LAND SACHSEN AN",0.38,CBF&CBL
FR0013254273,"EUR 0,75 CREDIT AGR HOME ",0.36,CBF&CBL
DE000A2LQPC1,"EUR 0,01 HAMBURG HANSESTA",1.26,CBF&CBL
DE000A3E5LU1,"EUR 0,00 KFW (REGS) 21-20",0.83,CBF&CBL
DE000CZ45WY7,"EUR 0,25 COMMERZBK AG (RE",1.69,CBF&CBL
EU000A3K4DM9,"EUR 2,625 EUROPEAN UNION ",3.66,CBF&CBL
DE000CZ45YU1,"EUR FL.R COMMERZBK AG 24-",0.91,CBF&CBL
DE000A351UL2,"EUR FL.R LAND, BRANDENBUR",1.15,CBF&CBL
ES0000012A48,"EUR 0,00 SPAIN, KINGDOM O",10.92,CBF&CBL
BE0002763440,"EUR 0,592 BRUSSELS, REG. ",15.64,CBF&CBL
DE000A3E5TU4,"EUR 0,01 NIEDERSACHSEN LA",0.57,CBF&CBL
FR001400LDK9,"EUR 3,625 CAISSE FCSE DE ",0.80,CBF&CBL
XS2908107019,"EUR 2,617 ING BANK N.V. 2",1.04,CBF&CBL
FR001400TEY1,"EUR 3,037 BPCE SFH 24-203",2.32,CBF&CBL
DE000A352AE7,"EUR 2,535 LAND SACHSEN AN",0.66,CBF&CBL
FR0014018OI0,"EUR 3,25 FRANCE (OAT) 26-",1.22,CBF&CBL
XS3486811766,"EUR 3,43 IBRD-WORLD BANK ",1.88,CBF&CBL
FR0129704138,"EUR 0,00 FRANCE (BTF) 060",0.07,CBF&CBL
DE000NRW0BT4,"EUR FL.R NORDRHEIN-WESTFA",1.12,CBF&CBL
FR0013154358,"EUR 0,00 FRANCE (OAT STRI",9.46,CBF&CBL
XS2351073098,"EUR 0,375 KNAB N.V. (REGS",3.04,CBF&CBL
DE0001789352,"EUR 2,875 SACHSEN, FREIST",0.51,CBF&CBL
NL00150027W2,"EUR 2,65 COOPERATIEVE RA ",1.14,CBF&CBL
BE0000365743,"EUR 2,60 BELGIUM, KINGDOM",2.67,CBF&CBL
EU000A4E0866,"EUR 0,00 EUROPEAN UNION (",4.78,CBF&CBL
DE000LFA1586,"EUR 1,05 LFA FRDRBK.BAYER",0.38,CBF&CBL
DE000A1RQD01,"EUR 0,00 HESSEN LAND (REG",1.64,CBF&CBL
DE000A3E5XN1,"EUR 0,125 KFW (REGS) 22-2",1.88,CBF&CBL
DE000BU27006,"EUR 2,40 BUNDES DEUTSCH 2",0.90,CBF&CBL
DE000SHFM964,"EUR 2,50 SCHLESWIG-HOLSTE",1.31,CBF&CBL
FR0013342748,"EUR 1,782 CAISSE DES DEPO",10.26,CBF&CBL
DE000NRW0LM8,"EUR 1,10 NORDRHEIN-WESTFA",2.60,CBF&CBL
AT000B049911,"EUR 1,50 UNICREDIT BK AT ",0.58,CBF&CBL
AT0000A3CZ74,"EUR 3,125 HYPO VORARLBERG",1.25,CBF&CBL
AT0000A3RVH9,"EUR 3,20 AUSTRIA, REP.OF ",4.11,CBF&CBL
DE000DKB0747,"EUR 3,50 DEUTSCHE KREDITB",3.42,CBF&CBL
DE000NWB0AN7,"EUR 0,00 NRW.BANK (REGS/8",2.39,CBF&CBL
FR0010871046,"EUR 0,00 FRANCE (OAT STRI",7.51,CBF&CBL
EU000A1G0DT0,"EUR 1,25 EFSF (REGS) 17-2",4.31,CBF&CBL
DE000A2LQHT2,"EUR 1,125 KFW (REGS) 18-2",2.28,CBF&CBL
DE0001143915,"EUR 0,00 BUNDES DEUTSCH 2",1.57,CBF&CBL
DE0001053650,"EUR 3,27 BAYERN, FREISTAA",5.48,CBF&CBL
FR001400JHV1,"EUR 3,513 CREDIT AGRICOLE",2.82,CBF&CBL
FR001400NJB1,"EUR 3,00 SOCIETE GEN.SFH ",0.36,CBF&CBL
DE000A4D7WW0,"EUR 3,125 NIEDEROESTERREI",5.06,CBF&CBL
DE000LB4XBT5,"EUR FL.R LBK BADEN-WUERTT",0.61,CBF&CBL
ES0L02706049,"EUR 0,00 SPAIN, KINGDOM O",0.30,CBF&CBL
FR0013255866,"EUR 1,25 CAISSE FCSE DE (",1.75,CBF&CBL
FR0014007VS7,"EUR 0,375 CREDIT MUTUEL H",2.01,CBF&CBL
DE0001143857,"EUR 0,00 BUNDES DEUTSCH 2",0.13,CBF&CBL
DE000RLP1551,"EUR 2,875 RHEINLAND-PFALZ",5.83,CBF&CBL
FR001400TEV7,"EUR FL.R BPCE (BANQUE PO ",2.07,CBF&CBL
DE000NRW23P6,"EUR 2,125 NORDRHEIN-WESTF",0.50,CBF&CBL
AT0000A2GKJ3,"EUR 0,22 NIEDEROESTERREIC",1.81,CBF&CBL
DE000A351XS1,"EUR 3,25 DZ HYP AG (REGS)",0.36,CBF&CBL
XS3272371876,"EUR 2,375 ASIAN DEV.BK 26",0.76,CBF&CBL
ES00000120U5,"EUR 0,00 SPAIN, KINGDOM O",4.45,CBF&CBL
DE000A11QE45,"EUR 1,0625 LAND, BRANDENB",0.42,CBF&CBL
BE0001773275,"EUR 1,656 VLAAMS GEMEENSC",6.65,CBF&CBL
ES0000012A14,"EUR 0,00 SPAIN, KINGDOM O",10.02,CBF&CBL
XS2607781882,"EUR 3,125 SWEDBANK MORTGA",0.62,CBF&CBL
XS3241240558,"EUR 3,455 AUSTRIA, REP.OF",3.72,CBF&CBL
ES0L02708060,"EUR 0,00 SPAIN, KINGDOM O",0.38,CBF&CBL
DE000MHB10J3,"EUR 2,50 MUENCHENER HYPOB",0.62,CBF&CBL
BE0002704857,"EUR 1,095 VLAAMS GEMEENSC",9.05,CBF&CBL
FR001400I2W5,"EUR 3,00 BNP PARIBAS HOME",0.58,CBF&CBL
BE6344564859,"EUR 3,375 ARGENTA SPAARBA",0.61,CBF&CBL
FR001400JMN8,"EUR 3,389 CREDIT AGRICOLE",1.27,CBF&CBL
XS3172152152,"EUR 2,75 INTL.DEVEL..ASSO",1.89,CBF&CBL
ES00000129A8,"EUR 0,00 SPAIN, KINGDOM O",3.07,CBF&CBL
DE000BHY0GM2,"EUR 3,00 LBK BADEN-WUERTT",1.87,CBF&CBL
XS2975276143,"EUR 3,625 POLAND, REP.OF ",5.80,CBF&CBL
FI4000602560,"EUR 0,00 FINLAND REP.OF (",0.54,CBF&CBL
XS2056484889,"EUR 0,01 LANDESBANK HESS-",1.07,CBF&CBL
DE000A351PP3,"EUR FL.R LAND BERLIN 24-2",0.60,CBF&CBL
XS2898821033,"EUR 2,375 NORDIC INVEST.B",0.70,CBF&CBL
DE000A4DFC16,"EUR 2,75 NIEDERSACHSEN LA",2.09,CBF&CBL
DE000A2AARB6,"EUR 1,223 LAND SACHSEN AN",7.21,CBF&CBL
FR0013319043,"EUR 1,78 CAISSE DES DEPOT",10.19,CBF&CBL
DE000A3MQTT3,"EUR 3,125 HAMBURG HANSEST",2.62,CBF&CBL
XS0960306578,"EUR 2,75 EUROP.INVEST.BK ",0.87,CBF&CBL
DE000A168502,"EUR 1,45 HAMBURG HANSESTA",3.18,CBF&CBL
XS2203969329,"EUR 0,10 ASFINAG(AT) (REG",4.08,CBF&CBL
XS2764457078,"EUR FL.R UNICREDIT BK CZ ",0.47,CBF&CBL
DE000A383B10,"EUR 2,75 KFW (REGS) 24-20",0.39,CBF&CBL
DE000A460KR9,"EUR FL.R DEUTSCHE BANK AG",0.82,CBF&CBL
FR0013221389,"EUR 1,125 CAISSE FCSE DE ",1.62,CBF&CBL
BE0001796508,"EUR 0,375 VLAAMS GEMEENSC",1.40,CBF&CBL
DE000A3H2TQ6,"EUR 0,01 DZ HYP AG (REGS)",0.91,CBF&CBL
DE000HV2AYJ2,"EUR 0,01 UNICREDIT BANK (",0.94,CBF&CBL
FR001400A9N7,"EUR 1,625 LA BQE POST HOM",1.26,CBF&CBL
XS2489808696,"EUR 2,312 ING BANK N.V. (",0.36,CBF&CBL
XS2800680121,"EUR FL.R NORDIC INVEST.BK",0.66,CBF&CBL
DE000LFA2444,"EUR 2,375 LFA FRDRBK.BAYE",0.57,CBF&CBL
XS3002404294,"EUR 2,471 KNAB N.V. (REGS",0.36,CBF&CBL
FR0129939643,"EUR 0,00 CAISSE DES DEPOT",0.72,CBF&CBL
DE000SCB0005,"EUR 0,875 DEUTSCHE KREDIT",0.71,CBF&CBL
DE000LB4XBU3,"EUR FL.R LBK BADEN-WUERTT",0.37,CBF&CBL
FR0014014270,"EUR 3,221 SOCIETE GEN.SFH",2.50,CBF&CBL
DE0001142644,"EUR 0,00 BRD(STRIP CPN) 0",1.10,CBF&CBL
DE000A2YN1B4,"EUR 0,01 INVESTITIONSBK (",0.77,CBF&CBL
DE000NRW0N91,"EUR 3,15 NORDRHEIN-WESTFA",0.40,CBF&CBL
ES0000012Q16,"EUR 2,60 SPAIN, KINGDOM O",1.97,CBF&CBL
DE000NRW22F9,"EUR FL.R NORDRHEIN-WESTFA",0.38,CBF&CBL
XS0954197470,"EUR 2,125 OEBB INFRASTRUK",2.99,CBF&CBL
DE000NRW0F34,"EUR 1,61 NORDRHEIN-WESTFA",1.51,CBF&CBL
DE0001108843,"EUR 0,00 BUNDES DEUTSCH (",0.33,CBF&CBL
XS0752034206,"EUR 3,625 EUROP.INVEST.BK",2.59,CBF&CBL
FR0013432069,"EUR 0,05 AXA HOME LOAN (R",0.36,CBF&CBL
DE000A2LQPF4,"EUR 0,01 HAMBURG HANSESTA",2.80,CBF&CBL
ES0000012D94,"EUR 0,00 SPAIN, KINGDOM O",10.48,CBF&CBL
FR001400CM22,"EUR 2,375 COMP.FINA.FONCI",1.20,CBF&CBL
FR0014010A24,"EUR 2,625 CREDIT AGRICOLE",1.44,CBF&CBL
AT000B050000,"EUR 3,00 UNICREDIT BK AT ",1.72,CBF&CBL
BE0002607852,"EUR 1,50 BRUSSELS, REG. O",6.90,CBF&CBL
XS2068071641,"EUR 0,00 ASIAN DEV.BK (1)",1.03,CBF&CBL
DE000A3H3KE9,"EUR 0,375 KFW (REGS) 21-2",3.36,CBF&CBL
FR001400AJW4,"EUR 1,75 BPCE (REGS) 22-2",1.74,CBF&CBL
DE000SHFM980,"EUR FL.R SCHLESWIG-HOLSTE",0.56,CBF&CBL
DE000A4DFKV8,"EUR 3,25 DZ HYP AG (REGS)",1.59,CBF&CBL
BE0002772532,"EUR 0,65 BRUSSELS, REG. O",15.25,CBF&CBL
DE000LB39AS0,"EUR 2,75 LBK BADEN-WUERTT",1.51,CBF&CBL
XS1615677280,"EUR 0,625 LANDWIRT.RENTEN",0.39,CBF&CBL
DE000NWB2KW3,"EUR 0,125 NRW.BANK (REGS/",0.50,CBF&CBL
EU000A283867,"EUR 0,10 EUROPEAN UNION (",3.01,CBF&CBL
DE000A3513S8,"EUR 2,50 LAND BERLIN (REG",3.43,CBF&CBL
DE000HCB0BH9,"EUR 0,01 HAMBURG COM BK (",0.36,CBF&CBL
ES0000012O75,"EUR 3,50 SPAIN, KINGDOM O",3.90,CBF&CBL
FR00140173A6,"EUR 3,75 UNEDIC (REGS) 26",3.60,CBF&CBL
EU000A4DMLY0,"EUR 0,00 ESM (REGS) 05112",0.03,CBF&CBL
ES00000126K3,"EUR 0,00 SPAIN, KINGDOM O",3.34,CBF&CBL
DE000A1RQDB8,"EUR 1,30 HESSEN LAND (REG",2.44,CBF&CBL
IE00BMD03L28,"EUR 0,35 IRELAND, REP OF ",3.41,CBF&CBL
XS3182454952,"EUR FL.R DANSKE BANK AS (",0.79,CBF&CBL
AT0000A3X1X4,"EUR FL.R ERSTE GR.BK AG (",0.72,CBF&CBL
ES00000127U0,"EUR 0,00 SPAIN, KINGDOM O",0.38,CBF&CBL
BE6294583594,"EUR FL.R BRUSSELS, REG. O",0.72,CBF&CBL
FR0014010658,"EUR 3,218 SOCIETE GEN.SFH",2.45,CBF&CBL
FR00140033E4,"EUR 0,01 CAISSE FCSE DE (",0.92,CBF&CBL
DE000A1RQEH3,"EUR 2,875 HESSEN LAND 23-",2.11,CBF&CBL
XS1346201889,"EUR 2,375 POLAND, REP.OF ",6.63,CBF&CBL
XS2475492349,"EUR 1,75 INTL.DEVEL..ASSO",3.10,CBF&CBL
DE000A1RQEW2,"EUR FL.R HESSEN LAND 24-2",0.49,CBF&CBL
FR00140162H4,"EUR FL.R CAISSE DES DEPOT",2.75,CBF&CBL
EU000A4ERVC2,"EUR 3,25 EUROPEAN UNION 2",2.03,CBF&CBL
IE00BV8C9186,"EUR 2,00 IRELAND, REP OF ",8.01,CBF&CBL
BE0001752063,"EUR 1,825 COMMUNAUT FRANC",5.85,CBF&CBL
DE0003811626,"EUR 0,00 BUNDES DEUTSCH (",4.03,CBF&CBL
AT0000A2AYL3,"EUR 0,01 HYPO TIROL BANK ",0.36,CBF&CBL
XS2618711068,"EUR 3,25 LANSFORSAKRINGAR",0.90,CBF&CBL
XS3292846030,"EUR 2,75 KFW (REGS) 26-20",2.15,CBF&CBL
DE000A1KRJQ6,"EUR 0,25 ING DIBA AG (REG",0.36,CBF&CBL
FR0013309820,"EUR 1,78 CAISSE DES DEPOT",10.13,CBF&CBL
DE000MHB22J8,"EUR 1,00 MUENCHENER HYPOB",3.52,CBF&CBL
BE0002743244,"EUR 0,60 VLAAMS GEMEENSCH",14.67,CBF&CBL
FI4000046545,"EUR FL.R FINLAND REP.OF (",6.02,CBF&CBL
BE0001767210,"EUR 1,007 VLAAMS GEMEENSC",3.38,CBF&CBL
ES0000012A89,"EUR 1,45 SPAIN, KINGDOM O",0.45,CBF&CBL
DE000MHB19J4,"EUR 0,625 MUENCHENER HYPO",0.36,CBF&CBL
FR0013369758,"EUR 0,875 UNEDIC (REGS) 1",0.76,CBF&CBL
BE0002826072,"EUR 0,30 VLAAMS GEMEENSCH",1.82,CBF&CBL
AT0000A2XLA5,"EUR 1,25 RAIF.LBK.OBEROS.",0.36,CBF&CBL
DE000AAR0421,"EUR 3,25 AAREAL BK AG. (R",0.91,CBF&CBL
ES00000126G1,"EUR 0,00 SPAIN, KINGDOM O",1.96,CBF&CBL
XS1500338618,"EUR 0,50 EUROP.INVEST.BK ",2.24,CBF&CBL
BE6306226620,"EUR 0,95 COMMUNAUT FRANCA",1.28,CBF&CBL
XS2013525410,"EUR 0,125 NORDEA MORTGAGE",0.36,CBF&CBL
DE000A460B73,"EUR 2,875 THUERINGEN, FRE",2.46,CBF&CBL
XS3324600215,"EUR 3,00 SPAREBNK 1 BOLIK",1.65,CBF&CBL
DE0001143428,"EUR 0,00 BUNDES DEUTSCH (",2.90,CBF&CBL
NL0009446418,"EUR 3,75 DUTCH STATE (REG",3.91,CBF&CBL
DE000NRW0F59,"EUR 1,50 NORDRHEIN-WESTFA",1.54,CBF&CBL
AT0000A205L4,"EUR 1,80 RAIF.LBK NIEDERO",6.00,CBF&CBL
FR00140006K7,"EUR 0,01 CAISSE FCSE DE (",2.90,CBF&CBL
DE000A4DE9M8,"EUR FL.R LAND BERLIN 26-2",1.81,CBF&CBL
DE000NRW0K45,"EUR 1,50 NORDRHEIN-WESTFA",2.92,CBF&CBL
DE000BU4Z011,"EUR 0,00 BUNDES DEUTSCH 2",1.13,CBF&CBL
BE0002966472,"EUR 4,00 VLAAMS GEMEENSCH",4.02,CBF&CBL
FR001400YWH8,"EUR 2,625 BPCE (REGS) 25-",1.31,CBF&CBL
EU000A4ETDK9,"EUR FL.R EUROP.INVEST.BK ",0.50,CBF&CBL
DE0001345908,"EUR 0,00 EUROP. INVEST. B",0.03,CBF&CBL
BE6251438790,"EUR 3,00 BRUSSELS, REG. O",1.09,CBF&CBL
FR0014008JP6,"EUR 0,75 BPCE SFH (REGS) ",0.85,CBF&CBL
BE6359190640,"EUR 2,748 BRUSSELS, REG. ",0.72,CBF&CBL
DE0007490245,"EUR 5,25 NORDRHEIN-WESTFA",0.92,CBF&CBL
FR0010172494,"EUR 0,00 FRANCE (OAT STRI",4.28,CBF&CBL
DE000BHY0GL4,"EUR 0,01 LBK BADEN-WUERTT",0.36,CBF&CBL
BE0002847284,"EUR 1,50 BRUSSELS, REG. O",6.26,CBF&CBL
ES0000012E93,"EUR 0,00 SPAIN, KINGDOM O",1.35,CBF&CBL
BE0002948298,"EUR 3,25 KBC BANK NV (REG",0.59,CBF&CBL
DE000A1RQFE7,"EUR 3,60 HESSEN LAND (REG",5.68,CBF&CBL
ES00000129R2,"EUR 0,00 SPAIN, KINGDOM O",7.13,CBF&CBL
XS2234568983,"EUR 0,01 SPAREBNK 1 BOLIK",0.36,CBF&CBL
DE000MHB26J9,"EUR 0,01 MUENCHENER HYPOB",4.24,CBF&CBL
BE0390239086,"EUR FL.R COMMUNAUT FRANCA",6.66,CBF&CBL
FR0129437580,"EUR 0,00 BANQUE DE FRANCE",0.08,CBF&CBL
ES00000124H4,"EUR 5,15 SPAIN, KINGDOM O",4.07,CBF&CBL
BE0008533946,"EUR 0,00 BELGIUM, KINGDOM",11.91,CBF&CBL
