GC Pooling® ECB EXTended Basket as of:,,02.10.2026,
Published List will be updated daily. Please consider eligible collateral may change randomly.,,,
For a current list kindly use the CMAX system,,,
ISIN,Brief Description,Haircut (%),Settlement Location
IT0004002827,"EUR 0,00 ITALY, REP.OF (B",3.96,CBF&CBL
XS0307424274,"JPY 2,35 ASIAN DEV.BK (RE",0.25,CBF&CBL
FR0010680041,"GBP FL.R ENGIE (REGS) 08-",6.39,CBF&CBL
XS1001594065,"EUR 3,50 INVESTOR AB (REG",14.66,CBF&CBL
DE000NLB0SJ0,"EUR 1,25 NORD/LB GZ 18-20",7.50,CBF&CBL
XS1921311541,"EUR 1,51 ASN BANK N.V. (R",3.75,CBF&CBL
FR0014002JM6,"EUR 0,50 FRANCE (REGS OAT",3.73,CBF&CBL
DE000A3MQP42,"EUR 2,00 L-BANK 22-2031",2.30,CBF&CBL
DE000A3E5UU2,"EUR 0,01 DZ HYP AG (REGS)",1.47,CBF&CBL
FR001400BJK7,"EUR FL.R SAINT QUENTIN 22",2.70,CBF&CBL
AT0000A32661,"EUR 3,00 RAIFFEISEN LBK.A",0.46,CBF&CBL
AT0000A327M4,"EUR 3,30 ERSTE GR.BK AG (",14.33,CBF&CBL
FI4000550371,"EUR 3,625 POP ASUNTOLUOTT",0.61,CBF&CBL
DE000A351TJ8,"EUR 3,125 SPARKASSE HANNO",1.38,CBF&CBL
BE6344187966,"EUR 3,875 BELFIUS BANK SA",7.50,CBF&CBL
XS2717300391,"EUR 4,125 SWEDBANK AB (RE",7.50,CBF&CBL
AT0000A3DNW5,"EUR 3,10 ERSTE GR.BK AG (",19.29,CBF&CBL
DE000MHB41J8,"EUR 2,75 MUENCHENER HYPOB",2.44,CBF&CBL
FR0014014262,"EUR 3,032 SOCIETE GEN.SFH",2.04,CBF&CBL
DE000DP9BEM3,"EUR 1,90 DZ BANK AG - FFT",7.50,CBF&CBL
XS1013653958,"EUR 3,75 LEASEPLAN CORP.N",8.00,CBF&CBL
ES00000126H9,"EUR 0,00 SPAIN, KINGDOM O",2.40,CBF&CBL
XS1756364474,"EUR 0,875 RAIF.LBK NIEDER",0.46,CBF&CBL
EU000A19XC51,"EUR 1,25 EUROPEAN UNION (",1.44,CBF&CBL
DE000HLB4UV1,"EUR 1,25 LANDESBANK HESS-",7.50,CBF&CBL
XS2086861437,"EUR 0,125 RAIFFEISEN BANK",1.18,CBF&CBL
XS2133386685,"EUR 0,01 EIKA BOLIGKREDI ",0.36,CBF&CBL
XS2231259305,"EUR 0,553 NATIONAL GRID P",9.06,CBF&CBL
DE000LFA1966,"EUR 0,15 LFA FRDRBK.BAYER",1.74,CBF&CBL
DE000BLB9SG1,"EUR FL.R BAYERISCH.LANDES",0.66,CBF&CBL
DE000DJ9ABK3,"EUR FL.R DZ BANK AG - FFT",7.50,CBF&CBL
DE000NWB1W69,"EUR 2,875 NRW.BANK (REGS)",0.50,CBF&CBL
DE000LB5K7N0,"EUR 2,10 LBK BADEN-WUERTT",7.50,CBF&CBL
FR001400XS13,"EUR FL.R COMP.FINA.FONCIE",2.41,CBF&CBL
DE000LB544L9,"EUR 3,42 LBK BADEN-WUERTT",31.65,CBF&CBL
DE000A3MQU11,"EUR 3,00 DZ HYP AG (REGS)",0.38,CBF&CBL
DE000NLB4Z74,"EUR 3,20 NORD/LB GZ 24-20",8.02,CBF&CBL
DE000HEL0EQ0,"EUR 2,70 LANDESBANK HESS-",11.76,CBF&CBL
XS3326548370,"EUR FL.R ITALY, REP.OF (R",4.46,CBF&CBL
IT0005722845,"EUR 3,35 ITALY, REP.OF (B",2.84,CBF&CBL
DE000A2BPJ29,"EUR 1,00 DEUT.GENOSS-HYPO",2.16,CBF&CBL
DE000A2GSM83,"EUR 0,625 EMISSIONS K DE ",0.36,CBF&CBL
XS1753809141,"EUR 1,00 NIBC BANK NV. (R",0.46,CBF&CBL
DE000DFK0KE7,"EUR 0,20 DZ BANK AG - FFT",16.01,CBF&CBL
DE000NRW0NK8,"EUR 4,475 NORDRHEIN-WESTF",1.58,CBF&CBL
DE000DW6C938,"EUR 3,35 DZ BANK AG - FFT",7.50,CBF&CBL
DE000DJ9ABU2,"EUR 3,86 DZ BANK AG - FFT",7.50,CBF&CBL
DE000DJ9AFE7,"EUR FL.R DZ BANK AG - FFT",19.71,CBF&CBL
DE000NWB1W85,"EUR 2,45 NRW.BANK 24-2034",2.60,CBF&CBL
XS2989306506,"EUR 2,75 LANDESBANK HESS-",1.48,CBF&CBL
FR001400XLW2,"EUR 2,40 FRANCE (OAT) 25-",0.47,CBF&CBL
IT0005657348,"EUR 1,10 ITALY, REP.OF 25",4.03,CBF&CBL
DE000CZ457C6,"EUR FL.R COMMERZBK AG (RE",0.61,CBF&CBL
XS1374540760,"EUR 1,19 ABN AMRO BK NV (",3.19,CBF&CBL
XS1591747271,"EUR 1,25 MUNICIPALITY FIN",22.26,CBF&CBL
EU000A1Z99F0,"EUR 0,75 ESM (REGS) 18-20",0.48,CBF&CBL
DE000A3E5MZ8,"EUR 2,39 NIEDERSACHSEN LA",1.98,CBF&CBL
FR0014002X50,"EUR 0,01 COMP.FINA.FONCIE",0.91,CBF&CBL
DE000HLB7036,"EUR 0,65 LANDESBANK HESS-",7.50,CBF&CBL
DE000NLB32B4,"EUR 3,60 NORD/LB GZ 22-20",17.91,CBF&CBL
XS2616375296,"EUR FL.R BNP PARIBAS (REG",17.78,CBF&CBL
DE000BLB9VW2,"EUR 3,05 BAYERISCH.LANDES",23.89,CBF&CBL
DE000A4DFL56,"EUR FL.R INV.UND STR.BK I",20.64,CBF&CBL
FR001400YZ88,"EUR FL.R AGENCE FRAN.LOC ",4.08,CBF&CBL
DE000LB6K5W4,"EUR 2,80 LBK BADEN-WUERTT",17.09,CBF&CBL
BE0390276450,"EUR XXX BRUSSELS, REG. OF",3.20,CBF&CBL
XS3296392668,"EUR 0,00 AUSTRIA, REP.OF ",20.80,CBF&CBL
DE000LB6SW97,"EUR 2,10 LBK BADEN-WUERTT",7.50,CBF&CBL
DE000HEL0VN1,"EUR 2,75 LANDESBANK HESS-",12.21,CBF&CBL
BE0390355270,"EUR 2,992 WALLONE, REGION",1.66,CBF&CBL
FR0010809418,"EUR 0,00 FRANCE (OAT STRI",0.80,CBF&CBL
XS1857708777,"EUR 1,50 ASN BANK N.V. (R",3.64,CBF&CBL
DE000NLB27L3,"EUR 1,00 NORD/LB GZ 19-20",16.08,CBF&CBL
XS2062490649,"EUR 2,045 EP INFRASTRUCTU",6.23,CBF&CBL
FR0013505633,"EUR 2,75 AEROPORTS DE PAR",10.33,CBF&CBL
FR0014003513,"EUR 0,00 FRANCE (REGS OAT",0.08,CBF&CBL
DE000NLB3XB1,"EUR FL.R NORD/LB GZ 22-20",7.50,CBF&CBL
DE000BLB9T56,"EUR 3,60 BAYERISCH.LANDES",7.50,CBF&CBL
XS2624017070,"EUR 3,25 DEUTSCHE BAHN AG",13.87,CBF&CBL
EU000A3K4EY2,"EUR 3,375 EUROPEAN UNION ",4.12,CBF&CBL
DE000A352QG8,"EUR 1,99 L-BANK 25-2027",0.50,CBF&CBL
DE000DJ9AWA0,"EUR 2,30 DZ BANK AG - FFT",7.50,CBF&CBL
XS3170900131,"EUR 2,625 KOMM.INV.I SVER",16.93,CBF&CBL
DE000A4MS0W9,"EUR 2,452 AAREAL BK AG. 2",1.20,CBF&CBL
DE000LB6GM51,"EUR 2,75 LBK BADEN-WUERTT",17.06,CBF&CBL
XS1539585486,"EUR 0,822 SWEDBANK MORTGA",0.40,CBF&CBL
XS0342993747,"EUR FL.R ITALY, REP.OF (R",19.07,CBF&CBL
ES0000012775,"EUR 0,00 SPAIN, KINGDOM O",2.76,CBF&CBL
ES00000129J9,"EUR 0,00 SPAIN, KINGDOM O",5.18,CBF&CBL
DE000HLB4XX1,"EUR 0,21 LANDESBANK HESS-",7.50,CBF&CBL
XS2102380776,"EUR 0,75 DEUTSCHE BAHN AG",18.90,CBF&CBL
XS2344569038,"EUR 0,875 SELP FINANCE (R",8.14,CBF&CBL
DE0001102606,"EUR 1,70 BUNDES DEUTSCH 2",1.23,CBF&CBL
FI4000557525,"EUR 2,875 FINLAND REP.OF ",1.34,CBF&CBL
IT0005571952,"EUR 3,75 BPER BANCA S.P. ",0.75,CBF&CBL
DE000DJ9AKZ2,"EUR 3,135 DZ BANK AG - FF",17.73,CBF&CBL
XS2845057780,"EUR 3,30 JOHN DEERE BK SA",10.43,CBF&CBL
XS2910543078,"EUR FL.R DZ PRIVATEBK AG ",9.59,CBF&CBL
DE000GRN0032,"EUR 2,875 DEUTSCHE KREDIT",13.73,CBF&CBL
DE000DJ9A1N1,"EUR 3,20 DZ BANK AG - FFT",25.55,CBF&CBL
DE000A3MQTP1,"EUR 2,125 HAMBURG HANSEST",0.47,CBF&CBL
DE000A5GS6X1,"EUR 3,625 MECKLENBURG-VOR",1.91,CBF&CBL
BE0008538028,"EUR 0,00 BELGIUM, KINGDOM",14.71,CBF&CBL
AT0000A1VGK0,"EUR 0,50 AUSTRIA, REP.OF ",0.54,CBF&CBL
DE000LB126R2,"EUR FL.R LBK BADEN-WUERTT",7.50,CBF&CBL
XS1997195729,"EUR 1,00 LANDESBANK HESS-",14.15,CBF&CBL
DE000NLB3P69,"EUR 0,60 NORD/LB GZ 20-20",13.52,CBF&CBL
FR00140058G6,"EUR 0,30 SOCIETE GRAND (R",3.95,CBF&CBL
XS2404027935,"EUR 0,25 SWEDBANK AB (REG",7.50,CBF&CBL
FR001400CVK0,"EUR 3,00 PARIS, VILLE DE ",7.84,CBF&CBL
DE000DW6C4N9,"EUR 3,60 DZ BANK AG - FFT",29.27,CBF&CBL
DE000DJ9ABV0,"EUR 3,80 DZ BANK AG - FFT",16.22,CBF&CBL
DE000A382954,"EUR 2,875 INV.UND STR.BK ",20.62,CBF&CBL
ES0413860885,"EUR 2,826 BCO.DE SABADELL",2.06,CBF&CBL
DE000DP9BKB3,"EUR 2,50 DZ BANK AG - FFT",7.50,CBF&CBL
XS1050669537,"EUR 3,015 POHJOLA BANK PL",21.09,CBF&CBL
FR0013261609,"EUR 1,535 COMP.FINA.FONCI",3.34,CBF&CBL
XS1792064047,"EUR 2,045 IRELAND, REP OF",11.28,CBF&CBL
LU2162831981,"EUR 0,00 LUXEMBOURG, G-D ",1.34,CBF&CBL
DE000NLB3QR1,"EUR 0,40 NORD/LB GZ 21-20",14.78,CBF&CBL
XS2447564332,"EUR 1,00 BMW FIN.NV (REGS",5.00,CBF&CBL
FR001400D8Y3,"EUR 3,365 REG CENTRE-VAL ",4.28,CBF&CBL
XS2647979181,"EUR 3,00 EUROP.INVEST.BK ",1.34,CBF&CBL
EU000A2SCAK5,"EUR 3,375 EFSF (REGS) 23-",6.40,CBF&CBL
SK4000023685,"EUR 3,875 VSEOB. UVEROVA ",0.89,CBF&CBL
IT0005367906,"EUR 0,00 ITALY, REP.OF (B",1.46,CBF&CBL
XS3163525374,"EUR 3,00 NORDEA MORTGAGE ",2.84,CBF&CBL
FR0010809426,"EUR 0,00 FRANCE (OAT STRI",1.47,CBF&CBL
EU000A1G0DD4,"EUR 1,20 EFSF (REGS) 15-2",10.09,CBF&CBL
DE000A0Z1UM6,"EUR 0,625 BAYERISCHE LAND",0.38,CBF&CBL
IT0004548316,"EUR 0,00 ITALY, REP.OF (S",4.46,CBF&CBL
AT0000A20DR1,"EUR 1,05 RAIFFEISEN LBK.A",1.72,CBF&CBL
XS1913429418,"EUR 1,595 SWEDBANK MORTGA",4.89,CBF&CBL
FR0013385044,"EUR 1,712 MARSEILLE, VILL",7.40,CBF&CBL
FR0014002A81,"EUR 0,561 DEPART DES BOUC",5.83,CBF&CBL
DE000A3MP5P6,"EUR 0,01 EMISSIONS K DE (",0.35,CBF&CBL
FR001400IB52,"EUR 3,9636 CREDIT AGRICOL",9.23,CBF&CBL
XS2985425524,"USD 4,75 DEXIA S.A (REGS/",8.23,CBF&CBL
DE000NLB50L5,"EUR 2,35 NORD/LB GZ 25-20",10.72,CBF&CBL
FR0014012SC7,"EUR FL.R CAPGEMINI (REGS)",5.00,CBF&CBL
BE6298754597,"EUR 1,455 WALLONE, REGION",2.81,CBF&CBL
FR0013293610,"EUR 1,20 CREDIT AGRICOLE ",7.50,CBF&CBL
XS1859006733,"EUR 1,50 ASN BANK N.V. (R",3.65,CBF&CBL
XS2103014291,"EUR 0,375 E.ON SE (REGS/6",5.00,CBF&CBL
DE000A351256,"EUR 3,00 HAMBURGER SPARK.",1.50,CBF&CBL
DE000DJ9ALX5,"EUR FL.R DZ BANK AG - FFT",7.50,CBF&CBL
DE000LB6SWE8,"EUR 2,80 LBK BADEN-WUERTT",19.93,CBF&CBL
EU000A2SCAZ3,"EUR 3,125 EFSF (REGS) 26-",4.26,CBF&CBL
IT0004976509,"EUR 0,00 ITALY, REP.OF (B",0.48,CBF&CBL
XS1332708418,"EUR 1,94 RABOBANK (2987) ",14.12,CBF&CBL
XS1337092404,"EUR 1,62 SWEDBANK MORTGAG",3.09,CBF&CBL
FR0013233236,"EUR 1,25 CRELAN HOME LOA ",1.87,CBF&CBL
FR0013266434,"EUR 1,375 AFD (REGS) 17-2",3.76,CBF&CBL
AT000B049655,"EUR 0,40 UNICREDIT BK AT ",1.14,CBF&CBL
BE0001794487,"EUR 0,961 COMMUNAUT FRANC",10.92,CBF&CBL
FR0013507647,"EUR 0,625 SOC. NAT. SNCF ",2.51,CBF&CBL
BE0008578420,"EUR 0,00 BELGIUM, KINGDOM",22.33,CBF&CBL
DE000DL19V89,"EUR FL.R DEUTSCHE BANK AG",0.35,CBF&CBL
FR001400E7J5,"EUR 3,375 CREDIT AGRICOLE",7.50,CBF&CBL
FR001400FKA7,"EUR XXX BPIFRANCE (REGS) ",2.19,CBF&CBL
DE000DJ9AJ42,"EUR 2,85 DZ BANK AG - FFT",17.73,CBF&CBL
DE000LB5R784,"EUR 2,65 LBK BADEN-WUERTT",14.69,CBF&CBL
DE000BYL0CM5,"EUR 2,45 BAYERISCH.LANDES",9.05,CBF&CBL
EU000A2SCAU4,"EUR 2,75 EFSF (REGS) 25-2",3.78,CBF&CBL
DE000LB57N50,"EUR 1,90 LBK BADEN-WUERTT",7.50,CBF&CBL
DE000A161R44,"EUR 2,75 BAYERISCHE LANDB",2.22,CBF&CBL
DE000LB6XKM6,"EUR 3,30 LBK BADEN-WUERTT",7.50,CBF&CBL
XS3519671021,"GBP 0,00 AUSTRIA, REP.OF ",0.61,CBF&CBL
XS3486811766,"EUR 3,43 IBRD-WORLD BANK ",1.88,CBF&CBL
FR0010447367,"EUR 1,80 FRANCE (REGS OAT",5.97,CBF&CBL
DE000A11QE86,"EUR 0,25 LAND, BRANDENBUR",0.34,CBF&CBL
FR0013236502,"EUR 1,60 CAISSE DES DEPOT",3.50,CBF&CBL
ES00000128S2,"EUR 0,65 SPAIN, KINGDOM O",0.68,CBF&CBL
DE000BLB45Q9,"EUR FL.R BAYERISCH.LANDES",7.50,CBF&CBL
DE000BLB5GP5,"EUR FL.R BAYERISCH.LANDES",7.50,CBF&CBL
DE000A2GSQB7,"EUR 0,875 DZ HYP AG (MBS)",7.50,CBF&CBL
FR0014001LW3,"EUR 0,00 BNP PARIBAS HOME",0.70,CBF&CBL
AT000B049929,"EUR 2,375 UNICREDIT BK AT",0.36,CBF&CBL
DE000DB9VKB7,"EUR 3,85 DEUTSCHE BANK AG",7.50,CBF&CBL
DE000LB6E2W9,"EUR 2,45 LBK BADEN-WUERTT",10.69,CBF&CBL
DE000BYL0HZ6,"EUR 3,20 BAYERISCH.LANDES",13.93,CBF&CBL
BE0001742932,"EUR 2,26 COMMUNAUT FRANCA",7.80,CBF&CBL
FR0013355229,"EUR 1,548 CAISSE DES DEPO",6.89,CBF&CBL
DE000A2GSR13,"EUR 0,25 WIRTSCHAFTS-INFR",4.73,CBF&CBL
DE000NLB4T64,"EUR 3,33 NORD/LB GZ 23-20",7.50,CBF&CBL
DE000A351SC5,"EUR 2,95 LAND SACHSEN ANH",2.24,CBF&CBL
DE000NLB4VJ6,"EUR 3,70 NORD/LB GZ 23-20",7.50,CBF&CBL
DE000DJ9AN46,"EUR 2,55 DZ BANK AG - FFT",23.68,CBF&CBL
XS3002404021,"EUR 2,471 KNAB N.V. (REGS",0.36,CBF&CBL
XS3004571850,"EUR 2,50 DEXIA S.A (REGS/",5.00,CBF&CBL
XS3075438690,"EUR FL.R NORDIC INVEST.BK",0.54,CBF&CBL
XS3152597897,"EUR 2,375 DEKABANK (REGS)",0.96,CBF&CBL
FR0012591832,"EUR 1,125 CAISSE NATI.AUT",1.93,CBF&CBL
FR0013335916,"EUR 1,218 REGION PAYS LOI",2.58,CBF&CBL
DE000HV2ARC1,"EUR 0,65 UNICREDIT BANK (",0.48,CBF&CBL
AT0000A26HW9,"EUR 0,865 EB UND HYPO 19-",1.71,CBF&CBL
DE000A289K63,"EUR 0,01 LAND BERLIN 20-2",1.50,CBF&CBL
DE000DJ9AHH6,"EUR 3,425 DZ BANK AG - FF",20.81,CBF&CBL
XS2908106557,"EUR 2,692 ING BANK N.V. 2",1.52,CBF&CBL
FR001400Z784,"EUR 3,25 BPIFRANCE (REGS)",5.09,CBF&CBL
DE000LB57N68,"EUR 2,15 LBK BADEN-WUERTT",7.50,CBF&CBL
DE000BLB12F2,"EUR 4,29 BAYERISCHE LBK 0",0.40,CBF&CBL
XS0592665789,"EUR FL.R EUROP.INVEST.BK ",0.65,CBF&CBL
FR0013202603,"EUR 1,13 BPCE (REGS) 16-2",16.61,CBF&CBL
IT0003748875,"EUR 0,00 ITALY, REP.OF 04",3.08,CBF&CBL
BE6296989401,"EUR 2,05 COMMUNAUT FRANCA",9.87,CBF&CBL
DE000HLB4VD7,"EUR 1,25 LANDESBANK HESS-",7.50,CBF&CBL
DE000HLB4WH6,"EUR 1,485 LANDESBANK HESS",22.97,CBF&CBL
FR0014005FC8,"EUR 0,125 CADES (REGS) 21",2.20,CBF&CBL
XS2548490734,"EUR 3,00 NED.FIN.MAATSCH.",0.41,CBF&CBL
DE000HV2AZ52,"EUR 2,60 UNICREDIT BANK 2",1.59,CBF&CBL
DE000A30V281,"EUR FL.R INVESTITIONSBK 2",0.49,CBF&CBL
DE000DJ9AGS5,"EUR 2,85 DZ BANK AG - FFT",14.45,CBF&CBL
DE000A161R28,"EUR 2,375 BAYERISCHE LAND",1.34,CBF&CBL
ES0413860927,"EUR FL.R BCO.DE SABADELL ",0.59,CBF&CBL
XS3524241968,"EUR 0,00 AUSTRIA, REP.OF ",0.54,CBF&CBL
FR0010070110,"EUR 0,00 FRANCE (OAT STRI",1.47,CBF&CBL
XS1614202049,"EUR 0,75 DE VOLKSBANK N. ",0.36,CBF&CBL
DE000HLB4TM2,"EUR FL.R LANDESBANK HESS-",7.50,CBF&CBL
DE000MHB20J2,"EUR 0,625 MUENCHENER HYPO",0.39,CBF&CBL
DE000DK0T0M1,"EUR 0,875 DEKABANK (REGS)",11.02,CBF&CBL
XS2284257701,"GBP 0,125 NORDIC INVEST.B",0.40,CBF&CBL
IT0005451759,"EUR 0,01 CREDITO EMILIANO",0.65,CBF&CBL
EU000A2SCAA6,"EUR 0,70 EFSF (REGS) 22-2",13.95,CBF&CBL
AT000B093844,"EUR FL.R RAIFFEISEN-LAND ",0.39,CBF&CBL
DE000A3LJPA8,"EUR 5,00 JAB HOLDINGS B.V",16.95,CBF&CBL
DE000A351PF4,"EUR 3,00 LAND BERLIN 23-2",1.80,CBF&CBL
DE000DJ9ALW7,"EUR 3,465 DZ BANK AG - FF",7.50,CBF&CBL
DE000LB5JY63,"EUR 2,73 LBK BADEN-WUERTT",7.50,CBF&CBL
DE000LB56E94,"EUR 2,90 LBK BADEN-WUERTT",17.92,CBF&CBL
DE0001135481,"EUR 2,50 BUNDES DEUTSCH (",2.98,CBF&CBL
ES0000101610,"EUR 5,25 COMUN.DE MADRID ",7.57,CBF&CBL
XS1441620991,"EUR 1,01 BNP PARIBAS (REG",7.50,CBF&CBL
XS1693818525,"EUR 1,375 TOTALENERGIES C",7.91,CBF&CBL
DE000A2G9HK1,"EUR 0,875 DZ HYP AG (REGS",1.11,CBF&CBL
XS2055781962,"EUR 0,05 EUROP.INVEST.BK ",1.70,CBF&CBL
BE6319284251,"EUR 0,064 BRUSSELS, REG. ",3.14,CBF&CBL
XS2327299298,"EUR 0,25 LSEG NETHERLAND ",5.00,CBF&CBL
DE000DB9U7H3,"EUR FL.R DEUTSCHE BANK AG",7.50,CBF&CBL
DE000A30VM78,"EUR 2,875 KFW (REGS) 22-2",1.23,CBF&CBL
DE000DK012E1,"EUR 3,602 DEKABANK 24-202",8.46,CBF&CBL
DE000A3828T8,"EUR 2,625 NIEDERSACHSEN L",0.83,CBF&CBL
XS2803394316,"GBP 4,125 KOMMUNEKREDIT (",7.50,CBF&CBL
XS2872750562,"USD FL.R AAREAL BK AG. (2",0.86,CBF&CBL
AT0000A3DZB3,"EUR 2,875 NIEDEROESTERREI",1.37,CBF&CBL
DE000LB5GFT8,"EUR 2,75 LBK BADEN-WUERTT",10.84,CBF&CBL
DE000A46ZYY5,"EUR 2,875 LAND SACHSEN AN",0.65,CBF&CBL
DE000A11QAR2,"EUR 2,35 DT. PFANDBRIEFBA",0.47,CBF&CBL
XS1234894548,"EUR 1,43 BANQUE FEDERATIV",7.50,CBF&CBL
DE000MHB9585,"EUR FL.R MUENCHENER HYPOB",13.42,CBF&CBL
BE6288998030,"EUR 4,75 SPGE 16-2036",22.32,CBF&CBL
XS1506436606,"EUR 0,00 NEDERLAND.WATER.",6.66,CBF&CBL
IT0005325151,"EUR 1,78 INTESA SANPAOLO ",2.64,CBF&CBL
FR0013320926,"EUR 1,21 AGENCE FRANCE LO",1.05,CBF&CBL
XS1785458172,"EUR 2,125 WPC EURO. (SEC)",5.00,CBF&CBL
FR0013507084,"EUR 0,37 SOCIETE GENERALE",0.90,CBF&CBL
DE000MHB64G6,"EUR 0,27 MUENCHENER HYPOB",14.55,CBF&CBL
XS2353312254,"EUR 0,125 EIKA BOLIGKREDI",1.67,CBF&CBL
DE000DW6C5G0,"EUR FL.R DZ BANK AG - FFT",18.40,CBF&CBL
BE0390134972,"EUR 3,13 KBC BANK NV (REG",1.26,CBF&CBL
XS2921399932,"EUR FL.R TOYOTA MOTO.FIN.",5.00,CBF&CBL
DE000LFA2410,"EUR 2,75 LFA FRDRBK.BAYER",1.60,CBF&CBL
DE000HEL0GF8,"EUR 2,60 LANDESBANK HESS-",9.04,CBF&CBL
EU000A1U9969,"EUR 1,125 ESM (REGS) 16-2",1.21,CBF&CBL
XS2263517364,"EUR 0,01 LANDWIRT.RENTENB",4.74,CBF&CBL
BE0002780618,"EUR 0,875 VLAAMS GEMEENSC",5.78,CBF&CBL
DE000A3MQYN6,"EUR FL.R LAND BERLIN 22-2",0.49,CBF&CBL
XS2475954900,"EUR 1,375 KFW (REGS) 22-2",1.96,CBF&CBL
DE0001053668,"EUR 3,247 BAYERN, FREISTA",5.54,CBF&CBL
DE000A3SJZT2,"EUR 2,625 WIRTSCHAFTS-INF",2.71,CBF&CBL
DE000DB9VNC9,"EUR 2,75 DEUTSCHE BANK AG",7.50,CBF&CBL
DE000NLB45G5,"EUR 2,55 NORD/LB GZ 24-20",7.50,CBF&CBL
DE000LB6F6N8,"EUR 3,00 LBK BADEN-WUERTT",25.64,CBF&CBL
FI4000614888,"EUR 0,00 FINLAND REP.OF 1",0.54,CBF&CBL
XS3515043662,"EUR 0,00 AUSTRIA, REP.OF ",0.54,CBF&CBL
XS3524244046,"USD 0,00 AUSTRIA, REP.OF ",0.53,CBF&CBL
XS0733094840,"EUR 4,05 BUNDESIMMOBILIEN",5.00,CBF&CBL
BE0000326356,"EUR 4,00 BELGIUM, KINGDOM",3.27,CBF&CBL
BE6285677777,"EUR 1,717 WALLONE, REGION",6.18,CBF&CBL
FR0013154135,"EUR 0,00 FRANCE (OAT STRI",6.01,CBF&CBL
BE0002591692,"EUR 1,52 KBC BANK NV (REG",3.56,CBF&CBL
XS2025569141,"EUR 0,24 HYPO NOE LANDESB",3.11,CBF&CBL
DE000DK0T0Q2,"EUR 0,79 DEKABANK 19-2031",17.04,CBF&CBL
DE000DDA0VB4,"EUR FL.R DZ BANK AG - FFT",10.42,CBF&CBL
DE000A1RQDS2,"EUR 0,375 HESSEN LAND (RE",5.71,CBF&CBL
DE000DDA0YX2,"EUR 0,00 DZ BANK AG - FFT",12.42,CBF&CBL
DE0001053536,"EUR 0,01 BAYERN, FREISTAA",0.89,CBF&CBL
DE000HEL0DH1,"EUR 2,40 LANDESBANK HESS-",8.37,CBF&CBL
DE000BU2D012,"EUR 2,90 BUNDES DEUTSCH (",3.97,CBF&CBL
DE000HEL0K63,"EUR 1,75 LANDESBANK HESS-",7.50,CBF&CBL
FR0011164680,"EUR 4,10 HOPITAUX PARIS 1",3.57,CBF&CBL
ES0000101594,"EUR 5,00 COMUN.DE MADRID ",5.18,CBF&CBL
DE000NRW0GA3,"EUR FL.R NORDRHEIN-WESTFA",0.49,CBF&CBL
XS1316420089,"EUR 1,625 DEUTSCHE BAHN A",9.52,CBF&CBL
DE000RLP1064,"EUR 0,375 RHEINLAND-PFALZ",6.58,CBF&CBL
DE000NLB0RU9,"EUR 1,60 NORD/LB GZ (REGS",7.50,CBF&CBL
XS1967659217,"EUR 1,309 HEMSO FASTIGHET",6.61,CBF&CBL
DE000A3E5X86,"EUR 0,125 SPARKASSE HANNO",1.90,CBF&CBL
XS2630112287,"USD 4,00 NEDERLAND.WATER.",0.62,CBF&CBL
DE000HEL0SU2,"EUR 3,00 LANDESBANK HESS-",19.52,CBF&CBL
DE000NRW0QF1,"EUR FL.R NORDRHEIN-WESTFA",0.63,CBF&CBL
FR0010482612,"EUR 0,00 FRANCE (OAT STRI",4.33,CBF&CBL
XS0814712237,"EUR 4,00 METRO AG (REGS/2",5.00,CBF&CBL
FR0013301181,"EUR 0,93 LYON, COMMUNE (R",0.85,CBF&CBL
DE000A14JY70,"EUR 0,375 BADEN-WUERTTEMB",8.75,CBF&CBL
FR0014000YD8,"EUR 0,445 DEPART DES BOUC",10.24,CBF&CBL
DE000NLB3U21,"EUR 0,65 NORD/LB GZ 21-20",16.40,CBF&CBL
XS2498897920,"EUR 2,92 MANITOBA, PROV.O",4.06,CBF&CBL
AT0000A31Q55,"EUR 2,94 ERSTE GR.BK AG (",3.80,CBF&CBL
FR001400HQB8,"EUR 3,125 UNEDIC (REGS) 2",2.56,CBF&CBL
DE000NRW0N67,"EUR 2,90 NORDRHEIN-WESTFA",2.23,CBF&CBL
XS2791973055,"EUR FL.R TOYOTA MOTO.FIN.",5.00,CBF&CBL
DE000SLB1606,"EUR 2,50 LANDESBK SAAR 25",0.71,CBF&CBL
XS3107219993,"EUR 3,25 ONTARIO,PROVINCE",3.54,CBF&CBL
AT0000A3QQY6,"EUR 2,61 ERSTE GR.BK AG 2",16.59,CBF&CBL
DE000LB6JC50,"EUR 2,65 LBK BADEN-WUERTT",11.64,CBF&CBL
BE0008518798,"EUR 0,00 BELGIUM, KINGDOM",3.23,CBF&CBL
FR0013368388,"EUR 1,50 CREDIT AGR HOME ",3.28,CBF&CBL
BE0002742238,"EUR 0,634 VLAAMS GEMEENSC",10.39,CBF&CBL
DE000MHB64V5,"EUR 0,27 MUENCHENER HYPOB",15.32,CBF&CBL
XS2359292955,"EUR 0,00 LANDWIRT.RENTENB",1.86,CBF&CBL
DE000NLB3X02,"EUR 1,60 NORD/LB GZ 22-20",16.91,CBF&CBL
XS2471434675,"EUR 1,806 BK.NOVA SCOTIA ",3.27,CBF&CBL
XS2536938439,"EUR 2,625 STADSHYP AB (PU",1.04,CBF&CBL
XS2577526580,"EUR 2,875 KOMMUNEKREDIT (",22.00,CBF&CBL
FR001400I1J4,"EUR FL.R ALPES COTE D AZU",2.11,CBF&CBL
FI4000566351,"EUR 3,00 ALANDSBANKEN ABP",0.40,CBF&CBL
FR001400PUX7,"EUR 3,786 HOPITAUX PARIS ",10.28,CBF&CBL
DE000DB9VSS4,"EUR 3,05 DEUTSCHE BANK AG",9.32,CBF&CBL
IT0005620460,"EUR FL.R ITALY, REP.OF (C",2.99,CBF&CBL
FR001400X5T5,"EUR 3,093 BPCE (REGS) 25-",1.75,CBF&CBL
XS3075491152,"EUR 2,625 BMW FIN.NV (REG",5.00,CBF&CBL
XS3323616352,"EUR 3,375 PROV OF ALBERTA",3.76,CBF&CBL
DE000DKB0598,"EUR 3,64 DEUTSCHE KREDITB",4.25,CBF&CBL
XS3519682655,"USD 0,00 EUROP.INVEST.BK ",0.37,CBF&CBL
DE000A1K0L03,"EUR 5,39 LAND BERLIN (REG",2.20,CBF&CBL
EU000A1U9902,"EUR 1,75 ESM (REGS) 15-20",3.43,CBF&CBL
FI4000278551,"EUR 0,50 FINLAND REP.OF (",0.54,CBF&CBL
DE000DK0T0U4,"EUR 0,705 DEKABANK 19-203",18.68,CBF&CBL
XS2291905474,"EUR 0,01 JAPANFINANCE ORG",5.00,CBF&CBL
FR0014008ST9,"EUR 1,46 BPCE (BANQUE PO ",17.67,CBF&CBL
XS2481285349,"EUR 1,50 ROYAL BK.CANADA ",0.40,CBF&CBL
DE000A3H3GL2,"EUR FL.R SAARLAND 23-2028",0.38,CBF&CBL
SK4000023230,"EUR 3,625 SLOVAK, REP. (R",4.81,CBF&CBL
AT0000A367L2,"EUR 3,50 BSPK WUESTENROT ",3.91,CBF&CBL
IT0005550303,"EUR 0,00 ITALY, REP.OF (B",6.35,CBF&CBL
XS2813326605,"EUR 3,202 COOPERATIEVE RA",2.68,CBF&CBL
BE0390135011,"EUR 3,90 WALLONE, REGION ",8.19,CBF&CBL
NL0015073TQ2,"EUR 2,50 DUTCH STATE 26-2",1.59,CBF&CBL
DE000LB6W8U8,"EUR 3,59 LBK BADEN-WUERTT",15.76,CBF&CBL
BE0008520810,"EUR 0,00 BELGIUM, KINGDOM",4.34,CBF&CBL
DE000A2GSP49,"EUR 1,528 DEUT.GENOSS-HYP",4.06,CBF&CBL
DE000HV2ARY5,"EUR FL.R UNICREDIT BANK 1",7.50,CBF&CBL
ES0000012G00,"EUR 1,00 SPAIN, KINGDOM O",5.72,CBF&CBL
LU2228213398,"EUR 0,00 LUXEMBOURG, G-D ",2.03,CBF&CBL
DE000A31RJ45,"EUR 3,25 DT. PFANDBRIEFBA",0.37,CBF&CBL
AT0000A39GL7,"EUR 2,85 ERSTE GR.BK AG 2",7.50,CBF&CBL
DE000LB51ZR4,"USD 3,65 LBK BADEN-WUERTT",7.50,CBF&CBL
DE000RLP1601,"EUR 2,75 RHEINLAND-PFALZ ",1.95,CBF&CBL
XS3103624337,"EUR 2,50 ACHMEA BANK N.V ",1.29,CBF&CBL
DE000A14J0T4,"EUR 3,00 NATIXIS PFANDBRI",1.69,CBF&CBL
AT0000A23SR3,"EUR 1,185 HYPO TIROL BANK",0.81,CBF&CBL
DE000MHB2861,"EUR 1,543 MUENCHENER HYPO",5.89,CBF&CBL
FR0013397361,"EUR 1,655 CAISSE FCSE DE ",3.73,CBF&CBL
XS1948611840,"EUR 1,50 BMW FIN.NV (REGS",6.26,CBF&CBL
ES0205045026,"EUR 0,875 CRITERIA CAIXA ",5.00,CBF&CBL
BE0002815968,"EUR 0,761 BRUSSELS, REG. ",8.74,CBF&CBL
FR00140073O9,"EUR 0,786 OCCITANIE, REG ",11.12,CBF&CBL
FR0014008SA9,"EUR 1,125 AFD (REGS) EMTN",6.33,CBF&CBL
XS2532681074,"EUR 3,75 FERROVIE DEL STA",5.00,CBF&CBL
FR001400F7K2,"EUR 4,00 CREDIT AGRICOLE ",18.96,CBF&CBL
DE000DW6C7W3,"EUR 3,75 DZ BANK AG - FFT",7.50,CBF&CBL
DE000DK012M4,"EUR 3,53 DEKABANK 24-2030",12.01,CBF&CBL
DE000HEL0M20,"EUR 2,25 LANDESBANK HESS-",10.41,CBF&CBL
DE000HEL4AR8,"EUR 3,31 LANDESBANK HESS-",23.99,CBF&CBL
FR0014015F81,"EUR 3,00 CREDIT AGRICOLE ",1.87,CBF&CBL
DE000LB6SWG3,"EUR 3,00 LBK BADEN-WUERTT",24.32,CBF&CBL
FR0010535567,"GBP 6,125 VEOLIA ENVT. 07",22.64,CBF&CBL
FR0012039931,"EUR 2,724 CAISSE DES DEPO",8.41,CBF&CBL
FR0013210523,"EUR 0,00 FRANCE (OAT STRI",5.08,CBF&CBL
FR0013252624,"EUR 1,449 REGION HAUTS 17",1.17,CBF&CBL
XS1639739876,"EUR 2,00 IRELAND, REP OF ",10.96,CBF&CBL
FR0013313855,"EUR 0,875 LA BQE POST HOM",0.48,CBF&CBL
DE000NLB3R18,"EUR 0,675 NORD/LB GZ 21-2",19.79,CBF&CBL
XS2320539765,"EUR 0,375 BAWAG (AT) (REG",4.20,CBF&CBL
DE000A3MQWJ8,"EUR 2,262 INV.UND STR.BK ",38.78,CBF&CBL
XS2677519196,"EUR 3,50 DEV.BK OF JAPAN ",7.50,CBF&CBL
EU000A2SCAP4,"EUR 2,875 EFSF (REGS) 24-",3.15,CBF&CBL
XS2894232227,"EUR 2,75 SPAREBNK 1 BOLIK",1.02,CBF&CBL
XS3005213809,"EUR FL.R DNB BOLIGKREDIT ",0.39,CBF&CBL
XS3171756128,"USD 3,75 ESM (REGS/372) 2",1.20,CBF&CBL
DE000DJ9A0D4,"EUR 2,17 DZ BANK AG - FFT",7.50,CBF&CBL
IT0005706293,"EUR 2,25 ITALY, REP.OF (B",12.49,CBF&CBL
DE000CZ46CX9,"EUR 3,13 COMMERZBK AG 26-",9.41,CBF&CBL
IT0003268973,"EUR 0,00 ITALY, REP.OF (B",2.17,CBF&CBL
FR0010070144,"EUR 0,00 FRANCE (OAT STRI",2.19,CBF&CBL
ES0000012B39,"EUR 1,40 SPAIN, KINGDOM O",0.66,CBF&CBL
XS1811025516,"USD 0,00 NED.FIN.MAATSCH.",0.60,CBF&CBL
XS2009894226,"EUR 0,823 IBRD-WORLD BANK",6.72,CBF&CBL
XS2396652682,"USD 1,375 L-BANK (REGS/56",0.98,CBF&CBL
XS2403887586,"GBP 1,00 L-BANK (REGS/563",0.57,CBF&CBL
DE000A14JZY4,"EUR FL.R BADEN-WUERTTEMBE",0.47,CBF&CBL
FR0014012EV7,"GBP 4,375 AGENCE FRANCE L",1.76,CBF&CBL
DE000LB6F6G2,"EUR 2,35 LBK BADEN-WUERTT",10.88,CBF&CBL
DE000BU2T000,"EUR 3,40 BUNDES DEUTSCH (",3.14,CBF&CBL
BE0002470459,"EUR 2,875 EANDIS (REGS) 1",7.86,CBF&CBL
FR0013231263,"EUR 1,66 CRED. AGRICOLE L",19.95,CBF&CBL
IT0005248239,"EUR 0,00 ITALY, REP.OF (B",12.31,CBF&CBL
XS1756426414,"EUR 1,50 DNB BOLIGKREDIT ",3.51,CBF&CBL
DE0001102622,"EUR 2,10 BUNDES DEUTSCH 2",0.68,CBF&CBL
DE000LB38408,"EUR FL.R LBK BADEN-WUERTT",7.50,CBF&CBL
DE000A30V9K8,"EUR 3,17 KFW 23-2027",0.39,CBF&CBL
FR001400HQE2,"EUR 3,372 CAISSE FCSE DE ",2.16,CBF&CBL
DE000NLB5CD6,"EUR 2,30 NORD/LB GZ 25-20",7.50,CBF&CBL
DE000LB62RX6,"EUR 3,05 LBK BADEN-WUERTT",17.76,CBF&CBL
EU000A4EXVK3,"EUR 2,875 EUROPEAN UNION ",1.09,CBF&CBL
IT0001086567,"EUR 7,25 ITALY (BTP/TAX12",0.08,CBF&CBL
FR0010809608,"EUR 0,00 FRANCE (OAT STRI",5.71,CBF&CBL
DE000A2E4CU4,"EUR FL.R AAREAL BK AG. 19",0.35,CBF&CBL
DE000A2GSR47,"EUR 0,01 WIRTSCHAFTS-INFR",0.50,CBF&CBL
DE000BLB6JW3,"USD FL.R BAYERISCH.LANDES",7.50,CBF&CBL
DE000A30V6X7,"EUR 3,00 LAND, BRANDENBUR",1.93,CBF&CBL
FR0013332012,"EUR 1,00 CREDIT MUTUEL H ",0.56,CBF&CBL
DE000SLB8072,"EUR 1,57 LANDESBK SAAR 18",22.29,CBF&CBL
DE000A1RQDL7,"EUR 0,45 HESSEN LAND 19-2",7.33,CBF&CBL
DE000A2E4DC0,"EUR FL.R AAREAL BK AG. 20",0.66,CBF&CBL
XS2225428809,"EUR 0,00 EUROP.INVEST.BK ",0.90,CBF&CBL
FR001400OE51,"EUR 3,18 BPCE SFH 24-2032",1.90,CBF&CBL
DE000LB51658,"EUR 2,75 LBK BADEN-WUERTT",11.98,CBF&CBL
DE000HEL4AB2,"EUR 3,40 LANDESBANK HESS-",24.36,CBF&CBL
DE000LFA2527,"EUR 2,875 LFA FRDRBK.BAYE",2.51,CBF&CBL
DE000HEL0L88,"EUR 1,75 LANDESBANK HESS-",7.50,CBF&CBL
XS0513009711,"EUR 5,90 GENERALITAT CATA",3.89,CBF&CBL
FR0013185311,"EUR 0,875 AFD 16-2031",3.32,CBF&CBL
AT0000A2CFX3,"EUR 0,351 HYPO TIROL BANK",1.31,CBF&CBL
FR0013520053,"EUR 0,709 ALPES COTE D AZ",8.26,CBF&CBL
FR0014012UI0,"EUR 3,24 BNP PARIBAS HOME",2.60,CBF&CBL
FR0010172510,"EUR 0,00 FRANCE (OAT STRI",4.54,CBF&CBL
XS0566685516,"EUR FL.R BNG BANK N.V. (R",1.94,CBF&CBL
XS0970703772,"EUR 5,05 ITALY, REP.OF (R",5.10,CBF&CBL
ES00000126L1,"EUR 0,00 SPAIN, KINGDOM O",3.75,CBF&CBL
BE0000336454,"EUR 1,90 BELGIUM, KINGDOM",6.44,CBF&CBL
XS1669792852,"EUR 1,35 DNB BOLIGKREDIT ",2.05,CBF&CBL
XS2045886434,"EUR 0,00 KOMMUNEKREDIT (R",12.39,CBF&CBL
XS2231588547,"EUR 0,10 IBRD-WORLD BANK ",1.87,CBF&CBL
XS2240505268,"EUR 0,00 ADIDAS AG (REGS)",5.43,CBF&CBL
FR00140028I5,"EUR 0,49 PAYS DE LA LOIRE",4.92,CBF&CBL
AT0000A2VL52,"EUR 0,75 KOMMUNALKREDIT A",0.47,CBF&CBL
DE0001143964,"EUR 0,00 BUNDES DEUTSCH 2",2.69,CBF&CBL
DE000LFA2279,"EUR 2,75 LFA FRDRBK.BAYER",1.56,CBF&CBL
DE000BLB9WZ3,"EUR 2,85 BAYERISCH.LANDES",8.65,CBF&CBL
DE000SLB8957,"EUR 3,70 LANDESBK SAAR 24",19.92,CBF&CBL
XS2951549000,"USD 3,80 DZ BK AG (REGS/A",7.50,CBF&CBL
DE000A383TD4,"EUR 2,375 KFW (REGS) 25-2",0.59,CBF&CBL
XS3025442479,"EUR 3,00 NATIONWIDE BS (R",1.65,CBF&CBL
XS3280518856,"EUR 2,625 BMW FIN.NV (REG",6.17,CBF&CBL
DE000LB6R0G1,"EUR 2,70 LBK BADEN-WUERTT",14.68,CBF&CBL
DE000LB6SW89,"EUR 1,90 LBK BADEN-WUERTT",7.50,CBF&CBL
DE000LB60188,"EUR 2,55 LBK BADEN-WUERTT",8.95,CBF&CBL
DE000SCB0088,"EUR 3,61 DEUTSCHE KREDITB",4.74,CBF&CBL
AT000B049630,"EUR 0,50 UNICREDIT BK AT ",5.37,CBF&CBL
IT0003748842,"EUR 0,00 ITALY, REP.OF (S",2.47,CBF&CBL
DE000A2AAWD2,"EUR 1,20 LAND, BRANDENBUR",2.07,CBF&CBL
XS1851265527,"EUR FL.R GRAND CITY PROPE",19.45,CBF&CBL
DE000A2TSB40,"EUR 0,125 NIEDERSACHSEN L",0.34,CBF&CBL
FR0013434834,"EUR 0,843 BPCE SFH (REGS)",5.40,CBF&CBL
BE6315876126,"EUR 1,00 WALLONE, REGION ",13.62,CBF&CBL
ES00001010C5,"EUR 1,515 COMUN.DE MADRID",11.67,CBF&CBL
AT0000A35MQ2,"EUR 3,50 ERSTE GR.BK AG 2",12.57,CBF&CBL
DE000DJ9ADK9,"EUR FL.R DZ BANK AG - FFT",20.49,CBF&CBL
XS2787826382,"EUR 2,875 EIKA BOLIGKREDI",0.86,CBF&CBL
DE000HCB0B93,"EUR FL.R HAMBURG COM BK (",0.47,CBF&CBL
DE000DJ9AYP4,"EUR 1,75 DZ BANK AG - FFT",7.50,CBF&CBL
DE000BYL0EN9,"EUR 3,00 BAYERISCH.LANDES",17.62,CBF&CBL
DE000LB6JC84,"EUR 3,00 LBK BADEN-WUERTT",19.64,CBF&CBL
BE6263902304,"EUR FL.R BELGIUM, KINGDOM",4.38,CBF&CBL
XS1530785721,"EUR 1,02 ABN AMRO BK NV (",4.01,CBF&CBL
XS1565570212,"EUR 0,875 VAN LANSCHOT (R",0.36,CBF&CBL
XS1586555945,"EUR 1,875 VOLKSWAGEN INTL",5.00,CBF&CBL
DE000NLB2716,"EUR 0,275 NORD/LB GZ 19-2",7.50,CBF&CBL
XS2433140113,"GBP 2,125 VOLKSWAGEN FIN(",5.00,CBF&CBL
DE000LB5D677,"EUR 2,94 LBK BADEN-WUERTT",32.13,CBF&CBL
DE000DJ9AM62,"EUR 2,50 DZ BANK AG - FFT",13.32,CBF&CBL
DE000A3MQT89,"EUR 2,604 SAECHS.AUFBAUBK",7.50,CBF&CBL
DE000HEL0GE1,"EUR 2,25 LANDESBANK HESS-",7.50,CBF&CBL
XS3101501776,"EUR 2,00 SWEDEN, KINGDOM ",0.75,CBF&CBL
DE000A4DFVD3,"EUR 3,401 KFW 26-2038",3.24,CBF&CBL
DE0003811485,"EUR 0,00 BUNDES DEUTSCH (",0.97,CBF&CBL
FR001400AEA1,"EUR 2,50 CCF SFH (REGS) 2",0.61,CBF&CBL
XS2725234954,"EUR 3,375 NATIONWIDE BS (",0.75,CBF&CBL
DE000NLB4647,"EUR 2,25 NORD/LB GZ 24-20",7.50,CBF&CBL
DE000DJ9AN38,"EUR 2,40 DZ BANK AG - FFT",13.58,CBF&CBL
DE000LB5USB0,"EUR 2,60 LBK BADEN-WUERTT",11.93,CBF&CBL
DE000A352AL2,"EUR 2,125 LAND SACHSEN AN",0.50,CBF&CBL
XS3309139080,"EUR 3,125 ONTARIO,PROVINC",3.78,CBF&CBL
FR0129570646,"EUR 0,00 BANQUE DE FRANCE",0.13,CBF&CBL
FR0010810077,"EUR 0,00 FRANCE (OAT STRI",2.78,CBF&CBL
FR0011461649,"EUR 0,00 FRANCE (OAT STRI",4.06,CBF&CBL
FR0013252632,"EUR 1,521 REGION HAUTS 17",1.87,CBF&CBL
DE000BLB4799,"EUR FL.R BAYERISCH.LANDES",7.50,CBF&CBL
FR0013297306,"EUR 1,50 METROPOLE D AIX ",3.98,CBF&CBL
XS1785354397,"EUR 1,626 NIEDEROESTERREI",4.53,CBF&CBL
FR0013327491,"EUR 0,10 FRANCE (REGS OAT",4.99,CBF&CBL
XS1847694764,"EUR 0,88 ABN AMRO BK NV (",0.62,CBF&CBL
BE0000347568,"EUR 0,90 BELGIUM, KINGDOM",1.86,CBF&CBL
DE000SLB8205,"EUR 0,90 LANDESBK SAAR 19",11.12,CBF&CBL
BE6313095448,"EUR 2,041 COMMUNAUT FRANC",12.38,CBF&CBL
BE6326784566,"EUR 0,125 BELFIUS BANK SA",7.50,CBF&CBL
LU2320463339,"EUR 0,00 LUXEMBOURG, G-D ",1.68,CBF&CBL
DE000NLB3WQ1,"EUR 0,90 NORD/LB GZ 22-20",14.39,CBF&CBL
DE000A3MP7K3,"EUR 1,125 KFW (REGS) 22-2",3.33,CBF&CBL
DE000HLB49C8,"EUR 3,00 LANDESBANK HESS-",7.50,CBF&CBL
FR001400N6K4,"EUR 3,00 BPCE SFH (REGS) ",1.46,CBF&CBL
XS2793149134,"USD FL.R DEUTSCHE BANK SA",0.37,CBF&CBL
DE000NLB4746,"EUR 2,15 NORD/LB GZ 25-20",7.50,CBF&CBL
AT0000A3FMT8,"EUR 2,20 ERSTE GR.BK AG 2",7.50,CBF&CBL
DE000NLB5B06,"EUR 2,50 NORD/LB GZ (REGS",1.30,CBF&CBL
DE000A460EH3,"EUR 3,125 NIEDERSACHSEN L",2.51,CBF&CBL
BE0002433085,"EUR 3,50 ELIA SYS.OP. (RE",17.10,CBF&CBL
XS1063837824,"EUR 2,841 BNP PARIBAS (RE",22.42,CBF&CBL
XS1508450506,"EUR 0,00 EUROP.INVEST.BK ",5.46,CBF&CBL
XS1900101046,"EUR 1,50 ROYAL SCHIPHOL (",10.52,CBF&CBL
DE000BLB7KJ6,"EUR 1,10 BAYERISCH.LANDES",8.30,CBF&CBL
DE000NWB0AH9,"EUR 0,00 NRW.BANK (REGS/7",1.51,CBF&CBL
BE6322616598,"EUR 1,165 WALLONE, REGION",13.16,CBF&CBL
XS2209023402,"EUR 0,75 TERNA RETE. SPA ",16.62,CBF&CBL
FR00140005R4,"EUR 0,70 SOCIETE GRAND (R",9.25,CBF&CBL
FR00140045Z3,"EUR 0,50 UNEDIC (REGS) 21",3.97,CBF&CBL
EU000A3K4C42,"EUR 0,40 EUROPEAN UNION (",2.27,CBF&CBL
DE000DJ9AH51,"EUR 2,80 DZ BANK AG - FFT",8.76,CBF&CBL
DE000A30V653,"EUR 2,50 LAND, BRANDENBUR",1.38,CBF&CBL
DE000A254ZE2,"EUR 2,75 EV. KREDITGEN. E",1.85,CBF&CBL
XS3219427179,"USD 3,00 DZ BK AG (REGS/A",7.68,CBF&CBL
DE000A4DE9K2,"EUR 3,60 LAND BERLIN 26-2",4.73,CBF&CBL
DE000DB9WKV3,"EUR 2,30 DEUTSCHE BANK AG",8.30,CBF&CBL
XS3508660944,"USD 0,00 AUSTRIA, REP.OF ",0.53,CBF&CBL
DE0003811527,"EUR 0,00 BUNDES DEUTSCH (",1.86,CBF&CBL
FR0013234630,"EUR 0,00 FRANCE (OAT STRI",2.72,CBF&CBL
DE000A2DAF28,"EUR 1,444 WIRTSCHAFTS-INF",4.05,CBF&CBL
DE000LB13BQ7,"EUR 2,13 LBK BADEN-WUERTT",23.67,CBF&CBL
FR0013421369,"EUR 1,125 CREDIT MUTU ARK",9.34,CBF&CBL
FR0013454444,"EUR 0,25 AUVERGNE- RHONE ",5.35,CBF&CBL
DE000LB2V759,"EUR FL.R LBK BADEN-WUERTT",18.64,CBF&CBL
XS2572989817,"EUR 3,50 TOYOTA MOTO.FIN.",5.00,CBF&CBL
BE0002922038,"EUR 3,25 WALLONE, REGION ",3.44,CBF&CBL
DE000DJ9AH44,"EUR 2,80 DZ BANK AG - FFT",7.50,CBF&CBL
FR001400TM31,"EUR 2,625 COMP.FINA.FONCI",1.07,CBF&CBL
DE000A4DFGX2,"EUR 3,00 MECKLENBURG-VORP",2.35,CBF&CBL
IT0005647265,"EUR 3,25 ITALY, REP.OF (B",2.57,CBF&CBL
DE000A460RE2,"EUR 3,00 SPARKASS.PFORZHE",15.05,CBF&CBL
DE000BU0E410,"EUR 0,00 BUNDES DEUTSCH 1",0.13,CBF&CBL
DE000LB63VX6,"EUR 3,00 LBK BADEN-WUERTT",12.56,CBF&CBL
FR0010773192,"EUR 4,50 FRANCE (REGS OAT",2.54,CBF&CBL
AT0000A0YEG9,"EUR 3,00 BTV VIER LAENDE ",2.10,CBF&CBL
BE6298212026,"EUR 1,60 COMMUNAUT FRANCA",10.27,CBF&CBL
BE6303737959,"EUR 1,874 VLAAMS GEMEENSC",11.69,CBF&CBL
FR0013465010,"EUR 0,05 CREDIT AGR HOME ",1.13,CBF&CBL
ES0413900657,"USD FL.R BANCO SANTANDER ",0.35,CBF&CBL
FR0013516101,"EUR 0,25 BPIFRANCE (REGS)",2.49,CBF&CBL
DE000A289PG4,"EUR 0,01 DZ HYP AG 20-202",0.81,CBF&CBL
ES00001010K8,"EUR 3,596 COMUN.DE MADRID",2.65,CBF&CBL
DE000DW6C9Q1,"EUR 0,00 DZ BANK AG - FFT",46.72,CBF&CBL
DE000BU4Z078,"EUR 0,00 BUNDES DEUTSCH 2",2.87,CBF&CBL
DE000A3825Q0,"EUR 2,50 DZ HYP AG 25-202",1.02,CBF&CBL
AT0000A34GU9,"EUR 3,375 BNK FUER TIROL.",0.40,CBF&CBL
DE000DJ9AJR1,"EUR 3,00 DZ BANK AG - FFT",28.19,CBF&CBL
DE000DJ9AKR9,"EUR 3,00 DZ BANK AG - FFT",7.50,CBF&CBL
FR001400TR10,"EUR 3,416 SOC. NAT. SNCF ",5.98,CBF&CBL
XS1521761475,"EUR 1,23 DNB BOLIGKREDIT ",4.06,CBF&CBL
EU000A19LSZ0,"EUR 1,25 EUROPEAN UNION (",1.26,CBF&CBL
DE000A2YPFW5,"EUR 0,375 THUERINGEN, FRE",2.77,CBF&CBL
XS2150006307,"EUR 1,85 JNDR.CASH MGMT (",5.00,CBF&CBL
DE000HV2AY61,"EUR 2,55 UNICREDIT BANK (",7.50,CBF&CBL
DE000DK01164,"EUR 3,70 DEKABANK 24-2033",19.16,CBF&CBL
DE000LB5GFR2,"EUR 2,50 LBK BADEN-WUERTT",7.50,CBF&CBL
DE000DJ9AUN7,"EUR 3,055 DZ BANK AG - FF",16.33,CBF&CBL
DE000LB6K613,"EUR 3,30 LBK BADEN-WUERTT",29.25,CBF&CBL
IT0005707614,"EUR 3,15 ITALY, REP.OF (B",2.25,CBF&CBL
DE000DP9BK86,"EUR FL.R DZ BANK AG - FFT",15.58,CBF&CBL
XS0197336968,"GBP 5,25 ITALY, REP.OF 04",8.55,CBF&CBL
FR0010172585,"EUR 0,00 FRANCE (OAT STRI",5.46,CBF&CBL
XS0818793209,"EUR 4,50 CEZ AS (23) 12-2",27.81,CBF&CBL
XS1054250748,"EUR 3,00 POHJOLA BANK PLC",21.15,CBF&CBL
XS1374861489,"EUR 1,50 NORDEA BK ABP (R",7.50,CBF&CBL
DE000NRW0K94,"EUR 1,50 NORDRHEIN-WESTFA",2.96,CBF&CBL
DE000HLB78A1,"EUR 2,55 LANDESBANK HESS-",7.50,CBF&CBL
DE000BLB9XY4,"EUR 3,10 BAYERISCH.LANDES",9.50,CBF&CBL
DE000LB39DQ8,"EUR 3,00 LBK BADEN-WUERTT",1.51,CBF&CBL
IT0005594467,"EUR FL.R ITALY, REP.OF (B",2.58,CBF&CBL
FR001400T1N3,"EUR 3,044 LA BANQUE POSTA",3.23,CBF&CBL
DE000NLB48Z9,"EUR 2,22 NORD/LB GZ 25-20",8.32,CBF&CBL
DE000HEL0SR8,"EUR 2,35 LANDESBANK HESS-",8.36,CBF&CBL
SK4000030201,"EUR 3,375 VSEOB. UVEROVA ",2.03,CBF&CBL
DE000A0SLEG6,"EUR 4,47 RHEINLAND-PFALZ ",0.79,CBF&CBL
XS0603195370,"EUR 5,60 ENEL FINANCE INT",12.25,CBF&CBL
XS0963673172,"EUR 2,53 KOMMUNEKREDIT (R",7.50,CBF&CBL
FR0012993103,"EUR 1,50 FRANCE (REGS OAT",1.09,CBF&CBL
IE00BFZRPZ02,"EUR 1,30 IRELAND, REP OF ",3.62,CBF&CBL
XS2037749749,"EUR FL.R HYPO VORARLBERG ",9.13,CBF&CBL
XS2058888616,"EUR 1,75 EXOR NV (REGS) 1",18.57,CBF&CBL
XS2128499105,"EUR 2,375 SIGNIFY N.V. (R",5.00,CBF&CBL
XS2461827102,"EUR 1,30 COOP RABOBK UA (",3.88,CBF&CBL
FR01CASA0050,"EUR 3,50 CREDIT AGRICOLE ",13.74,CBF&CBL
FR001400ELR2,"EUR FL.R REG CENTRE-VAL (",1.95,CBF&CBL
DE000A30VG92,"EUR 3,00 DEUTSCHE BANK AG",0.40,CBF&CBL
DE000DP9BEK7,"EUR 0,00 DZ BANK AG - FFT",24.11,CBF&CBL
XS3299556996,"EUR FL.R KBC IFIMA SA (LU",7.50,CBF&CBL
DE000LB4XE78,"EUR FL.R LBK BADEN-WUERTT",15.20,CBF&CBL
DE000BU0E402,"EUR 0,00 BUNDES DEUTSCH 1",0.11,CBF&CBL
IT0005704447,"EUR 0,00 ITALY, REP.OF 26",0.28,CBF&CBL
XS3349981426,"EUR 3,25 TOYOTA MOTO.FIN.",9.07,CBF&CBL
DE000NLB53X4,"EUR 2,60 NORD/LB GZ 26-20",7.50,CBF&CBL
IT0004848641,"EUR 0,00 ITALY, REP.OF (B",4.30,CBF&CBL
FR0013046844,"EUR 1,47 CREDIT MUTU ARKE",2.44,CBF&CBL
FR0013238268,"EUR 0,10 FRANCE (REGS OAT",0.80,CBF&CBL
XS1734689620,"EUR 1,00 OMV AG (REGS/9) ",5.00,CBF&CBL
AT000B049788,"EUR 0,25 UNICREDIT BK AT ",0.36,CBF&CBL
FR0013519568,"EUR 0,01 CAISSE FCSE DE (",1.33,CBF&CBL
DE000AAR0280,"EUR 0,01 AAREAL BK AG. (R",0.47,CBF&CBL
FR0014003OC5,"EUR 0,40 STIF (REGS) 21-2",2.13,CBF&CBL
DE000NRW0NJ0,"EUR 4,125 NORDRHEIN-WESTF",1.38,CBF&CBL
DE000SLB4360,"EUR 3,00 LANDESBK SAAR 24",2.13,CBF&CBL
XS2786381207,"EUR 3,00 SANTANDER UK PL ",0.85,CBF&CBL
DE000NLB42S7,"EUR 3,00 NORD/LB GZ 24-20",7.50,CBF&CBL
BE0390122852,"EUR 3,50 VLAAMS GEMEENSCH",4.58,CBF&CBL
DE000A352E22,"EUR 2,75 HAMBURGISCHE INV",22.26,CBF&CBL
DE000NWB2V36,"EUR FL.R NRW.BANK (REGS/1",1.11,CBF&CBL
DE000AAR0496,"EUR 3,25 AAREAL BK AG. (R",1.69,CBF&CBL
DE000A5H3DH5,"EUR FL.R LAND BERLIN 26-2",0.74,CBF&CBL
DE000BU0E428,"EUR 0,00 BUNDES DEUTSCH 1",0.15,CBF&CBL
DE000BLB9X84,"EUR 2,90 BAYERISCH.LANDES",9.81,CBF&CBL
FR00140142A1,"EUR 3,322 SOCIETE GEN.SFH",2.57,CBF&CBL
XS3515045873,"EUR 0,00 EUROP.INVEST.BK ",0.06,CBF&CBL
XS0253618903,"EUR FL.R RABOBK NED. 06-2",8.94,CBF&CBL
EU000A18VJA3,"EUR 1,125 EUROPEAN UNION ",0.54,CBF&CBL
XS1492138729,"EUR 1,15 PROV OF ALBERTA ",6.53,CBF&CBL
FR0013420429,"EUR 1,20 PARIS, VILLE DE ",7.47,CBF&CBL
DE000SLB8312,"EUR 0,615 LANDESBK SAAR 1",13.56,CBF&CBL
XS2093637556,"EUR 0,25 ABN AMRO BK NV (",1.98,CBF&CBL
DE000LB57NA3,"EUR 2,80 LBK BADEN-WUERTT",18.34,CBF&CBL
XS3175969875,"EUR 2,625 AKTIA BANK PLC ",1.50,CBF&CBL
DE000DJ9A0C6,"EUR 2,13 DZ BANK AG - FFT",7.50,CBF&CBL
DE000LB619P0,"EUR 2,85 LBK BADEN-WUERTT",15.13,CBF&CBL
FR0000578569,"EUR 0,00 FRANCE (OAT STRI",0.53,CBF&CBL
XS1071747023,"EUR 2,25 OEBB INFRASTRUKT",1.06,CBF&CBL
FR0013154101,"EUR 0,00 FRANCE (OAT STRI",5.23,CBF&CBL
FR0013405149,"EUR 1,833 AFD 19-2052",10.96,CBF&CBL
ES0413679442,"EUR FL.R BANKINTER (REGS)",0.38,CBF&CBL
FR0014000790,"EUR 0,482 DEPART DES BOUC",11.09,CBF&CBL
ES0000106700,"EUR 1,375 BASQUE COUNTRY ",9.53,CBF&CBL
DE000A162BC2,"EUR 0,01 LANDESBK BERLIN ",1.71,CBF&CBL
DE000BLB9XU2,"EUR 3,19 BAYERISCH.LANDES",7.50,CBF&CBL
FR001400XC78,"EUR 2,625 CREDIT AGR HOME",1.50,CBF&CBL
FR0014014288,"EUR 3,331 SOCIETE GEN.SFH",2.60,CBF&CBL
DE000A4DE9P1,"EUR 3,00 LAND BERLIN (REG",2.19,CBF&CBL
FR0014019HY9,"EUR 3,00 CADES (REGS) 26-",1.83,CBF&CBL
XS0502260424,"EUR 4,0755 BNG BANK N.V. ",0.60,CBF&CBL
FR0011495035,"EUR 3,30 ALPES COTE D AZU",7.89,CBF&CBL
XS1289209436,"EUR 2,60 ORANGE (REGS/137",11.54,CBF&CBL
FR0013310919,"EUR 1,93 CAISSE DES DEPOT",9.96,CBF&CBL
FR0013413226,"EUR 1,2285 BPCE SFH 19-20",6.12,CBF&CBL
DE000A3H25Q2,"EUR 1,30 DEUTSCHE WOHNEN ",32.92,CBF&CBL
ES0413860786,"EUR FL.R BCO.DE SABADELL ",0.35,CBF&CBL
FR001400JM25,"EUR 3,464 CREDIT AGRICOLE",0.43,CBF&CBL
XS2806601675,"EUR 2,88 BNG BANK N.V. (R",0.39,CBF&CBL
AT0000A3ETY6,"EUR 3,00 ERSTE GR.BK AG 2",23.23,CBF&CBL
XS3280434831,"USD FL.R NORDIC INVEST.BK",0.60,CBF&CBL
BE0312822944,"EUR 0,00 BELGIUM, KINGDOM",0.69,CBF&CBL
FR0010809780,"EUR 0,00 FRANCE (OAT STRI",3.31,CBF&CBL
FR0010810168,"EUR 0,00 FRANCE (OAT STRI",0.12,CBF&CBL
IT0004976681,"EUR 0,00 ITALY, REP.OF (B",4.26,CBF&CBL
XS1769090991,"EUR 1,125 UNILEVER FIN BV",5.00,CBF&CBL
XS1836401783,"EUR 1,503 SR-BOLIGKREDITT",3.64,CBF&CBL
ES00001010B7,"EUR 0,42 COMUN.DE MADRID ",2.18,CBF&CBL
FR001400FTH3,"EUR 3,00 FRANCE (OAT) 23-",3.81,CBF&CBL
IT0005611048,"EUR 2,875 BPER BANCA S.P.",1.02,CBF&CBL
DE000A161R93,"EUR 3,625 BAYERISCHE LAND",2.80,CBF&CBL
FR0011475193,"EUR FL.R PARIS, VILLE DE ",2.46,CBF&CBL
DE000A13SR38,"EUR 0,875 DZ HYP AG (REGS",1.17,CBF&CBL
DE000MHB4388,"EUR FL.R MUENCHENER HYPOB",0.58,CBF&CBL
DE000NLB4RP1,"EUR 4,00 NORD/LB GZ 23-20",8.62,CBF&CBL
FR001400N6I8,"EUR 3,75 BQUE FED.CRED.MU",21.40,CBF&CBL
BE0312823959,"EUR 0,00 BELGIUM, KINGDOM",0.69,CBF&CBL
DE000DP9BGQ9,"EUR 2,00 DZ BANK AG - FFT",7.50,CBF&CBL
DE000HEL4BT2,"EUR FL.R LANDESBANK HESS-",18.84,CBF&CBL
DE000LB67YK8,"EUR 2,75 LBK BADEN-WUERTT",7.50,CBF&CBL
FR0010483248,"EUR 0,00 FRANCE (OAT STRI",1.91,CBF&CBL
DE000MHB9171,"EUR 2,50 MUENCHENER HYPOB",0.73,CBF&CBL
BE6304935321,"EUR 1,13 COMMUNAUT FRANCA",1.23,CBF&CBL
AT0000A2GFG9,"EUR 0,81 ERSTE GR.BK AG 2",9.13,CBF&CBL
XS2388941077,"EUR 0,375 ACCIONA ENERGIA",5.00,CBF&CBL
FR001400DXH0,"EUR 3,125 COMP.FINA.FONCI",0.36,CBF&CBL
DE000NLB4VL2,"EUR 3,85 NORD/LB GZ 23-20",10.04,CBF&CBL
FR001400N5E9,"GBP 4,875 BPCE (REGS) 24-",13.38,CBF&CBL
XS3091296528,"EUR 3,50 INTL.DEVEL..ASSO",4.35,CBF&CBL
DE000DJ9A073,"EUR 1,80 DZ BANK AG - FFT",7.93,CBF&CBL
XS3302781029,"EUR FL.R EBRD 26-2029",0.37,CBF&CBL
DE000A4ESRT8,"EUR FL.R TRATON FIN LUX (",5.00,CBF&CBL
IT0004976582,"EUR 0,00 ITALY, REP.OF (B",2.67,CBF&CBL
XS1082162048,"EUR 2,441 KOMMUNEKREDIT (",25.08,CBF&CBL
FR0013319399,"EUR 1,6675 CAISSE FCSE DE",4.70,CBF&CBL
BE0002590686,"EUR 1,52 KBC BANK NV (REG",3.56,CBF&CBL
FR0013383858,"EUR 1,815 CAISSE DES DEPO",10.34,CBF&CBL
XS2079126467,"EUR 0,05 DEUT.APOTHEKER (",1.11,CBF&CBL
XS2201935199,"EUR 0,10 AUSTRIA, REP.OF ",6.53,CBF&CBL
DE000A289PH2,"EUR 0,01 DZ HYP AG (REGS)",0.74,CBF&CBL
FR0014000YE6,"EUR 0,467 DEPART DES BOUC",10.70,CBF&CBL
DE000A2GS4J8,"EUR 0,50 SAECHS.AUFBAUBK ",7.50,CBF&CBL
XS2449929194,"EUR 0,50 DEKABANK (REGS) ",0.40,CBF&CBL
DE000AAR0348,"EUR 2,25 AAREAL BK AG. (R",0.36,CBF&CBL
IT0005518128,"EUR 4,40 ITALY, REP.OF (B",2.66,CBF&CBL
FR001400ZBF3,"EUR 3,50 BQUE FED.CRED.MU",24.15,CBF&CBL
XS3085147810,"USD 4,625 BNG BANK N.V. (",2.69,CBF&CBL
DE000LFA2519,"EUR 2,875 LFA FRDRBK.BAYE",2.20,CBF&CBL
AT0000A3NY15,"EUR 2,80 AUSTRIA, REP.OF ",2.81,CBF&CBL
DE0001143303,"EUR 0,00 BRD (STRIP CPN) ",0.17,CBF&CBL
SK4120008608,"EUR 4,70 VSEOB. UVEROVA B",0.47,CBF&CBL
AT0000A11772,"EUR FL.R NIEDEROESTERREIC",0.54,CBF&CBL
XS1242438742,"EUR 1,351 NATIONWIDE BS (",2.63,CBF&CBL
BE0008535966,"EUR 0,00 BELGIUM, KINGDOM",13.04,CBF&CBL
XS1527389438,"EUR 1,252 SR-BOLIGKREDITT",4.58,CBF&CBL
XS1694774347,"EUR 1,448 DNB BOLIGKREDIT",2.41,CBF&CBL
FR0013310240,"EUR 0,75 SOCIETE GENERALE",0.46,CBF&CBL
FR0013343340,"EUR 1,125 AGENCE FRANCE L",1.23,CBF&CBL
XS1890083170,"EUR 1,60 NATIONWIDE BS (R",3.68,CBF&CBL
AT000B049721,"EUR 0,40 UNICREDIT BK AT ",2.41,CBF&CBL
BE0002830116,"EUR 0,75 PROXIMUS (REGS) ",26.42,CBF&CBL
DE000RLP1353,"EUR 0,75 RHEINLAND-PFALZ ",1.64,CBF&CBL
SK4000022539,"EUR 3,75 SLOVAK, REP. (RE",5.80,CBF&CBL
ES00001010M4,"EUR 3,462 COMUN.DE MADRID",3.00,CBF&CBL
IT0005586877,"EUR FL.R INTESA SANPAOLO ",0.43,CBF&CBL
DE000DJ9APC0,"EUR 2,55 DZ BANK AG - FFT",17.94,CBF&CBL
XS2979756686,"EUR FL.R AKTIA BANK PLC (",7.50,CBF&CBL
DE000DJ9AX02,"EUR 2,15 DZ BANK AG - FFT",12.91,CBF&CBL
DE000CZ46CJ8,"EUR 2,70 COMMERZBK AG 26-",9.10,CBF&CBL
IT0005710485,"EUR 3,323 UNICREDIT SPA (",1.69,CBF&CBL
FR0014019MR3,"EUR 3,25 COMP.FINA.FONCIE",2.23,CBF&CBL
BE0002465400,"EUR 3,375 BRUSSELS, REG. ",8.15,CBF&CBL
ES0413307085,"EUR FL.R BANKIA S.A. 14-2",0.35,CBF&CBL
XS1588061777,"EUR 1,875 SNCF RESEAU (RE",4.71,CBF&CBL
DE000NLB0RF0,"EUR 1,30 NORD/LB GZ (REGS",7.50,CBF&CBL
DE000HLB4V21,"EUR 0,99 LANDESBANK HESS-",7.50,CBF&CBL
DE000DW6C6G8,"EUR FL.R DZ BANK AG - FFT",7.50,CBF&CBL
DE000HLB5287,"EUR 3,15 LANDESBANK HESS-",7.65,CBF&CBL
DE000DJ9AFY5,"EUR 3,66 DZ BANK AG - FFT",21.45,CBF&CBL
XS2985139356,"GBP 5,00 BMW INTL INV BV ",5.00,CBF&CBL
XS3219429621,"EUR 2,125 NEDERLAND.WATER",0.81,CBF&CBL
BE0312819916,"EUR 0,00 BELGIUM, KINGDOM",0.69,CBF&CBL
XS0437306904,"GBP 6,125 E.ON INTL.FIN. ",24.37,CBF&CBL
BE0008546104,"EUR 0,00 BELGIUM, KINGDOM",18.38,CBF&CBL
XS1617512865,"EUR 1,058 OP CORPOR BK PL",7.50,CBF&CBL
FR0013332996,"EUR 1,875 UNIBAIL-ROD WES",12.53,CBF&CBL
ES0000012E36,"EUR 0,00 SPAIN, KINGDOM O",11.30,CBF&CBL
XS2022084367,"EUR 1,625 CNH IND FIN EU ",8.37,CBF&CBL
ES0001352618,"EUR 0,268 GALICIA, XUNTA ",0.88,CBF&CBL
DE000A30V8E3,"EUR 2,815 NIEDERSACHSEN L",0.38,CBF&CBL
FR001400GDF9,"EUR 4,125 CREDIT AGRICOLE",11.54,CBF&CBL
FR001400M1S9,"EUR 3,50 CAISSE FCSE DE (",0.86,CBF&CBL
AT0000A3C6F5,"EUR 3,00 HYPO NOE LANDES ",1.74,CBF&CBL
DE000NLB5BV0,"EUR FL.R NORD/LB GZ 25-20",0.65,CBF&CBL
DE000HEL0HJ8,"EUR 2,00 LANDESBANK HESS-",7.50,CBF&CBL
DE000HV2A0N6,"EUR 3,00 UNICREDIT BANK 2",2.21,CBF&CBL
DE000LB59MJ2,"USD 3,50 LBK BADEN-WUERTT",7.50,CBF&CBL
IT0005668220,"EUR 3,25 ITALY, REP.OF 25",2.66,CBF&CBL
DE000LB6GLR8,"EUR 2,70 LBK BADEN-WUERTT",16.61,CBF&CBL
AT0000A3SW20,"EUR 2,178 HYPO VORARLBERG",0.57,CBF&CBL
IT0005024234,"EUR 3,50 ITALY, REP.OF (R",1.77,CBF&CBL
XS1081100239,"EUR 2,25 NATIONWIDE BS (R",0.96,CBF&CBL
BE0002643246,"EUR 1,528 BRUSSELS, REG. ",10.84,CBF&CBL
NL0013552060,"EUR 0,50 DUTCH STATE 19-2",4.22,CBF&CBL
FR0014003067,"EUR 0,00 REG. ILE DE FRAN",0.74,CBF&CBL
FR0014005H24,"EUR 0,01 MMB SCF (REGS) 2",1.60,CBF&CBL
ES00001010F8,"EUR 1,442 COMUN.DE MADRID",11.31,CBF&CBL
DE000HV2AYV7,"EUR 0,70 UNICREDIT BANK 2",0.36,CBF&CBL
FR001400HZD5,"EUR 3,125 COMP.FINA.FONCI",0.91,CBF&CBL
DE000NLB4332,"EUR 3,10 NORD/LB GZ 24-20",9.58,CBF&CBL
DE000A4PU1Q2,"EUR FL.R KFW 25-2033",1.00,CBF&CBL
DE000A3MQTD7,"EUR FL.R HAMBURG HANSESTA",0.58,CBF&CBL
DE000NLB51G3,"EUR 2,00 NORD/LB GZ 26-20",7.50,CBF&CBL
XS3277636877,"GBP 4,00 LANDWIRT.RENTENB",2.04,CBF&CBL
FR0013458619,"EUR 1,89 CARMILA SAS (REG",14.42,CBF&CBL
FR0014001434,"EUR 0,373 PARIS, VILLE DE",10.89,CBF&CBL
DE000A3MQUZ8,"EUR 3,00 DZ HYP AG (REGS)",1.84,CBF&CBL
DE000BHY0GT7,"EUR 2,875 LBK BADEN-WUERT",1.25,CBF&CBL
DE000NLB4V37,"EUR 3,25 NORD/LB GZ 23-20",7.50,CBF&CBL
DE000DW6DA28,"EUR 3,20 DZ BANK AG - FFT",7.64,CBF&CBL
BE0002974559,"EUR 3,75 BNP PARIBAS FORT",0.73,CBF&CBL
DE000LB39DV8,"EUR 3,66 LBK BADEN-WUERTT",20.93,CBF&CBL
XS2824758044,"EUR 3,00 AKTIA BANK PLC (",1.18,CBF&CBL
IT0005651382,"EUR 2,75 BANCA POP SONDRI",1.30,CBF&CBL
XS3237567758,"USD 3,875 DZ BK AG (REGS/",13.57,CBF&CBL
AT0000383864,"EUR 6,25 AUSTRIA, REPUBLI",0.54,CBF&CBL
ES0001350125,"EUR 3,875 JC.CASTILLA-MAN",8.56,CBF&CBL
ES0413900376,"EUR 2,00 BANCO SANTANDER ",2.42,CBF&CBL
IT0005248221,"EUR 0,00 ITALY, REP.OF (B",12.06,CBF&CBL
XS1998930926,"EUR 0,25 IBRD-WORLD BANK ",0.65,CBF&CBL
FR001400FAR2,"GBP 4,875 CREDIT AGRICOLE",10.52,CBF&CBL
FR001400JM41,"EUR 3,43 CREDIT AGRICOLE ",0.60,CBF&CBL
DE000LB5WXP6,"EUR 2,40 LBK BADEN-WUERTT",7.50,CBF&CBL
DE000HEL0XQ0,"EUR FL.R LANDESBANK HESS-",14.61,CBF&CBL
ES0000095606,"EUR 5,325 CATALUNYA, GENE",2.25,CBF&CBL
FR0012953941,"EUR 2,02 LA BANQUE POSTAL",5.47,CBF&CBL
FR0013153814,"EUR 1,512 PARIS, VILLE DE",6.76,CBF&CBL
XS1472605630,"EUR 0,805 DANSKE BANK AS ",3.23,CBF&CBL
DE000A2GSCX1,"EUR 2,125 MERCEDES-BENZ G",22.75,CBF&CBL
BE6312075912,"EUR 1,00 WALLONE, REGION ",1.93,CBF&CBL
BE0001789438,"EUR 0,82 COMMUNAUT FRANCA",3.17,CBF&CBL
BE6326202569,"EUR 0,10 BELFIUS BANK SA/",8.22,CBF&CBL
DE000CZ439Q4,"EUR 2,50 COMMERZBK AG (RE",7.50,CBF&CBL
DE000A30VRU0,"EUR 2,625 LANDESBK BERLIN",1.28,CBF&CBL
DE000LB56EB2,"EUR 3,05 LBK BADEN-WUERTT",22.60,CBF&CBL
ES0413679608,"EUR FL.R BANKINTER (REGS)",0.92,CBF&CBL
XS3241238149,"EUR 3,91 AUSTRIA, REP.OF ",3.71,CBF&CBL
DE000DP9BGU1,"EUR 2,00 DZ BANK AG - FFT",14.88,CBF&CBL
XS1056583385,"EUR 3,55 SANDVIK AB(PUBL.",7.63,CBF&CBL
XS1508377584,"EUR 0,875 BNG BANK N.V. (",3.24,CBF&CBL
DE000A2E4EE4,"EUR 0,625 LAND BERLIN (RE",0.93,CBF&CBL
FR0014004KP3,"EUR 0,01 CREDIT MUTUEL H ",0.64,CBF&CBL
XS2461741212,"EUR 0,864 TOR-DOMINION BK",0.40,CBF&CBL
DE000DW6C714,"EUR 3,75 DZ BANK AG - FFT",15.60,CBF&CBL
DE000LFA2337,"EUR 2,875 LFA FRDRBK.BAYE",2.71,CBF&CBL
DE000BYL0FD7,"EUR 2,50 BAYERISCH.LANDES",13.77,CBF&CBL
FR0014013O90,"EUR 3,00 CAISSE FCSE DE (",1.96,CBF&CBL
DE000DJ9A1R2,"EUR 2,215 DZ BANK AG - FF",7.50,CBF&CBL
AT0000A382J5,"EUR 3,90 ERSTE GR.BK AG (",7.50,CBF&CBL
DE000CZ46CU5,"EUR FL.R COMMERZBK AG 26-",3.26,CBF&CBL
DE000HEL00P7,"EUR 3,89 LANDESBANK HESS-",31.01,CBF&CBL
XS1674813537,"EUR 1,55 DNB BOLIGKREDIT ",4.64,CBF&CBL
XS1874729897,"EUR 1,34 ABN AMRO BK NV 1",2.13,CBF&CBL
DE000SLB8320,"EUR 0,68 LANDESBK SAAR 19",16.73,CBF&CBL
DE000LFA1826,"EUR 0,25 LFA FRDRBK.BAYER",1.24,CBF&CBL
XS2154347707,"EUR 2,00 OMV AG (REGS/16)",5.00,CBF&CBL
FR0014008MH7,"EUR 1,10 CREDIT AGRICOLE ",7.50,CBF&CBL
BE0002889716,"EUR 3,25 VLAAMS GEMEENSCH",4.22,CBF&CBL
AT0000A37LE6,"EUR 3,934 BSPK WUESTENROT",4.21,CBF&CBL
XS2816013937,"EUR 2,875 KFW (REGS) 24-2",1.84,CBF&CBL
DE000HEL0BZ7,"EUR 2,25 LANDESBANK HESS-",7.50,CBF&CBL
DE000A3H25U4,"EUR FL.R BADEN-WUERTTEMBE",0.51,CBF&CBL
IT0005593782,"EUR FL.R BCA NAZ.LAVORO (",0.58,CBF&CBL
XS1637740462,"USD 0,00 NED.FIN.MAATSCH.",0.38,CBF&CBL
FR0014001TO3,"EUR FL.R REGION HAUTS 21-",2.42,CBF&CBL
XS2332234413,"EUR 0,125 SGS FINANCE BV ",5.00,CBF&CBL
DE000NLB3XT3,"EUR FL.R NORD/LB GZ 22-20",7.50,CBF&CBL
XS2782184902,"EUR 2,875 BAYERISCH.LANDE",0.74,CBF&CBL
DE000BU27014,"EUR 2,50 BUNDES DEUTSCH 2",1.24,CBF&CBL
DE000NLB5FH0,"EUR 2,25 NORD/LB GZ 25-20",10.24,CBF&CBL
IT0005710501,"EUR 3,375 UNICREDIT SPA (",1.88,CBF&CBL
DE000HEL0XG1,"EUR 3,10 LANDESBANK HESS-",15.45,CBF&CBL
FR0014001ZY9,"EUR 0,10 UNEDIC (REGS) 21",3.23,CBF&CBL
DE000A3H3JU7,"EUR 0,875 LEG IMMOBILIEN ",18.24,CBF&CBL
BE6333160305,"EUR 1,065 BRUSSELS, REG. ",10.92,CBF&CBL
FR001400A472,"EUR 1,835 AGENCE FRANCE L",7.53,CBF&CBL
DE000DW6DA10,"EUR 4,15 DZ BANK AG - FFT",29.48,CBF&CBL
FI4000566294,"EUR 2,95 FINLAND REP.OF 2",8.41,CBF&CBL
DE000LB5WXW2,"EUR 2,69 LBK BADEN-WUERTT",12.44,CBF&CBL
DE000LB5Y7P9,"EUR 2,75 LBK BADEN-WUERTT",18.22,CBF&CBL
DE000HEL0S81,"EUR 2,05 LANDESBANK HESS-",7.50,CBF&CBL
DE000HV2A128,"EUR 3,37 UNICREDIT BANK (",2.70,CBF&CBL
AT0000A3X0F3,"EUR FL.R HYPO VORARLBERG ",2.01,CBF&CBL
DE0003271474,"EUR 0,00 LANDESBK NORDRHE",2.42,CBF&CBL
XS0497367465,"GBP 4,83 RESEAU FERRE FR ",6.12,CBF&CBL
SK4120008178,"EUR 5,50 CESKOSLOVENSKA O",3.08,CBF&CBL
FR0011461466,"EUR 0,00 FRANCE (OAT STRI",0.67,CBF&CBL
DE000NLB8FM4,"EUR FL.R NORD/LB GZ 15-20",10.63,CBF&CBL
DE0003811493,"EUR 0,00 BUNDES DEUTSCH (",1.27,CBF&CBL
XS1709374497,"EUR 1,608 ITALGAS S.P.A. ",5.00,CBF&CBL
DE000DDA0LT7,"EUR FL.R DZ BANK AG - FFT",7.50,CBF&CBL
BE0002606847,"EUR 1,50 BRUSSELS, REG. O",6.90,CBF&CBL
XS1938387237,"EUR 0,625 EUROP.INVEST.BK",0.56,CBF&CBL
XS1964577396,"EUR 0,50 NIBC BANK NV. (R",0.36,CBF&CBL
AT0000A2CW60,"EUR 0,254 EB UND HYPO 20-",2.37,CBF&CBL
XS2264087110,"EUR 0,01 COOP RABOBK UA (",4.26,CBF&CBL
DE000AAR0314,"EUR 0,125 AAREAL BK AG. (",1.19,CBF&CBL
DE000NLB34D6,"EUR 3,45 NORD/LB GZ 23-20",18.34,CBF&CBL
DE000LB4A8X0,"EUR 2,75 LBK BADEN-WUERTT",7.50,CBF&CBL
FR001400D5T9,"EUR 2,75 CRH (REGS) 22-20",0.54,CBF&CBL
XS2698773913,"EUR 4,125 BMW FIN.NV (REG",15.61,CBF&CBL
DE000NLB4ZG3,"EUR FL.R NORD/LB GZ 24-20",7.71,CBF&CBL
DE000A3513L3,"EUR 2,625 NIEDERSACHSEN L",1.59,CBF&CBL
DE000NRW0PR8,"EUR 2,50 NORDRHEIN-WESTFA",1.18,CBF&CBL
DE000CZ45ZH5,"EUR FL.R COMMERZBK AG (RE",0.82,CBF&CBL
XS0096299390,"GBP 0,00 RESEAU FERRE DE ",7.65,CBF&CBL
FR0010809442,"EUR 0,00 FRANCE (OAT STRI",1.36,CBF&CBL
FR0011654003,"EUR 3,80 MARSEILLE, VILLE",1.54,CBF&CBL
DE000BLB2SG6,"EUR FL.R BAYERISCH.LANDES",8.02,CBF&CBL
FR0013046612,"EUR 2,00 DEPARTEM VAL OIS",5.55,CBF&CBL
BE0008537012,"EUR 0,00 BELGIUM, KINGDOM",14.15,CBF&CBL
XS1559515835,"EUR 1,98 HYPO VORARLBERG ",17.25,CBF&CBL
IT0005248148,"EUR 0,00 ITALY, REP.OF (B",10.88,CBF&CBL
XS1874127902,"EUR 1,375 SIEMENS FIN.NL ",9.20,CBF&CBL
ES0468675030,"EUR 0,25 LIBERBANK SA (RE",1.06,CBF&CBL
IT0004534506,"EUR 0,00 ITALY, REP.OF (B",4.14,CBF&CBL
XS2289797248,"EUR 0,905 NORTEGAS ENERGI",12.78,CBF&CBL
DE000RLP1262,"EUR 0,01 RHEINLAND-PFALZ ",0.48,CBF&CBL
IT0005466013,"EUR 0,95 ITALY, REP.OF (B",2.66,CBF&CBL
DE000A3MQP00,"EUR 3,50 LAND SACHSEN ANH",1.93,CBF&CBL
DE000BLB9TY2,"EUR 4,05 BAYERISCH.LANDES",7.50,CBF&CBL
DE000A3H3GM0,"EUR FL.R SAARLAND 23-2029",0.41,CBF&CBL
DE000NLB5BE6,"EUR 2,60 NORD/LB GZ 25-20",14.92,CBF&CBL
DE000LB51ZV6,"EUR 2,25 LBK BADEN-WUERTT",8.95,CBF&CBL
DE000A352AP3,"EUR FL.R LAND SACHSEN ANH",1.06,CBF&CBL
FR0014015EN7,"EUR FL.R BQUE FED.CRED.MU",7.50,CBF&CBL
XS3296428017,"EUR 2,875 DANSKE BANK AS ",2.16,CBF&CBL
DE000DP9BHR5,"EUR 2,50 DZ BANK AG - FFT",12.32,CBF&CBL
FR0010172205,"EUR 0,00 FRANCE (OAT PRIN",6.95,CBF&CBL
FR0010810176,"EUR 0,00 FRANCE (OAT STRI",0.25,CBF&CBL
XS1377459174,"EUR 1,612 COOPERATIEVE RA",17.66,CBF&CBL
FR0013520277,"EUR 3,00 CARMILA SAS (REG",8.23,CBF&CBL
DE000MHB62K2,"EUR 0,055 MUENCHENER HYPO",7.50,CBF&CBL
FR0014009YC1,"EUR 0,00 BPCE (REGS) 22-2",17.74,CBF&CBL
BE6357059672,"EUR 2,95 COMMUNAUT FRANCA",3.24,CBF&CBL
DE000LB6K5Y0,"EUR 3,00 LBK BADEN-WUERTT",21.90,CBF&CBL
XS3335806678,"EUR 3,25 ASN BANK N.V. (R",1.92,CBF&CBL
DE000LB67YT9,"EUR 3,35 LBK BADEN-WUERTT",24.91,CBF&CBL
XS1504194173,"EUR 0,875 HERA SPA (REGS/",5.00,CBF&CBL
FR0013254356,"EUR 1,52 BPCE SFH (REGS) ",3.32,CBF&CBL
FR0013260551,"EUR 1,625 APRR (REGS) 17-",13.05,CBF&CBL
ES0000012C04,"EUR 0,00 SPAIN, KINGDOM O",0.70,CBF&CBL
IT0005433690,"EUR 0,25 ITALY, REP.OF (R",0.74,CBF&CBL
XS2386650274,"EUR 0,875 ERG SPA (REGS/3",14.36,CBF&CBL
ES0000012D60,"EUR 0,00 SPAIN, KINGDOM O",9.56,CBF&CBL
NL0015000WP1,"EUR 1,875 NATIONALE NL BA",1.73,CBF&CBL
ES0413860828,"EUR FL.R BCO.DE SABADELL ",0.53,CBF&CBL
XS2588859376,"EUR 4,11 E.JP.RAIL CO. (R",26.92,CBF&CBL
AT000B093638,"EUR FL.R RAIFFEISEN-LAND ",0.35,CBF&CBL
AT0000A38JF5,"EUR 4,00 ERSTE GR.BK AG (",20.96,CBF&CBL
IT0005387193,"EUR 0,00 ITALY, REP.OF (B",1.55,CBF&CBL
DE000A3H25X8,"EUR 2,75 BADEN-WUERTTEMBE",3.73,CBF&CBL
DE000BYL0CV6,"EUR 2,75 BAYERISCH.LANDES",1.71,CBF&CBL
DE000NWB1WE8,"EUR 2,875 NRW.BANK 26-203",2.70,CBF&CBL
XS1503043694,"EUR 0,25 EUROP.INVEST.BK ",0.70,CBF&CBL
IT0004534332,"EUR 0,00 ITALY, REP.OF (B",0.48,CBF&CBL
DE000RLP1221,"EUR 0,10 RHEINLAND-PFALZ ",4.53,CBF&CBL
XS2375844144,"EUR 0,334 BECTON EUR FIN ",5.82,CBF&CBL
XS2386139732,"EUR 0,00 LANDWIRT.RENTENB",0.86,CBF&CBL
NL0015000RP1,"EUR 0,50 DUTCH STATE 22-2",2.01,CBF&CBL
FR001400NU45,"EUR 3,50 LA BANQUE POSTAL",12.40,CBF&CBL
IT0005611063,"EUR 3,00 MEDIOBANCA SPA (",1.73,CBF&CBL
DE000A351UN8,"EUR FL.R LAND, BRANDENBUR",1.16,CBF&CBL
DE000NLB5CB0,"EUR 2,00 NORD/LB GZ 25-20",7.50,CBF&CBL
DE000LB5ZJK9,"EUR 2,59 LBK BADEN-WUERTT",13.10,CBF&CBL
DE000HEL0TE4,"EUR 1,90 LANDESBANK HESS-",7.50,CBF&CBL
XS0213721458,"EUR 5,3525 KFW 05-2034",1.30,CBF&CBL
FR0010372086,"EUR 0,00 FRANCE (OAT STRI",2.78,CBF&CBL
XS1584894650,"EUR 1,375 POLAND, REP.OF ",0.89,CBF&CBL
XS1882681452,"EUR 1,50 VIER GAS TRANSPO",6.14,CBF&CBL
FR0013413184,"EUR 1,09 AUVERGNE- RHONE ",6.39,CBF&CBL
XS2045892838,"EUR 0,65 ASSA ABLOY AB 19",19.04,CBF&CBL
XS2153629493,"EUR 1,00 BRITISH COLUMBIA",11.38,CBF&CBL
FR0014009GQ8,"EUR 0,875 ARKEA PUBLIC (R",0.53,CBF&CBL
DE000DB9VDD8,"EUR 3,50 DEUTSCHE BANK AG",7.50,CBF&CBL
DE000LB38978,"EUR 3,397 LBK BADEN-WUERT",16.43,CBF&CBL
BE0002963446,"EUR 4,125 BELFIUS BANK SA",10.08,CBF&CBL
XS2689049059,"EUR 3,50 DEUTSCHE BAHN AG",5.00,CBF&CBL
FR001400NE03,"EUR 3,125 CAISSE FCSE DE ",2.09,CBF&CBL
FR0014012EW5,"EUR 2,824 CREDIT MUT ARK ",1.66,CBF&CBL
DE000LB66YL8,"EUR 3,20 LBK BADEN-WUERTT",22.84,CBF&CBL
DE000NLB27K5,"EUR 0,90 NORD/LB GZ 19-20",12.99,CBF&CBL
XS1904312318,"EUR 0,75 FINNVERA PLC (RE",5.00,CBF&CBL
XS1951927158,"EUR 0,625 OP MORTGAGE BK ",0.84,CBF&CBL
DE000LB3N5N3,"EUR 2,65 LBK BADEN-WUERTT",7.50,CBF&CBL
DE000BLB6JT9,"EUR 3,125 BAYERISCH.LANDE",0.37,CBF&CBL
AT0000A35P94,"EUR 4,333 RAIFFEISENVERBA",0.62,CBF&CBL
DE000A351YS9,"EUR 3,25 BAUSPARK. SCHWA ",2.25,CBF&CBL
DE000DJ9AB32,"EUR 3,40 DZ BANK AG - FFT",7.70,CBF&CBL
XS0814711775,"EUR 4,375 CEZ AS (REGS) 1",25.69,CBF&CBL
IT0004976673,"EUR 0,00 ITALY, REP.OF (B",4.14,CBF&CBL
IT0005248106,"EUR 0,00 ITALY, REP.OF (B",10.17,CBF&CBL
XS2198580271,"EUR 0,75 WOLTERS KLUWER N",9.81,CBF&CBL
FR001400L3W8,"EUR FL.R REG CENTRE-VAL (",0.96,CBF&CBL
DE000DB9VNQ9,"EUR 3,10 DEUTSCHE BANK AG",8.29,CBF&CBL
DE000HLB5501,"EUR 3,00 LANDESBANK HESS-",22.22,CBF&CBL
DE000LB6E6T6,"EUR 2,15 LBK BADEN-WUERTT",7.50,CBF&CBL
BE0008074230,"EUR 0,00 BELGIUM, KINGDOM",7.12,CBF&CBL
FR0013017415,"EUR 1,65 HOPITAUX PARIS 1",2.33,CBF&CBL
XS1638816089,"EUR 1,375 NATIONWIDE BS (",1.79,CBF&CBL
AT0000A228U7,"EUR 0,875 RAIF.LBK.OBEROS",0.63,CBF&CBL
XS1874062265,"EUR 1,485 COOP RABOBK UA ",4.43,CBF&CBL
DE000NRW0L85,"EUR 0,20 NORDRHEIN-WESTFA",0.40,CBF&CBL
FR0013522141,"EUR 1,50 AEROPORTS DE PAR",16.17,CBF&CBL
XS2613629372,"EUR 3,375 RAIF.LBK NIEDER",0.64,CBF&CBL
DE000BLB6J02,"EUR 3,50 BAYERISCH.LANDES",0.36,CBF&CBL
XS3248260849,"EUR 2,625 TOYOTA MOTO.FIN",5.83,CBF&CBL
DE000NLB5503,"EUR 3,00 NORD/LB GZ (REGS",0.93,CBF&CBL
XS0218274107,"EUR FL.R ITALY, REP.OF 05",8.00,CBF&CBL
BE0008073224,"EUR 0,00 BELGIUM, KINGDOM",6.52,CBF&CBL
FR0013219433,"EUR 1,346 BPCE (REGS) 16-",7.61,CBF&CBL
FR0013262409,"EUR 1,06 VILLE DE RENNES ",0.50,CBF&CBL
DE000DK0JSD9,"EUR FL.R DEKABANK 18-2028",7.50,CBF&CBL
XS1998868357,"EUR 0,35 LAND SACHSEN ANH",1.31,CBF&CBL
DE000NLB29J3,"EUR 0,325 NORD/LB GZ 20-2",7.50,CBF&CBL
DE000A1KRJV6,"EUR 0,01 ING DIBA AG (REG",0.72,CBF&CBL
DE000NWB0AQ0,"EUR 0,25 NRW.BANK (REGS) ",2.44,CBF&CBL
XS2461137189,"EUR 0,724 LANDESBANK HESS",0.71,CBF&CBL
DE000A3MQT06,"EUR 3,00 SAECHS.AUFBAUBK ",7.50,CBF&CBL
DE000NLB4V60,"EUR 3,35 NORD/LB GZ 23-20",7.50,CBF&CBL
DE000DB9VKA9,"EUR 3,55 DEUTSCHE BANK AG",7.50,CBF&CBL
DE000BLB9V94,"EUR 3,40 BAYERISCH.LANDES",20.63,CBF&CBL
IT0005387151,"EUR 0,00 ITALY, REP.OF (B",0.28,CBF&CBL
XS2812617111,"EUR 3,309 NATIONWIDE BS (",2.19,CBF&CBL
DE000RLP1577,"EUR 2,375 RHEINLAND-PFALZ",0.34,CBF&CBL
DE000HCB0CE4,"EUR FL.R HAMBURG COM BK (",7.50,CBF&CBL
XS3168205659,"EUR 2,625 UNICREDIT BK CZ",1.56,CBF&CBL
DE000A3H26A4,"EUR 3,00 BADEN-WUERTTEMBE",1.74,CBF&CBL
FR0014019PG9,"GBP 4,50 AFD (REGS) 26-20",2.28,CBF&CBL
ES0001352246,"EUR 4,025 XUNTA DE GALICI",5.23,CBF&CBL
IT0004976756,"EUR 0,00 ITALY, REP.OF (B",5.32,CBF&CBL
XS1828046570,"EUR 1,125 EUROP.INVEST.BK",1.29,CBF&CBL
DE000A162A75,"EUR 0,875 LANDESBK BERLIN",0.77,CBF&CBL
FR0013384005,"EUR 2,02 VINCI SA (REGS) ",18.60,CBF&CBL
IT0005377152,"EUR 3,10 ITALY, REP.OF 19",4.07,CBF&CBL
DE000DDA0Y87,"EUR 1,00 DZ BANK AG - FFT",12.40,CBF&CBL
DE000LFA1909,"EUR 0,125 LFA FRDRBK.BAYE",3.90,CBF&CBL
IT0005445306,"EUR 0,50 ITALY, REP.OF (B",1.02,CBF&CBL
FR001400N5C3,"EUR 3,00 CRH (REGS) 24-20",2.13,CBF&CBL
DE000NRW75G5,"EUR 3,00 NORDRHEIN-WESTFA",0.50,CBF&CBL
BE0390162288,"EUR 2,75 VLAAMS GEMEENSCH",1.19,CBF&CBL
DE000DJ9AU96,"EUR 3,00 DZ BANK AG - FFT",19.93,CBF&CBL
DE000LB6GM69,"EUR 2,85 LBK BADEN-WUERTT",19.56,CBF&CBL
DE000A460KL2,"EUR 2,80 EMI M-V+R-P+S-H ",1.56,CBF&CBL
BE0002438134,"EUR 2,629 BELFIUS BANK SA",1.06,CBF&CBL
BE0002593714,"EUR 1,561 BELFIUS BANK SA",4.76,CBF&CBL
DE000A3E4423,"EUR 0,10 THUERINGEN, FREI",2.69,CBF&CBL
AT0000A33SH3,"EUR 2,90 AUSTRIA, REP.OF ",1.40,CBF&CBL
FR001400NXE6,"EUR 3,00 BPCE (REGS) 24-2",0.84,CBF&CBL
DE000NLB43Q9,"EUR 3,85 NORD/LB GZ 24-20",17.43,CBF&CBL
DE000DJ9AJ26,"EUR 2,75 DZ BANK AG - FFT",7.50,CBF&CBL
ES0001352634,"EUR 3,296 GALICIA, XUNTA ",2.08,CBF&CBL
DE000NLB44X3,"EUR 3,15 NORD/LB GZ 24-20",18.18,CBF&CBL
DE000NLB4654,"EUR 2,35 NORD/LB GZ 24-20",10.73,CBF&CBL
DE000A4DE875,"EUR 2,85 LAND SACHSEN ANH",2.71,CBF&CBL
FR001400YA95,"EUR 3,375 UNEDIC (REGS) 2",2.85,CBF&CBL
DE000LB5Y7L8,"EUR 2,30 LBK BADEN-WUERTT",9.80,CBF&CBL
ES0413860901,"EUR 2,998 BCO.DE SABADELL",2.17,CBF&CBL
DE000HEL0VL5,"EUR 2,50 LANDESBANK HESS-",7.50,CBF&CBL
DE000HEL0ZQ5,"EUR 3,10 LANDESBANK HESS-",13.27,CBF&CBL
ES0000012932,"EUR 4,20 SPAIN, KINGDOM O",3.24,CBF&CBL
XS0769132936,"EUR 3,89 BUNDESIMMOBILIEN",24.57,CBF&CBL
XS1060168876,"EUR 2,86 BNP PARIBAS (REG",22.32,CBF&CBL
BE6266168655,"EUR 3,40 WALLONE, REGION ",15.83,CBF&CBL
FR0013017423,"EUR 1,73 HOPITAUX PARIS (",3.06,CBF&CBL
DE000DK0JS80,"EUR 1,075 DEKABANK (REGS)",8.32,CBF&CBL
ES00000129C4,"EUR 0,00 SPAIN, KINGDOM O",3.62,CBF&CBL
XS2102357014,"EUR 0,375 BMW FIN.NV (REG",5.00,CBF&CBL
FR00140004B1,"EUR 0,116 CLLCTV EU ALSAC",2.17,CBF&CBL
DE000DJ9ADY0,"EUR 3,15 DZ BANK AG - FFT",21.65,CBF&CBL
DE000A11QJT9,"EUR FL.R OLDENBURGISCHE L",7.50,CBF&CBL
DE000A30V646,"EUR FL.R LAND, BRANDENBUR",1.36,CBF&CBL
IT0001174611,"EUR 6,50 ITALY (BTP-ABI 1",0.53,CBF&CBL
ES0L02709100,"EUR 0,00 SPAIN, KINGDOM O",0.43,CBF&CBL
FR0010172544,"EUR 0,00 FRANCE (OAT STRI",5.04,CBF&CBL
ES0001351297,"EUR FL.R CASTILLA Y LEON ",0.72,CBF&CBL
FR0011648963,"EUR 3,00 PARIS, VILLE DE ",1.61,CBF&CBL
DE000A2AAWA8,"EUR 0,75 LAND, BRANDENBUR",1.73,CBF&CBL
IE00BH3SQ895,"EUR 1,10 IRELAND, REP OF ",1.58,CBF&CBL
FR0013398831,"EUR 0,75 SOCIETE GEN.SFH ",0.36,CBF&CBL
XS2005579995,"EUR 1,01 LANDESBANK HESS-",16.02,CBF&CBL
DE000A3H3ET0,"EUR 0,125 THUERINGEN, FRE",6.71,CBF&CBL
XS2295280411,"GBP 0,375 DEUTSCHE BAHN A",5.00,CBF&CBL
DE000NLB3UZ6,"EUR 0,30 NORD/LB GZ 21-20",7.50,CBF&CBL
XS2341719503,"EUR 0,01 DNB BOLIGKREDIT ",0.57,CBF&CBL
FR001400L933,"EUR 3,625 COMP.FINA.FONCI",0.80,CBF&CBL
FR001400P892,"EUR 3,573 REGION PAYS LOI",7.44,CBF&CBL
DE000LB5USH7,"EUR 3,00 LBK BADEN-WUERTT",28.06,CBF&CBL
DE000RLP1700,"EUR 3,15 RHEINLAND-PFALZ ",0.74,CBF&CBL
IT0003268957,"EUR 0,00 ITALY, REP.OF (B",1.95,CBF&CBL
FR0011265487,"EUR FL.R COMP.FINA.FONCIE",0.74,CBF&CBL
IT0005162828,"EUR 2,70 ITALY, REP.OF (R",5.07,CBF&CBL
XS1838022322,"EUR 1,60 ABN AMRO BK NV (",6.77,CBF&CBL
DE000A2GSRX9,"EUR 0,138 WIRTSCHAFTS-INF",7.59,CBF&CBL
FR0014001KY1,"EUR 0,036 CREDIT AGRICOLE",7.50,CBF&CBL
DE000A3T0X63,"EUR 0,01 DT. PFANDBRIEFBA",0.54,CBF&CBL
DE000A3MQQT9,"EUR 0,50 THUERINGEN, FREI",0.83,CBF&CBL
XS2524675050,"EUR 1,625 SR-BOLIGKREDITT",0.51,CBF&CBL
DE0001053643,"EUR 3,295 BAYERN, FREISTA",5.47,CBF&CBL
DE000NLB4ZF5,"EUR FL.R NORD/LB GZ 24-20",10.35,CBF&CBL
XS2901990692,"USD 3,50 KOMM.INV.I SVERI",7.50,CBF&CBL
DE000DJ9AUH9,"EUR 2,65 DZ BANK AG - FFT",14.99,CBF&CBL
DE000A3828P6,"EUR 2,50 INVESTITIONSBK (",1.97,CBF&CBL
DE000LB62RW8,"EUR 2,95 LBK BADEN-WUERTT",15.27,CBF&CBL
FR0013418274,"EUR 1,502 HOPITAUX PARIS ",10.10,CBF&CBL
DE000A2YNZW8,"EUR 0,375 MERCEDES-BENZ (",5.00,CBF&CBL
DE000A2YNWD5,"EUR FL.R ING DIBA AG 23-2",0.86,CBF&CBL
FR001400S4V1,"EUR 3,218 PARIS, VILLE DE",10.11,CBF&CBL
XS2942479127,"GBP 4,50 KOMMUNEKREDIT (R",7.50,CBF&CBL
ES0000012O42,"EUR 0,00 SPAIN, KINGDOM O",8.36,CBF&CBL
DE000NLB5A64,"EUR 2,05 NORD/LB GZ 25-20",7.50,CBF&CBL
DE000LB57N43,"EUR 1,75 LBK BADEN-WUERTT",7.50,CBF&CBL
XS3129375732,"EUR 3,00 IBRD-WORLD BANK ",1.72,CBF&CBL
DE000BU4Z201,"EUR 0,00 BUNDES DEUTSCH 2",4.51,CBF&CBL
DE000DP9BMC7,"EUR 2,55 DZ BANK AG - FFT",7.50,CBF&CBL
FR0011008747,"EUR 0,00 FRANCE (OAT PRIN",0.17,CBF&CBL
FR0013219409,"EUR 1,265 BPCE (REGS) 16-",7.50,CBF&CBL
XS1864034365,"EUR 1,20 IBRD-WORLD BANK ",1.63,CBF&CBL
FR0013400157,"EUR 1,50 BPCE SFH (REGS) ",3.78,CBF&CBL
FR0013400538,"EUR 1,50 CAISSE FCSE DE (",3.78,CBF&CBL
FR0013404571,"EUR 1,375 AUTOROUTE DU SU",11.24,CBF&CBL
DE000DDA0UN1,"EUR 0,205 DZ BANK AG - FF",7.50,CBF&CBL
IT0004534399,"EUR 0,00 ITALY, REP.OF (B",2.21,CBF&CBL
FR0014003ON2,"EUR 0,545 ALPES COTE D AZ",3.78,CBF&CBL
DE000A3LSYG8,"EUR 3,00 MERCEDES-BENZ (R",5.00,CBF&CBL
IT0005550113,"EUR 0,00 ITALY, REP.OF (B",3.82,CBF&CBL
DE000A2LQPR9,"EUR 2,375 HAMBURG HANSEST",1.01,CBF&CBL
BE0001771253,"EUR 0,65 COMMUNAUT FRANCA",0.72,CBF&CBL
IT0005247975,"EUR 0,00 ITALY, REP.OF (B",8.29,CBF&CBL
DE000HLB2NE6,"EUR 0,997 LANDESBANK HESS",0.82,CBF&CBL
AT000B126826,"EUR 1,375 OBERBANK AG(AT)",2.31,CBF&CBL
DE000HV2ASW7,"EUR 0,125 UNICREDIT BANK ",1.12,CBF&CBL
FR0129437572,"EUR 0,00 FRANCE (BTF) 25-",0.07,CBF&CBL
SI0002105227,"EUR 3,275 SLOVENIA REP.OF",6.53,CBF&CBL
FI4000602230,"EUR 0,00 FINLAND REP.OF 1",0.54,CBF&CBL
DE000DP9BLW7,"EUR 3,33 DZ BANK AG - FFT",20.46,CBF&CBL
XS3472754095,"EUR 3,375 SWEDBANK AB (RE",14.97,CBF&CBL
DE000A4DFVS1,"EUR 3,125 INVESTITIONSBK ",2.28,CBF&CBL
DE000HLB1Q05,"EUR FL.R LANDESBANK HESS-",7.50,CBF&CBL
XS1378817990,"EUR FL.R UNIBAIL-ROD WES ",5.00,CBF&CBL
IT0005248015,"EUR 0,00 ITALY, REP.OF (B",8.94,CBF&CBL
XS2010026487,"USD 5,50 HUNGARY, REP.OF ",7.83,CBF&CBL
DE000A2YN058,"EUR 0,05 INVESTITIONSBK 2",3.85,CBF&CBL
XS2110875957,"EUR 0,025 ASIAN DEV.BK (1",1.12,CBF&CBL
DE000BHY0H75,"EUR 0,349 LBK BADEN-WUERT",16.56,CBF&CBL
XS2717292788,"EUR 3,375 OP MORTGAGE BK ",0.40,CBF&CBL
FR001400QHS2,"EUR 3,125 COMP.FINA.FONCI",1.26,CBF&CBL
DE000A4DFSM0,"EUR FL.R NIEDERSACHSEN LA",0.45,CBF&CBL
DE000A3H25Z3,"EUR 3,125 BADEN-WUERTTEMB",3.74,CBF&CBL
DE000A4EVKP5,"EUR 3,178 TRATON FIN LUX ",5.00,CBF&CBL
EU000A1Z99Z8,"EUR 2,75 ESM (REGS) 26-20",1.00,CBF&CBL
XS3410927365,"EUR FL.R LANDWIRT.RENTENB",1.01,CBF&CBL
BE0002236066,"EUR 1,657 BELFIUS BANK SA",3.18,CBF&CBL
IT0005321325,"EUR 2,95 ITALY, REP.OF (R",3.83,CBF&CBL
DE000NLB2567,"EUR 1,50 NORD/LB GZ 18-20",7.50,CBF&CBL
FR0013345600,"EUR 1,90 RATP (REGS) 18-2",31.33,CBF&CBL
DE000A2LQ579,"EUR 1,00 KSPK. LUDWIGSBUR",0.97,CBF&CBL
BE6310106628,"EUR 1,917 COMMUNAUT FRANC",9.53,CBF&CBL
XS2021173922,"EUR 0,05 LANDWIRT.RENTENB",1.26,CBF&CBL
FR0013517190,"EUR 0,375 ENGIE (REGS) 20",5.00,CBF&CBL
FR0014003D53,"EUR 0,841 BOURGOGNE FRANC",6.53,CBF&CBL
BE0002917988,"EUR 3,45 BRUSSELS, REG. O",9.85,CBF&CBL
DE000DJ9AC64,"EUR 3,30 DZ BANK AG - FFT",16.72,CBF&CBL
FR001400OQE8,"EUR 3,45 STIF (REGS) 24-2",6.08,CBF&CBL
DE000A4DE2M3,"EUR 2,38 IB SCHLESWIG-HOL",7.50,CBF&CBL
BE0390238070,"EUR 3,675 VLAAMS GEMEENSC",3.69,CBF&CBL
BE0008068174,"EUR 0,00 BELGIUM, KINGDOM",4.19,CBF&CBL
FR0010172528,"EUR 0,00 FRANCE (OAT STRI",4.84,CBF&CBL
DE000MHB3349,"EUR 2,00 MUENCHENER HYPOB",1.10,CBF&CBL
FR0012382786,"EUR 2,00 REGION PAYS LOIR",3.96,CBF&CBL
DE000NLB2K99,"EUR FL.R NORD/LB GZ (REGS",12.30,CBF&CBL
FR0013326527,"EUR 1,80 HOPITAUX PARIS 1",11.03,CBF&CBL
DE000A2GSSH0,"EUR 0,421 WIRTSCHAFTS-INF",5.27,CBF&CBL
BE0002814953,"EUR 0,829 BRUSSELS, REG. ",9.62,CBF&CBL
DE000NWB0AP2,"EUR 0,00 NRW.BANK (REGS) ",0.98,CBF&CBL
DE000A2LQPP3,"EUR FL.R HAMBURG HANSESTA",0.38,CBF&CBL
DE000LB38861,"EUR 3,418 LBK BADEN-WUERT",1.43,CBF&CBL
IT0005550386,"EUR 0,00 ITALY, REP.OF (B",7.42,CBF&CBL
XS2821667719,"EUR 3,00 ING BANK N.V. (R",2.22,CBF&CBL
DE000NLB4555,"EUR 2,50 NORD/LB GZ 24-20",7.50,CBF&CBL
FR001400X6D7,"EUR 2,875 CADES 25-2030",1.69,CBF&CBL
DE000DJ9ATW0,"EUR 2,80 DZ BANK AG - FFT",15.05,CBF&CBL
IT0005367898,"EUR 0,00 ITALY, REP.OF (B",1.12,CBF&CBL
FR0014012UJ8,"EUR 3,24 BNP PARIBAS HOME",2.60,CBF&CBL
DE000DJ9AZ83,"EUR 2,00 DZ BANK AG - FFT",13.67,CBF&CBL
FR0014015JA3,"GBP 4,125 CAISSE DES DEPO",2.97,CBF&CBL
DE000DP9BE76,"EUR 2,83 DZ BANK AG - FFT",14.29,CBF&CBL
BE0390317866,"EUR 3,25 BELFIUS BANK SA/",1.69,CBF&CBL
FR0129816759,"EUR 3,25 ACOSS 26-2028",1.04,CBF&CBL
DE0001143311,"EUR 0,00 BRD (STRIP CPN) ",0.46,CBF&CBL
XS0513509959,"EUR 4,75 TENNET NETHERLA ",10.54,CBF&CBL
DE0001135432,"EUR 3,25 BUNDES DEUTSCH (",2.60,CBF&CBL
DE000NRW0CU0,"EUR 4,8132 NORDRHEIN-WEST",0.82,CBF&CBL
FR0013210580,"EUR 0,825 ALPES COTE D AZ",2.84,CBF&CBL
XS1648462023,"EUR 2,25 SNCF RESEAU (REG",9.71,CBF&CBL
BE0001775296,"EUR 1,163 WALLONE, REGION",0.75,CBF&CBL
XS1940860593,"EUR 1,575 ABN AMRO BK NV ",7.53,CBF&CBL
XS2193979254,"EUR 0,625 KONINKLIJKE DSM",14.34,CBF&CBL
DE000LFA1925,"EUR 0,16 LFA FRDRBK.BAYER",4.28,CBF&CBL
DE000A3H25P4,"EUR 0,50 DEUTSCHE WOHNEN ",13.43,CBF&CBL
XS2484327999,"EUR 1,875 DEUTSCHE BAHN A",8.52,CBF&CBL
DE000DW6CYH6,"EUR 2,67 DZ BANK AG - FFT",7.50,CBF&CBL
FR001400DZM5,"EUR 4,00 SOCIETE GENERALE",7.50,CBF&CBL
FR001400NDS8,"EUR 3,875 BPCE (REGS) 24-",25.26,CBF&CBL
DE000DJ9AW29,"EUR 2,05 DZ BANK AG - FFT",9.77,CBF&CBL
DE000HEL0S99,"EUR 3,30 LANDESBANK HESS-",25.76,CBF&CBL
XS3273035892,"GBP 4,00 MUNICIPALITY FIN",12.88,CBF&CBL
DE000A1RQFH0,"EUR 3,25 HESSEN LAND 26-2",1.69,CBF&CBL
IT0005248163,"EUR 0,00 ITALY, REP.OF (B",11.26,CBF&CBL
DE0001108850,"EUR 0,00 BUNDES DEUTSCH (",0.50,CBF&CBL
DE000SLB8106,"EUR 1,15 LANDESBK SAAR 18",7.50,CBF&CBL
FR0014007QT5,"EUR 0,375 BPCE SFH (REGS)",1.69,CBF&CBL
BE0002842236,"EUR 1,286 BRUSSELS, REG. ",10.38,CBF&CBL
XS2794477518,"EUR FL.R OP CORPOR BK PL ",7.50,CBF&CBL
DE000NLB4969,"EUR 3,125 NORD/LB GZ 24-2",23.79,CBF&CBL
DE000LB51CW3,"EUR 3,20 LBK BADEN-WUERTT",24.31,CBF&CBL
XS3079617505,"EUR 2,75 EIKA BOLIGKREDI ",1.71,CBF&CBL
XS3166721913,"EUR 2,625 KFW (REGS) 25-2",2.04,CBF&CBL
DE000LB6J0E6,"EUR 2,70 LBK BADEN-WUERTT",16.83,CBF&CBL
DE000HEL0X43,"EUR 2,75 LANDESBANK HESS-",11.37,CBF&CBL
DE000HEL0JB1,"EUR 1,85 LANDESBANK HESS-",7.50,CBF&CBL
DE000DP9BJP5,"EUR 2,55 DZ BANK AG - FFT",12.57,CBF&CBL
XS3410918612,"EUR 3,25 CNCL.EU DEV.BK (",1.85,CBF&CBL
DE000BLB12G0,"EUR 4,295 BAYERISCHE LBK ",0.46,CBF&CBL
XS0499449261,"GBP 5,75 ORSTED (REGS/6) ",25.22,CBF&CBL
BE0002461367,"EUR 2,83 BELFIUS BANK SA/",2.42,CBF&CBL
AT0000A17ZM1,"EUR FL.R NIEDEROESTERREIC",1.48,CBF&CBL
DE0003811550,"EUR 0,00 BUNDES DEUTSCH (",2.56,CBF&CBL
DE000NLB8739,"EUR 0,625 NORD/LB GZ (REG",0.36,CBF&CBL
FR0013235132,"EUR 1,50 CREDIT AGR HOME ",2.88,CBF&CBL
ES00000129M3,"EUR 0,00 SPAIN, KINGDOM O",6.00,CBF&CBL
XS1999728394,"EUR 0,25 HYPO VORARLBERG ",0.36,CBF&CBL
XS2291901994,"EUR 0,01 SOR BOLIGKREDITT",0.47,CBF&CBL
DE000A289L70,"EUR FL.R AAREAL BK AG. 22",0.42,CBF&CBL
DE000NWB0AR8,"EUR 1,625 NRW.BANK (REGS/",2.58,CBF&CBL
ES0422714149,"EUR 0,00 CAJAMAR 20-2027",0.45,CBF&CBL
XS2639007587,"EUR 3,25 CCCIF (REGS/29) ",5.00,CBF&CBL
DE000A162BL3,"EUR 3,50 LANDESBK BERLIN ",0.61,CBF&CBL
FR001400JM66,"EUR 3,411 CREDIT AGRICOLE",0.77,CBF&CBL
DE000A383G15,"EUR 2,75 LLOYDS BANK GMB ",1.02,CBF&CBL
DE000LB5JVS1,"EUR 3,20 LBK BADEN-WUERTT",30.62,CBF&CBL
DE000LB5H2M8,"EUR 2,50 LBK BADEN-WUERTT",7.50,CBF&CBL
DE000HCB0CD6,"EUR FL.R HAMBURG COM BK 2",16.62,CBF&CBL
FR0129287316,"EUR 0,00 FRANCE (BTF) 25-",0.03,CBF&CBL
IT0001444378,"EUR 6 ITALY (BTP-ABI 1444",2.12,CBF&CBL
XS1107638246,"EUR 2,44 INVESTOR AB (REG",16.34,CBF&CBL
XS1352072091,"EUR 1,865 POHJOLA BANK PL",13.80,CBF&CBL
BE0008545098,"EUR 0,00 BELGIUM, KINGDOM",17.87,CBF&CBL
DE000SLB1366,"EUR 1,00 LANDESBK SAAR 18",0.71,CBF&CBL
IT0005326068,"EUR FL.R INTESA SANPAOLO ",0.66,CBF&CBL
SK4120014150,"EUR 1,00 SLOVAK, REP. (RE",1.42,CBF&CBL
XS2001278899,"EUR 1,75 ACEA SPA (REGS/5",5.12,CBF&CBL
DE0001789295,"EUR 0,01 SACHSEN, FREISTA",0.35,CBF&CBL
BE0000353624,"EUR 0,65 BELGIUM, KINGDOM",17.14,CBF&CBL
DE0001141869,"EUR 1,30 BUNDES DEUTSCH 2",0.23,CBF&CBL
AT0000A2CQD2,"EUR 0,00 AUSTRIA, REP.OF ",1.83,CBF&CBL
XS2153459123,"EUR 2,00 ROYAL SCHIPHOL (",6.65,CBF&CBL
XS2332184212,"EUR 0,00 CNCL.EU DEV.BK (",0.38,CBF&CBL
IT0005495889,"EUR 1,75 CREDITO EMILIANO",0.98,CBF&CBL
IT0005278194,"EUR 0,00 ITALY, REP.OF (B",0.20,CBF&CBL
DE000NLB4ZX8,"EUR 3,60 NORD/LB GZ 24-20",20.68,CBF&CBL
IT0005678948,"EUR 2,802 CREDEM 25-2030",1.48,CBF&CBL
FR0011642396,"EUR 3,10 DEPART ESSONNE 1",0.72,CBF&CBL
BE0001736876,"EUR 1,433 WALLONE, REGION",0.72,CBF&CBL
XS1685524677,"EUR 1,588 ASN BANK N.V. (",3.40,CBF&CBL
DE000NLB26G5,"EUR 1,30 NORD/LB GZ (REGS",7.50,CBF&CBL
XS2307879721,"GBP 0,50 BNG BANK N.V. (R",0.46,CBF&CBL
DE000DJ9AFG2,"EUR 3,57 DZ BANK AG - FFT",19.18,CBF&CBL
AT0000A3BMB5,"EUR 3,12 ERSTE GR.BK AG 2",19.90,CBF&CBL
BE0000363722,"EUR 3,10 BELGIUM, KINGDOM",4.96,CBF&CBL
EU000A4D8KD2,"EUR 3,375 EUROPEAN UNION ",1.86,CBF&CBL
FR00140103M8,"EUR 3,125 CREDIT MUTUEL H",2.46,CBF&CBL
DE000HEL0K97,"EUR 2,30 LANDESBANK HESS-",10.11,CBF&CBL
DE000HEL0NH0,"EUR 2,25 LANDESBANK HESS-",10.60,CBF&CBL
BE0390286558,"EUR 4,15 COMMUNAUT FRANCA",4.63,CBF&CBL
SK4000028726,"EUR 2,875 SLOVENSKA SPORI",1.80,CBF&CBL
DE000DP9BJN0,"EUR 2,30 DZ BANK AG - FFT",9.29,CBF&CBL
EU000A4EV1G4,"EUR 3,125 EUROP.INVEST.BK",1.84,CBF&CBL
BE6203178288,"EUR FL.R BELGIUM, KINGDOM",1.79,CBF&CBL
XS1485533431,"EUR 1,125 KONINKLIJKE KPN",6.03,CBF&CBL
DE0001108934,"EUR 0,00 BUNDES DEUTSCH 2",0.78,CBF&CBL
DE0001030757,"EUR 1,80 BUNDES DEUTSCH (",4.04,CBF&CBL
DE000A30VRH7,"EUR 4,125 LANDESBK BERLIN",7.54,CBF&CBL
DE0001053916,"EUR 3,00 BAYERN, FREISTAA",5.18,CBF&CBL
XS0176748894,"EUR 5,675 ENEL SPA 03-203",15.38,CBF&CBL
DE0003811535,"EUR 0,00 BUNDES DEUTSCH (",2.13,CBF&CBL
DE000A2GSCL6,"EUR 0,50 LAND SACHSEN ANH",0.40,CBF&CBL
FR0013403433,"EUR 0,50 CAISSE FCSE DE (",0.36,CBF&CBL
AT0000A28693,"EUR FL.R ERSTE GR.BK AG (",11.70,CBF&CBL
DE000BU4Z102,"EUR 0,00 BUNDES DEUTSCH 2",1.97,CBF&CBL
DE000A30V4A0,"EUR 2,50 BREMEN HANSTADT ",1.05,CBF&CBL
BE0390215813,"EUR XXX BRUSSELS, REG. OF",3.54,CBF&CBL
FR0014018YR0,"EUR 3,70 FRANCE 26-2036",1.99,CBF&CBL
DE000LB66YN4,"EUR 3,30 LBK BADEN-WUERTT",26.64,CBF&CBL
BE0002446210,"EUR 2,947 BELFIUS BANK SA",0.80,CBF&CBL
EU000A18YZ05,"EUR 1,125 EUROPEAN UNION ",2.03,CBF&CBL
XS1394791492,"EUR 1,00 ABN AMRO BK NV (",1.59,CBF&CBL
XS1650595066,"EUR 1,70 ASN BANK N.V. (R",3.35,CBF&CBL
DE000DK0P1F7,"EUR FL.R DEKABANK 18-2028",7.50,CBF&CBL
DE000NLB26T8,"EUR 1,75 NORD/LB GZ (REGS",18.15,CBF&CBL
DE000DDA0NP1,"EUR 1,25 DZ BANK AG - FFT",7.50,CBF&CBL
FI4000441878,"EUR 0,00 FINLAND REP.OF (",2.12,CBF&CBL
DE000NLB4TK8,"EUR 4,10 NORD/LB GZ 23-20",19.25,CBF&CBL
XS2987798209,"EUR 2,46 L-BANK (5687) 25",0.50,CBF&CBL
XS3009809453,"EUR 2,875 BNG BANK N.V. (",2.69,CBF&CBL
DE000A460P44,"EUR 2,625 NIEDERSACHSEN L",1.76,CBF&CBL
AT0000A3S3X7,"EUR 3,34 ERSTE GR.BK AG 2",28.73,CBF&CBL
XS3322497036,"EUR 3,25 NATIONWIDE BS (R",2.65,CBF&CBL
FR001401AXV5,"EUR 4,125 AFD (REGS) 26-2",4.49,CBF&CBL
ES0000012742,"EUR 0,00 SPAIN, KINGDOM O",1.44,CBF&CBL
FR0011586494,"EUR 3,0625 CAISSE DES DEP",2.74,CBF&CBL
DE000A2BN5X6,"EUR 0,10 EMISSIONS K DE 1",0.34,CBF&CBL
XS1550951138,"EUR 2,318 TEL.EMISIONES S",6.29,CBF&CBL
XS1877595014,"EUR 1,75 HEINEKEN NV (REG",13.00,CBF&CBL
XS2150158405,"EUR 0,125 NED.FIN.MAATSCH",0.39,CBF&CBL
XS2243314528,"EUR 0,01 YORKSH. BUILD.SO",0.36,CBF&CBL
XS2491156142,"EUR 1,875 NIBC BANK N.V. ",0.36,CBF&CBL
DE000BLB9SF3,"EUR 2,35 BAYERISCH.LANDES",0.40,CBF&CBL
XS2565417008,"EUR FL.R LAND SACHSEN ANH",2.54,CBF&CBL
DE000HEL0FN4,"EUR 2,75 LANDESBANK HESS-",17.49,CBF&CBL
FR0014012V68,"EUR 3,75 ACTION LOGEMENT ",5.24,CBF&CBL
XS3362255237,"EUR FL.R ITALY, REP.OF (R",5.31,CBF&CBL
XS3364644479,"EUR 1,00 ING BANK N.V. 26",2.65,CBF&CBL
FR0000571218,"EUR 5,50 FRANCE (REGS OAT",0.58,CBF&CBL
FR001400AON3,"EUR 1,875 RATP (REGS) 22-",12.47,CBF&CBL
FI4000546528,"EUR 2,75 FINLAND REP.OF 2",4.73,CBF&CBL
XS2600999739,"EUR FL.R ITALY, REP.OF (R",7.59,CBF&CBL
DE000NLB4WB1,"EUR 4,00 NORD/LB GZ 23-20",15.44,CBF&CBL
DE000NLB4670,"EUR 2,75 NORD/LB GZ 24-20",18.93,CBF&CBL
DE000DJ9AQC8,"EUR 2,95 DZ BANK AG - FFT",21.25,CBF&CBL
XS2987895401,"EUR FL.R DEKABANK (REGS) ",7.50,CBF&CBL
IT0005722514,"EUR 0,00 ITALY, REP.OF (B",0.39,CBF&CBL
ES00000120Q3,"EUR 0,00 SPAIN, KINGDOM O",3.30,CBF&CBL
XS0732998967,"EUR 4,30 DEUT.TKOM.INT.FI",5.00,CBF&CBL
DE000BLB2V83,"EUR FL.R BAYERISCH.LANDES",22.38,CBF&CBL
IT0005248072,"EUR 0,00 ITALY, REP.OF (B",9.75,CBF&CBL
DE000WBP0A87,"EUR 0,01 WUESTENROT BSPK ",0.81,CBF&CBL
DE0001102564,"EUR 0,00 BUNDES DEUTSCH 2",1.11,CBF&CBL
DE000SHFM840,"EUR 1,375 SCHLESWIG-HOLST",0.34,CBF&CBL
DE000MHB4776,"EUR 2,75 MUENCHENER HYPOB",0.41,CBF&CBL
XS2812616147,"EUR FL.R NATIONWIDE BS (R",0.35,CBF&CBL
DE000DJ9ANP7,"EUR FL.R DZ BANK AG - FFT",9.49,CBF&CBL
DE000A4DFVE1,"EUR 2,546 KFW 26-2029",0.95,CBF&CBL
XS1591784639,"EUR 1,43 BANQUE FEDERATIV",8.89,CBF&CBL
DE000LB2CHF9,"USD 0,00 LBK BADEN-WUERTT",22.16,CBF&CBL
DE000LB2CKN7,"EUR 0,25 LBK BADEN-WUERTT",1.93,CBF&CBL
XS2033278545,"USD 4,125 DEUT.TELEKOM 19",28.53,CBF&CBL
DE000NLB3CY7,"EUR 0,75 NORD/LB GZ 20-20",12.81,CBF&CBL
FR0013518248,"EUR 0,77 REGION BRETAGNE ",7.91,CBF&CBL
XS2228387465,"GBP 1,75 SHELL INTL.FIN.B",35.17,CBF&CBL
DE000SLB1432,"EUR 0,13 LANDESBK SAAR 21",4.57,CBF&CBL
XS2390546849,"EUR 1,50 CTP N.V. (REGS/7",14.27,CBF&CBL
DE000NRW0NP7,"EUR 3,00 NORDRHEIN-WESTFA",0.52,CBF&CBL
DE000NWB1W77,"EUR 3,00 NRW.BANK 24-2032",2.48,CBF&CBL
FR001400YNT2,"EUR 3,625 SOC. NAT. SNCF ",4.97,CBF&CBL
DE000BYL0G45,"EUR 3,495 BAYERISCH.LANDE",22.55,CBF&CBL
FR0014015EI7,"EUR 3,503 ARKEA PUBLIC (R",2.58,CBF&CBL
BE0390291608,"EUR FL.R WALLONE, REGION ",4.13,CBF&CBL
FR0014017W96,"EUR 3,125 CREDIT MUTUEL H",1.82,CBF&CBL
DE000A351UT5,"EUR FL.R LAND, BRANDENBUR",0.68,CBF&CBL
DE000NWB0B16,"EUR 3,125 NRW.BANK (REGS/",2.81,CBF&CBL
BE0001715664,"EUR 3,60 WALLONE, REGION ",2.74,CBF&CBL
BE6266088820,"EUR 2,78 COMMUNAUT FRANCA",1.82,CBF&CBL
XS1361554584,"EUR 1,125 EUROP.INVEST.BK",2.02,CBF&CBL
DE000NRW0LA3,"EUR 1,75 NORDRHEIN-WESTFA",7.67,CBF&CBL
XS1945287875,"EUR 1,46 COOP RABOBK UA (",4.13,CBF&CBL
XS1951512026,"EUR 1,262 HYPO VORARLBERG",8.44,CBF&CBL
IT0004534472,"EUR 0,00 ITALY, REP.OF (B",3.69,CBF&CBL
FR00140095D5,"EUR 0,50 COMP.FINA.FONCIE",0.52,CBF&CBL
FR00140099G0,"EUR 0,75 CCF SFH (REGS) 2",0.36,CBF&CBL
DE000HLB49L9,"EUR FL.R LANDESBANK HESS-",7.50,CBF&CBL
XS2673433814,"EUR 3,976 E.JP.RAIL CO. (",13.73,CBF&CBL
DE000NLB40X1,"EUR 3,33 NORD/LB GZ 24-20",16.47,CBF&CBL
FR001400NWK5,"EUR 2,75 CADES (REGS) 24-",0.48,CBF&CBL
FR001400PNN3,"EUR 3,25 RATP (REGS) 24-2",15.49,CBF&CBL
IT0005730921,"EUR 3,814 CREDITO EMILIAN",2.00,CBF&CBL
DE000BLB4U58,"EUR FL.R BAYERISCH.LANDES",7.50,CBF&CBL
FR0013234606,"EUR 0,00 FRANCE (OAT STRI",2.26,CBF&CBL
FR0013313582,"EUR 1,25 FRANCE (REGS OAT",1.69,CBF&CBL
XS1962571011,"EUR 1,875 COMP.DE SAINT-G",12.97,CBF&CBL
XS2154419118,"EUR 1,875 SHELL INTL.FIN.",13.48,CBF&CBL
XS2549854490,"EUR FL.R AKTIA BANK PLC (",7.50,CBF&CBL
XS2556936115,"EUR 4,1475 OP CORPOR BK P",17.62,CBF&CBL
XS2715276163,"EUR 3,875 SVENSKA HBN.(PU",7.50,CBF&CBL
FR0128769728,"EUR 3,66 CDC HABITAT (BMT",22.95,CBF&CBL
AT0000A3PPN3,"EUR 2,625 RAIFFEISEN-LAND",1.22,CBF&CBL
DE000LB4XC39,"EUR FL.R LBK BADEN-WUERTT",0.35,CBF&CBL
FR0010871079,"EUR 0,00 FRANCE (OAT STRI",8.16,CBF&CBL
FR0011132356,"GBP 5,50 EDF (REGS) 11-20",26.43,CBF&CBL
SK4120008673,"EUR 4,30 SLOVAK, REP. 12-",4.24,CBF&CBL
XS1380328259,"EUR 1,195 NATIONWIDE BS (",1.73,CBF&CBL
DE000A2G9JC4,"EUR 0,90 KREISSPARK GOEPP",0.80,CBF&CBL
XS1778893427,"EUR 1,871 NIBC (REGS MBS/",7.50,CBF&CBL
XS1943561883,"EUR 1,00 SPAREBNK 1 BOLIK",0.83,CBF&CBL
IT0004534514,"EUR 0,00 ITALY, REP.OF (B",4.25,CBF&CBL
XS2197910388,"EUR 0,13 IBRD-WORLD BANK ",3.21,CBF&CBL
FR0013524410,"EUR 0,25 UNEDIC (REGS) 20",3.68,CBF&CBL
DE000WBP0A79,"EUR 0,01 WUESTENROT BSPK ",0.37,CBF&CBL
AT0000A2KQ43,"EUR 0,00 AUSTRIA, REP.OF ",6.72,CBF&CBL
BE0390110733,"EUR 3,00 ING BELGIUM SA/N",1.49,CBF&CBL
XS1055445966,"EUR 3,00 VOLKSWAGEN INTL.",7.65,CBF&CBL
XS1435990863,"EUR 1,901 ITALY, REP.OF (",2.41,CBF&CBL
FR0013265170,"EUR 1,25 CRED. AGRICOLE L",7.50,CBF&CBL
DE000A2GSMC4,"EUR 1,536 DEUT.GENOSS-HYP",3.96,CBF&CBL
DE000SLB4170,"EUR 1,375 LANDESBK SAAR 1",0.84,CBF&CBL
FR0013466331,"EUR 0,31 DEPART DES BOUCH",2.99,CBF&CBL
DE000NLB3BP7,"EUR 0,70 NORD/LB GZ 20-20",7.50,CBF&CBL
DE000A289QQ1,"EUR 0,01 GEMEINSAME BUNDE",1.34,CBF&CBL
ES0001351578,"EUR 1,275 CASTILLA Y LEON",11.36,CBF&CBL
IT0005461626,"EUR 0,625 BCA.CARIGE SPA ",0.77,CBF&CBL
XS2748850927,"EUR 2,75 MUNICIPALITY FIN",20.95,CBF&CBL
FR001400PBM0,"EUR 3,00 CREDIT AGR HOME ",1.84,CBF&CBL
FR001400QS53,"EUR FL.R ARKEA PUBLIC (RE",1.08,CBF&CBL
DE000A14JZ61,"EUR FL.R BADEN-WUERTTEMBE",0.96,CBF&CBL
XS3037102301,"EUR 2,75 SPAREBANKEN NOR ",1.29,CBF&CBL
DE000HV2A1V7,"EUR 2,30 UNICREDIT BANK 2",14.74,CBF&CBL
XS0116967836,"EUR 0,00 EUROP.INVEST.BK ",0.89,CBF&CBL
XS1223999316,"EUR 1,129 UTD.UTIL.WATER.",5.00,CBF&CBL
FR0012970929,"EUR 1,948 REGION BRETAGNE",4.43,CBF&CBL
DE000BLB4Q39,"EUR 0,65 BAYERISCH.LANDES",1.77,CBF&CBL
XS1895750849,"EUR 1,00 LANDESBANK HESS-",7.50,CBF&CBL
AT0000A2HLA8,"EUR 0,095 OBEROEST.LBK AG",1.77,CBF&CBL
FR0014003S98,"EUR 0,05 SOCIETE DE FINAN",1.91,CBF&CBL
LU2475493826,"EUR 1,375 LUXEMBOURG, G-D",0.98,CBF&CBL
FR001400AIN5,"EUR 0,75 FRANCE (REGS OAT",0.30,CBF&CBL
DE000DW6C5J4,"EUR 3,97 DZ BANK AG - FFT",17.47,CBF&CBL
DE000DJ9AGY3,"EUR 3,06 DZ BANK AG - FFT",7.50,CBF&CBL
DE000NLB4571,"EUR 2,60 NORD/LB GZ 24-20",10.52,CBF&CBL
DE000DJ9ANC5,"EUR FL.R DZ BANK AG - FFT",9.21,CBF&CBL
XS3040591920,"EUR 3,375 BNG BANK N.V. (",3.67,CBF&CBL
DE000LB599Q2,"EUR 2,43 LBK BADEN-WUERTT",9.97,CBF&CBL
XS0494995318,"EUR 4,167 BNG BANK N.V. 1",1.30,CBF&CBL
FR0013234648,"EUR 0,00 FRANCE (OAT STRI",2.92,CBF&CBL
FR0013257524,"EUR 2,00 FRANCE (REGS OAT",3.63,CBF&CBL
AT0000A26AS2,"EUR 1,46 ERSTE GR.BK AG 1",14.81,CBF&CBL
ES0000012J07,"EUR 1,00 SPAIN, KINGDOM O",4.46,CBF&CBL
SK4000020491,"EUR 0,875 VSEOB. UVEROVA ",0.47,CBF&CBL
BE0002931120,"EUR 3,38 COMMUNAUT FRANCA",1.55,CBF&CBL
DE000A351LN7,"EUR 3,31 DEUTSCHE BANK AG",4.96,CBF&CBL
XS2651732922,"EUR 3,453 BNG BANK N.V. (",4.75,CBF&CBL
DE000DK011Y1,"EUR 3,52 DEKABANK (REGS) ",19.09,CBF&CBL
DE000DJ9ADS2,"EUR 2,92 DZ BANK AG - FFT",7.50,CBF&CBL
FR001400QP49,"EUR 3,465 ALPES COTE D AZ",4.34,CBF&CBL
DE000A14J0Q0,"EUR 2,25 NATIXIS PFANDBRI",0.66,CBF&CBL
DE000SLB9260,"EUR FL.R LANDESBK SAAR (R",23.79,CBF&CBL
DE000NLB56U3,"EUR 2,75 NORD/LB GZ 26-20",7.50,CBF&CBL
DE000BLB38Q4,"EUR FL.R BAYERISCH.LANDES",7.50,CBF&CBL
XS0442449939,"EUR 5,375 E.ON INTL.FIN. ",25.50,CBF&CBL
DE000NRW0CK1,"EUR 6,25 NORDRHEIN-WESTFA",0.64,CBF&CBL
FR0013444775,"EUR 0,00 ENGIE (REGS) 19-",5.00,CBF&CBL
XS2113911387,"EUR 1,25 ABERTIS INFRAES ",5.00,CBF&CBL
XS2406569579,"EUR 0,875 TENNET NETHERLA",17.89,CBF&CBL
FR0014006LM3,"EUR 0,439 REGION NOUVELLE",4.73,CBF&CBL
XS2550557800,"EUR 3,125 SP-MORTGAGE BK ",0.43,CBF&CBL
DE0003811774,"EUR 0,00 BUNDES DEUTSCH 2",0.06,CBF&CBL
XS2635195311,"USD 4,125 MUNICIPALITY FI",7.50,CBF&CBL
DE000NRW0N83,"EUR 3,375 NORDRHEIN-WESTF",0.82,CBF&CBL
IT0005655334,"EUR 2,75 BCA.MONTE DEI PA",1.53,CBF&CBL
XS3389229900,"GBP 5,50 BMW INTL INV BV ",13.86,CBF&CBL
DE000A2GSD50,"EUR 0,90 KSPK. LUDWIGSBUR",0.47,CBF&CBL
DE000A2TSS82,"EUR 1,25 THUERINGEN, FREI",2.12,CBF&CBL
ES0000090805,"EUR 1,375 JUNTA DE ANDALU",1.23,CBF&CBL
DE000NLB4QR9,"EUR 4,15 NORD/LB GZ 23-20",20.38,CBF&CBL
DE000NLB4YC5,"EUR 3,00 NORD/LB GZ 24-20",10.69,CBF&CBL
DE000NLB4373,"EUR 3,25 NORD/LB GZ 24-20",17.91,CBF&CBL
XS2813159436,"EUR 3,125 LANSFORSAKRINGA",1.23,CBF&CBL
XS2854303489,"EUR 2,875 NORDIC INVEST.B",0.17,CBF&CBL
DE000BLB9ZD3,"EUR 2,20 BAYERISCH.LANDES",7.50,CBF&CBL
XS2899774579,"GBP 4,50 NORDEA BK ABP (R",9.82,CBF&CBL
DE000A383X97,"EUR FL.R NIEDERSACHSEN LA",0.65,CBF&CBL
DE000DJ9AXY8,"EUR 2,80 DZ BANK AG - FFT",25.25,CBF&CBL
FR0129437598,"EUR 0,00 BANQUE DE FRANCE",0.10,CBF&CBL
FR001401AT34,"EUR 3,981 CREDIT AGRICOLE",19.22,CBF&CBL
XS0401016919,"GBP 8,875 DEUT.TKOM.INT.F",5.70,CBF&CBL
DE000A11P8S4,"EUR 1,108 SAARLAND 16-204",5.50,CBF&CBL
FR0013275674,"EUR 1,987 HOPITAUX PARIS ",9.06,CBF&CBL
DE000A162A59,"EUR 0,75 LANDESBK BERLIN ",0.42,CBF&CBL
FR0013384872,"EUR 2,00 UNIBAIL-RODAMCO ",19.18,CBF&CBL
XS1969637740,"EUR 1,245 EIKA BOLIGKREDI",3.88,CBF&CBL
XS2235987224,"EUR 0,375 MONDELEZ INTL (",9.12,CBF&CBL
XS2595029344,"EUR 3,625 ROYAL BK.CANADA",0.56,CBF&CBL
DE000NLB4Y26,"EUR 3,50 NORD/LB GZ 23-20",13.20,CBF&CBL
XS2778274410,"EUR 4,375 BANK GOSPODARST",29.56,CBF&CBL
BE6352762387,"EUR 3,625 BELFIUS BANK SA",12.37,CBF&CBL
FR001400XO25,"EUR 3,125 CREDIT AGRICOLE",17.06,CBF&CBL
XS3040412424,"EUR 3,375 PROV OF ALBERTA",3.44,CBF&CBL
IT0005680753,"EUR FL.R ITALY, REP.OF (C",3.77,CBF&CBL
XS3284416677,"EUR FL.R OP CORPOR BK PL ",7.50,CBF&CBL
ES0000012023,"EUR 0,00 SPAIN, KINGDOM O",0.17,CBF&CBL
FR0011844042,"EUR 3,00 DEPART ESSONNE (",2.23,CBF&CBL
XS1266142097,"EUR 2,29 ABN AMRO BK NV (",12.31,CBF&CBL
AT0000A0U299,"EUR 3,80 AUSTRIA, REP.OF ",8.52,CBF&CBL
DE000A2TR6F7,"EUR 0,70 LAND, BRANDENBUR",2.29,CBF&CBL
BE0002853340,"EUR 1,625 COMMUNAUT FRANC",2.39,CBF&CBL
DE000BU4Z003,"EUR 0,00 BUNDES DEUTSCH 2",0.83,CBF&CBL
FR001400IVT8,"EUR 3,00 CADES (REGS) 23-",2.15,CBF&CBL
XS3077376047,"EUR 3,25 QUEBEC,PROVINCE ",3.50,CBF&CBL
FR001400ZUD8,"EUR 2,50 COMP.FINA.FONCIE",0.96,CBF&CBL
DE000LB57ND7,"EUR 3,05 LBK BADEN-WUERTT",25.03,CBF&CBL
FR0129940310,"EUR 0,00 FINAN.LOC.REGION",0.72,CBF&CBL
FR0010172312,"EUR 0,00 FRANCE (OAT STRI",3.55,CBF&CBL
XS0530302628,"GBP 5,375 RABOBANK (2266)",36.99,CBF&CBL
XS0969846269,"EUR 3,00 NEDERLAND.WATER.",1.67,CBF&CBL
XS1081590652,"EUR 2,44 RABOBANK (2866) ",23.02,CBF&CBL
FR0013257847,"EUR 1,58 COMP.FINA.FONCIE",3.33,CBF&CBL
XS1897486632,"EUR 1,50 BNG BANK N.V. (R",3.87,CBF&CBL
SI0002103842,"EUR 1,1875 SLOVENIA REP.O",2.06,CBF&CBL
XS2288920502,"EUR 0,00 LANDWIRT.RENTENB",0.70,CBF&CBL
DE000A3SJZP0,"EUR 0,65 WIRTSCHAFTS-INFR",5.15,CBF&CBL
DE000A30V9L6,"EUR 3,14 KFW 23-2027",0.39,CBF&CBL
FR001400I3M4,"EUR 3,00 CAISSE DES DEPOT",1.17,CBF&CBL
FR001400L362,"EUR 4,125 ACTION LOGEMENT",6.16,CBF&CBL
XS2725836097,"USD 4,625 KOMM.INV.I SVER",7.50,CBF&CBL
DE000BU4K062,"EUR 0,00 BUNDES DEUTSCH 2",1.86,CBF&CBL
XS2834365277,"EUR 3,00 NEDERLAND.WATER.",1.74,CBF&CBL
FR001400SML3,"GBP 4,00 CAISSE DES DEPOT",0.79,CBF&CBL
DE000DJ9AN95,"EUR 3,50 DZ BANK AG - FFT",7.50,CBF&CBL
ES0415306127,"EUR 3,00 CAJA RURAL NAVAR",1.94,CBF&CBL
DE000NLB50N1,"EUR 2,50 NORD/LB GZ 25-20",13.73,CBF&CBL
ES0000012P74,"EUR 3,00 SPAIN, KINGDOM O",2.60,CBF&CBL
DE000A460EG5,"EUR 2,625 NIEDERSACHSEN L",1.49,CBF&CBL
DE000A5GS610,"EUR 3,50 NIEDERSACHSEN LA",1.11,CBF&CBL
BE0390380526,"EUR 3,50 KBC BANK NV 26-2",1.15,CBF&CBL
DE0001135044,"EUR 6,50 BRD 97-2027",0.14,CBF&CBL
FR0010809962,"EUR 0,00 FRANCE (OAT STRI",2.05,CBF&CBL
FR0013053907,"EUR 1,967 AUVERGNE- RHONE",5.57,CBF&CBL
XS1570260460,"EUR 2,00 SMITHS GROUP PLC",5.00,CBF&CBL
DE000NWB17S6,"EUR 0,625 NRW.BANK 17-202",0.50,CBF&CBL
DE0001030732,"EUR 0,00 BUNDES DEUTSCH 2",1.11,CBF&CBL
FR001400DGZ7,"EUR 3,125 BPCE SFH (REGS)",0.46,CBF&CBL
SI0002104303,"EUR 3,625 SLOVENIA REP.OF",4.70,CBF&CBL
BE0002915966,"EUR 3,50 BRUSSELS, REG. O",7.77,CBF&CBL
DE000DJ9AHJ2,"EUR FL.R DZ BANK AG - FFT",23.77,CBF&CBL
FR0013329950,"EUR 1,512 BPCE SFH (REGS)",4.79,CBF&CBL
AT0000A255V8,"EUR 0,95 ERSTE GR.BK AG 1",7.50,CBF&CBL
FR0013517240,"EUR 0,785 ALPES COTE D AZ",8.19,CBF&CBL
FR0014001G29,"EUR 0,01 BPCE (REGS) 21-2",7.50,CBF&CBL
DE000NLB3SS5,"EUR 0,50 NORD/LB GZ 21-20",15.59,CBF&CBL
FR0014002FC5,"EUR 0,375 BPCE SFH (REGS)",4.19,CBF&CBL
FR0014008E08,"EUR 0,625 AXA BK EUROPE S",0.49,CBF&CBL
XS2459747874,"EUR 1,85 E.JP.RAIL CO. (R",15.60,CBF&CBL
DE000A352E06,"EUR FL.R HAMBURGISCHE INV",7.50,CBF&CBL
XS2722858532,"EUR 3,296 COOPERATIEVE RA",0.75,CBF&CBL
FR001400Z2F9,"EUR 3,00 CRH (REGS) 25-20",1.94,CBF&CBL
DE000BYL0FM8,"EUR 2,25 BAYERISCH.LANDES",9.28,CBF&CBL
DE000HLB0MF9,"EUR FL.R LANDESBANK HESS-",14.55,CBF&CBL
XS1151430185,"EUR 1,6925 NATIONWIDE BS ",3.77,CBF&CBL
AT0000A1X8Q5,"EUR 1,60 BNK FUER TIROL.V",2.03,CBF&CBL
FR0013300605,"EUR 1,625 KLEPIERRE SA (R",15.00,CBF&CBL
FR0013359072,"EUR 1,902 CAISSE DES DEPO",10.01,CBF&CBL
DE000A351XK8,"EUR 3,375 DZ HYP AG (REGS",0.47,CBF&CBL
DE000DJ9AHE3,"EUR FL.R DZ BANK AG - FFT",7.50,CBF&CBL
DE0001789386,"EUR 2,875 SACHSEN, FREIST",2.14,CBF&CBL
DE000A4DE958,"EUR 3,25 SPK DORTMUND 25-",2.70,CBF&CBL
XS3081339072,"EUR 3,50 BRITISH COLUMBIA",6.98,CBF&CBL
DE000BYL0E54,"EUR 2,35 BAYERISCH.LANDES",7.50,CBF&CBL
DE000HEL0SQ0,"EUR 2,15 LANDESBANK HESS-",7.50,CBF&CBL
DE000LB64FY5,"EUR 3,15 LBK BADEN-WUERTT",22.62,CBF&CBL
IT0003934657,"EUR 4,00 ITALY, REP.OF (R",3.42,CBF&CBL
XS1420338102,"EUR 2,25 HOLCIM FIN.(LU)S",5.13,CBF&CBL
DE000LB1D064,"EUR 0,78 LBK BADEN-WUERTT",0.41,CBF&CBL
BE0000345547,"EUR 0,80 BELGIUM, KINGDOM",1.18,CBF&CBL
XS2626288760,"EUR 2,75 KFW (REGS) 23-20",1.37,CBF&CBL
DE000NLB43S5,"EUR 4,10 NORD/LB GZ 24-20",21.86,CBF&CBL
DE000LB5GFW2,"EUR 3,10 LBK BADEN-WUERTT",21.32,CBF&CBL
FR0014014TK4,"EUR 3,428 CAISSE FCSE DE ",2.87,CBF&CBL
XS3401022580,"EUR 2,875 NORDEA MORTGAGE",1.41,CBF&CBL
DE000LB664D2,"EUR 2,85 LBK BADEN-WUERTT",15.66,CBF&CBL
XS1752915808,"EUR 1,505 DNB BOLIGKREDIT",3.52,CBF&CBL
DE000A2GSLQ6,"EUR FL.R DT. PFANDBRIEFBA",0.47,CBF&CBL
DE000A2G9HL9,"EUR 0,875 DZ HYP AG (REGS",0.83,CBF&CBL
DE000NLB3P85,"EUR 0,40 NORD/LB GZ 20-20",7.50,CBF&CBL
BE6328730625,"EUR 0,01 WALLONE, REGION ",1.20,CBF&CBL
DE000A289NQ8,"EUR 0,05 LAND, BRANDENBUR",1.63,CBF&CBL
XS2626024868,"EUR 2,75 EUROP.INVEST.BK ",0.85,CBF&CBL
DE000NLB4VZ2,"EUR FL.R NORD/LB GZ 23-20",7.50,CBF&CBL
DE000HV2AZ29,"EUR 3,29 UNICREDIT BANK (",0.70,CBF&CBL
XS2761358055,"EUR 3,00 ACHMEA BANK N.V ",2.15,CBF&CBL
DE000DB9VVW0,"EUR 2,75 DEUTSCHE BANK AG",10.26,CBF&CBL
DE000NWB1WB4,"EUR 2,875 NRW.BANK 25-203",3.36,CBF&CBL
ES0000012S30,"EUR 4,25 SPAIN, KINGDOM O",5.02,CBF&CBL
FR0012616837,"EUR 1,382 CAISSE DES DEPO",9.69,CBF&CBL
DE000NRW0KC1,"EUR 3,55 NORDRHEIN-WESTFA",0.50,CBF&CBL
FR001400M048,"EUR 3,50 SAGESS (REGS) 23",8.10,CBF&CBL
DE000A351XT9,"EUR FL.R DZ HYP AG 23-202",0.39,CBF&CBL
ES00001010O0,"EUR FL.R COMUN.DE MADRID ",3.58,CBF&CBL
DE000CZ45YX5,"EUR 2,625 COMMERZBK AG (R",1.02,CBF&CBL
DE000DJ9AVA2,"EUR 3,10 DZ BANK AG - FFT",24.33,CBF&CBL
FR001400ZFK4,"EUR FL.R KLEPIERRE (REGS)",5.00,CBF&CBL
DE000NWB9171,"EUR 3,00 NRW.BANK (REGS) ",3.65,CBF&CBL
DE000LB6JC27,"EUR 2,05 LBK BADEN-WUERTT",7.50,CBF&CBL
FR0010871038,"EUR 0,00 FRANCE (OAT STRI",7.27,CBF&CBL
XS1718417717,"EUR 1,625 BASF SE (REGS/3",23.90,CBF&CBL
XS1791485011,"EUR 0,875 EUROP.INVEST.BK",0.31,CBF&CBL
AT0000A213M6,"EUR 1,75 NIEDEROESTERREIC",7.04,CBF&CBL
DE000A2LQSH4,"EUR 0,75 KFW 18-2028",0.68,CBF&CBL
ES00000129P6,"EUR 0,00 SPAIN, KINGDOM O",6.68,CBF&CBL
IT0004534373,"EUR 0,00 ITALY, REP.OF (B",1.76,CBF&CBL
FR00140004F2,"EUR 0,041 CLLCTV EU ALSAC",0.90,CBF&CBL
ES0000012K53,"EUR 0,80 SPAIN, KINGDOM O",1.36,CBF&CBL
FR001400FIG8,"EUR 3,00 BNP PARIBAS HOME",1.15,CBF&CBL
XS2631820573,"EUR 3,402 BRITISH COLUMBI",10.14,CBF&CBL
DE000NLB4662,"EUR 2,50 NORD/LB GZ 24-20",13.74,CBF&CBL
DE000A4DE9E5,"EUR 2,375 LAND BERLIN 25-",1.42,CBF&CBL
DE000LB6J0F3,"EUR 3,25 LBK BADEN-WUERTT",27.41,CBF&CBL
IT0005248056,"EUR 0,00 ITALY, REP.OF (B",9.46,CBF&CBL
ES0413679400,"EUR FL.R BANKINTER 17-202",0.35,CBF&CBL
IT0005315046,"EUR 1,25 MEDIOBANCA SPA (",1.16,CBF&CBL
XS1793224632,"EUR 1,50 RELX FINANCE (RE",5.00,CBF&CBL
ES00000129V4,"EUR 0,00 SPAIN, KINGDOM O",8.23,CBF&CBL
XS1955187932,"EUR 1,75 SIEMENS FIN.NL (",23.48,CBF&CBL
DE000HLB4YC3,"USD 2,25 LANDESBANK HESS-",7.50,CBF&CBL
XS2049616621,"EUR 0,125 SIEMENS FIN.NL ",7.06,CBF&CBL
DE000A2YN066,"EUR 0,01 INVESTITIONSBK 2",1.52,CBF&CBL
DE000A3H2Y08,"EUR 0,10 LAND BERLIN 21-2",4.83,CBF&CBL
DE000NLB1VP9,"EUR FL.R NORD/LB GZ 23-20",7.50,CBF&CBL
DE000DW6C029,"EUR 3,05 DZ BANK AG - FFT",7.50,CBF&CBL
DE000LB5DUY4,"EUR 2,25 LBK BADEN-WUERTT",7.50,CBF&CBL
AT0000A3KSS7,"EUR 2,91 ERSTE GR.BK AG 2",17.63,CBF&CBL
XS3241240715,"EUR 2,99 AUSTRIA, REP.OF ",6.83,CBF&CBL
DE000BYL0HJ0,"EUR 3,00 BAYERISCH.LANDES",13.69,CBF&CBL
DE000MHB5096,"EUR FL.R MUENCHENER HYPOB",0.39,CBF&CBL
XS3408976507,"EUR 3,10 ASIAN DEV.BK 26-",1.85,CBF&CBL
DE0001135176,"EUR 5,50 BRD 00-2031",0.90,CBF&CBL
XS1402335951,"EUR 1,23 DNB BOLIGKREDIT ",2.61,CBF&CBL
DE000A2DAF02,"EUR 1,42 WIRTSCHAFTS-INFR",3.49,CBF&CBL
DE000LB128K3,"EUR 1,07 LBK BADEN-WUERTT",8.89,CBF&CBL
DE000DDA0V80,"EUR 2,45 DZ BANK AG - FFT",11.02,CBF&CBL
AT0000A2Y735,"EUR 1,50 RAIFFEISENVERBAN",0.40,CBF&CBL
DE000BLB9T98,"EUR FL.R BAYERISCH.LANDES",0.64,CBF&CBL
XS2597919013,"EUR 3,625 NATIONWIDE BS (",0.51,CBF&CBL
DE000DJ9AGP1,"EUR 3,25 DZ BANK AG - FFT",21.98,CBF&CBL
DE000SHFM923,"EUR 2,875 SCHLESWIG-HOLST",1.45,CBF&CBL
XS3276331553,"EUR 3,00 LANDESBANK HESS-",2.39,CBF&CBL
XS3396019336,"USD 4,50 FINLAND REP.OF (",3.29,CBF&CBL
DE000A352AV1,"EUR 3,23 LAND SACHSEN ANH",0.50,CBF&CBL
DE000A1680T5,"EUR 1,294 BREMEN HANSTADT",3.10,CBF&CBL
DE000DJ9AAH1,"EUR 3,10 DZ BANK AG - FFT",7.50,CBF&CBL
DE000LB5LW95,"EUR 3,30 LBK BADEN-WUERTT",33.43,CBF&CBL
EU000A1Z99X3,"EUR 2,125 ESM (REGS) 25-2",0.53,CBF&CBL
DE000A1RQE59,"EUR 2,90 HESSEN LAND 25-2",2.82,CBF&CBL
XS3106532412,"EUR FL.R NATWEST MARKETS ",7.50,CBF&CBL
IT0005680001,"EUR 0,00 ITALY, REP.OF (B",9.30,CBF&CBL
XS3338796207,"EUR FL.R ITALY, REP.OF (R",4.96,CBF&CBL
XS0974440991,"EUR 3,96 SANDVIK AB(PUBL.",17.90,CBF&CBL
XS2014479922,"EUR 0,01 EBRD 19-2031",1.25,CBF&CBL
FR0013444684,"EUR 0,50 ORANGE (REGS) 19",17.02,CBF&CBL
XS2104301309,"EUR FL.R AIB MORTGAGE BK ",0.35,CBF&CBL
BE0002684653,"EUR 0,01 ING BELGIUM SA/N",1.21,CBF&CBL
DE000DDA0YD4,"EUR 0,71 DZ BANK AG - FFT",12.13,CBF&CBL
DE000A2E4DA4,"EUR FL.R AAREAL BK AG. 20",0.50,CBF&CBL
DE000A3H2TL7,"EUR 0,05 DZ HYP AG 21-203",15.00,CBF&CBL
XS2388586401,"USD 2,125 HUNGARY, REP.OF",5.91,CBF&CBL
FRCASA010142,"EUR 3,75 CREDIT AGRICOLE ",19.91,CBF&CBL
DE000A383G49,"EUR 2,50 INVESTITIONSBK D",13.47,CBF&CBL
BE6367588231,"USD 4,50 BELGIUM, KINGDOM",3.16,CBF&CBL
AT0000A3P9U3,"EUR 3,01 ERSTE GR.BK AG 2",23.15,CBF&CBL
IT0005689960,"EUR 2,40 ITALY, REP.OF (B",1.40,CBF&CBL
XS0098449456,"EUR FL.R ITALY, REP.OF 99",1.36,CBF&CBL
XS0156756917,"GBP 4,95 SNCF 0202037",5.56,CBF&CBL
BE0002701820,"EUR 0,07 BNP PARIBAS FORT",1.30,CBF&CBL
XS1015884080,"EUR 3,625 SNCF (122) 14-2",9.68,CBF&CBL
FR0013457025,"EUR 0,294 CREDIT AGRICOLE",7.50,CBF&CBL
FR0013521986,"EUR 0,691 REGION HAUTS (R",9.27,CBF&CBL
FR00140038C7,"EUR 0,301 ALPES COTE D AZ",3.25,CBF&CBL
FR0014005P32,"EUR 0,766 CREDIT AGRICOLE",8.85,CBF&CBL
DE000LB323Y1,"EUR 2,50 LBK BADEN-WUERTT",7.50,CBF&CBL
DE000LB38FR3,"EUR 2,75 LBK BADEN-WUERTT",7.50,CBF&CBL
EU000A3K7MW2,"EUR 1,625 EUROPEAN UNION ",0.76,CBF&CBL
XS2999573905,"EUR 2,50 LANDWIRT.RENTENB",1.89,CBF&CBL
DE000LB64FU3,"EUR 2,80 LBK BADEN-WUERTT",12.65,CBF&CBL
DE000LB69LL9,"EUR FL.R LBK BADEN-WUERTT",16.12,CBF&CBL
FR0010809715,"EUR 0,00 FRANCE (OAT STRI",2.89,CBF&CBL
FR0012663169,"EUR 1,59 VEOLIA ENVT. 15-",5.00,CBF&CBL
FR0013234572,"EUR 0,00 FRANCE (OAT STRI",1.74,CBF&CBL
BE0000346552,"EUR 1,25 BELGIUM, KINGDOM",4.08,CBF&CBL
DE000DK0JSZ2,"EUR FL.R DEKABANK (REGS) ",7.50,CBF&CBL
XS1937717186,"EUR 1,56 ING BANK N.V. (R",3.76,CBF&CBL
FR0013435211,"EUR 0,90 COMP.FINA.FONCIE",7.42,CBF&CBL
XS2179082727,"EUR 1,00 BERTELSM.SE+CO K",5.00,CBF&CBL
DE000A288367,"EUR 0,205 DZ HYP AG (REGS",4.56,CBF&CBL
DE000HLB40R5,"EUR 0,70 LANDESBANK HESS-",23.51,CBF&CBL
DE000DFK0H58,"EUR FL.R DZ BANK AG - FFT",14.31,CBF&CBL
ES0413679517,"EUR FL.R BANKINTER (REGS)",0.74,CBF&CBL
BE6339715862,"EUR FL.R COMMUNAUT FRANCA",3.14,CBF&CBL
BE0000359688,"EUR 3,45 BELGIUM, KINGDOM",7.63,CBF&CBL
IT0005550196,"EUR 0,00 ITALY, REP.OF (B",4.97,CBF&CBL
FR0010809665,"EUR 0,00 FRANCE (OAT STRI",6.95,CBF&CBL
XS1885970175,"EUR 0,25 CA CIB (REGS/450",7.50,CBF&CBL
XS2399933386,"EUR 1,00 HERA SPA (REGS/1",20.70,CBF&CBL
DE000A3MQT14,"EUR 3,00 SAECHS.AUFBAUBK ",18.67,CBF&CBL
FR001400NMM2,"EUR 3,50 PARIS, VILLE DE ",8.00,CBF&CBL
SK4000026043,"EUR 2,75 TATRA BANKA A.S.",0.79,CBF&CBL
DE000DJ9AR26,"EUR 2,15 DZ BANK AG - FFT",8.44,CBF&CBL
AT0000A3ML11,"EUR 3,15 ERSTE GR.BK AG (",24.72,CBF&CBL
DE000LB69KL1,"EUR 3,05 LBK BADEN-WUERTT",10.25,CBF&CBL
XS3520723548,"EUR 0,00 EUROP.INVEST.BK ",0.25,CBF&CBL
NL0012171458,"EUR 0,75 DUTCH STATE (REG",0.39,CBF&CBL
XS1646899994,"EUR 1,73 ASN BANK N.V. (R",3.33,CBF&CBL
FR0013296381,"EUR 1,599 MARSEILLE, VILL",5.66,CBF&CBL
DE000A2TSQD6,"EUR 0,725 KSPK. LUDWIGSBU",1.17,CBF&CBL
DE000CZ45VG6,"EUR 1,219 COMMERZBK AG 19",35.42,CBF&CBL
XS2152932542,"EUR 0,50 DEUTSCHE BAHN AG",5.00,CBF&CBL
XS2199266698,"EUR 1,375 BAYER AG (REGS)",16.24,CBF&CBL
XS2433831885,"EUR 0,25 CNCL.EU DEV.BK (",1.18,CBF&CBL
FR0014008066,"EUR 0,125 SOCIETE GEN.SFH",0.83,CBF&CBL
FR001400A3H2,"EUR 1,50 CADES (REGS) 22-",2.42,CBF&CBL
DE000HLB7DD8,"EUR 2,50 LANDESBANK HESS-",7.50,CBF&CBL
FR001400DHQ4,"EUR 3,375 BPIFRANCE (REGS",3.81,CBF&CBL
EU000A3K4DW8,"EUR 2,75 EUROPEAN UNION (",1.36,CBF&CBL
DE000DJ9AAP4,"EUR 4,41 DZ BANK AG - FFT",15.86,CBF&CBL
DE000BU2Z023,"EUR FL.R BUNDES DEUTSCH 2",1.47,CBF&CBL
DE000LB5JR70,"EUR 2,90 LBK BADEN-WUERTT",19.55,CBF&CBL
XS2992401930,"EUR 2,75 ROYAL BK.CANADA ",1.29,CBF&CBL
BE6363760750,"EUR 0,00 COMMUNAUT FRANCA",1.67,CBF&CBL
XS3120114684,"EUR FL.R LANDWIRT.RENTENB",0.89,CBF&CBL
DE000LB6F6J6,"EUR 2,60 LBK BADEN-WUERTT",16.53,CBF&CBL
XS3280342398,"EUR FL.R MUNICIPALITY FIN",10.23,CBF&CBL
AT0000A3TZY1,"EUR 3,40 ERSTE GR.BK AG (",26.16,CBF&CBL
XS3516276386,"USD 0,00 AUSTRIA, REP.OF ",0.53,CBF&CBL
XS2531479462,"EUR 4,125 BAWAG (AT) (REG",7.50,CBF&CBL
DE000DW6CYV7,"EUR 3,05 DZ BANK AG - FFT",18.58,CBF&CBL
DE000A30V257,"EUR 3,125 INVESTITIONSBK ",0.96,CBF&CBL
DE000A30VRR6,"EUR 3,60 LANDESBK BERLIN ",7.50,CBF&CBL
XS2775708824,"USD 4,35 DZ BK AG (REGS/A",7.50,CBF&CBL
FR001400OE85,"EUR 3,135 BPCE (BANQUE PO",1.83,CBF&CBL
IT0005550246,"EUR 0,00 ITALY, REP.OF (B",5.71,CBF&CBL
DE000A383F81,"EUR 2,50 HAMBURGER SPARK.",7.50,CBF&CBL
BE0390207737,"EUR 3,62 BRUSSELS, REG. O",4.93,CBF&CBL
AT0000A3LM29,"EUR FL.R ERSTE GR.BK AG (",0.57,CBF&CBL
DE000DJ9AWD4,"EUR 3,01 DZ BANK AG - FFT",22.46,CBF&CBL
DE000DJ9AXT8,"EUR 2,35 DZ BANK AG - FFT",7.50,CBF&CBL
XS3504828735,"EUR 3,40 ASIAN DEV.BK 26-",2.23,CBF&CBL
XS1316442992,"EUR 1,54 NATIONWIDE BS (R",3.04,CBF&CBL
XS1708202822,"EUR 1,40 BQUE FED.CRED.MU",10.76,CBF&CBL
XS1769041606,"EUR 1,70 NOVARTIS FIN SA ",22.83,CBF&CBL
ES0000012B88,"EUR 1,40 SPAIN, KINGDOM O",0.83,CBF&CBL
ES00000128Y0,"EUR 0,00 SPAIN, KINGDOM O",2.25,CBF&CBL
XS2049769297,"EUR 0,875 MOLNLYCKE HOLDI",8.93,CBF&CBL
XS2118273601,"EUR 0,50 SIEMENS FIN.NL (",12.33,CBF&CBL
BE0002700814,"EUR 0,01 BNP PARIBAS FORT",0.36,CBF&CBL
FR0014005SE7,"EUR 0,375 ACTION LOGEMENT",3.37,CBF&CBL
FR001400E797,"EUR 4,00 BPCE (REGS) 22-2",18.62,CBF&CBL
IT0005569964,"EUR 4,00 ICCREA BANCA SPA",0.41,CBF&CBL
DE000NLB40V5,"EUR 3,15 NORD/LB GZ 24-20",11.36,CBF&CBL
DE000LB6JCC3,"EUR 3,40 LBK BADEN-WUERTT",29.19,CBF&CBL
XS0449353332,"EUR 5,219 GENERALITAT CAT",3.21,CBF&CBL
FR0011461516,"EUR 0,00 FRANCE (OAT STRI",1.48,CBF&CBL
AT0000A1G858,"EUR 2,10 NIEDEROESTERREIC",3.75,CBF&CBL
FR0013154333,"EUR 0,00 FRANCE (OAT STRI",9.09,CBF&CBL
XS1442479819,"EUR 0,778 NEDERLAND.WATER",2.02,CBF&CBL
XS1650072041,"EUR FL.R DEUT.APOTHEKER (",7.50,CBF&CBL
FR0013313681,"EUR 1,45 AGENCE FRANCE LO",4.18,CBF&CBL
IE00BMQ5JL65,"EUR XXX IRELAND, REP OF (",2.88,CBF&CBL
XS2319520719,"GBP 0,50 NRW.BANK (REGS/8",0.57,CBF&CBL
XS2432629504,"EUR 0,70 INTL.DEVEL..ASSO",4.55,CBF&CBL
AT0000A3AVU8,"EUR 2,50 ERSTE GR.BK AG (",31.76,CBF&CBL
FR001400X5W9,"EUR 3,216 BPCE (REGS) 25-",2.73,CBF&CBL
DE000DP9BEP6,"EUR 2,65 DZ BANK AG - FFT",17.15,CBF&CBL
DE000HEL0TJ3,"EUR 2,30 LANDESBANK HESS-",8.62,CBF&CBL
XS1004110240,"EUR 2,905 NEDERLAND.WATER",2.34,CBF&CBL
XS1078022826,"EUR 2,875 ENBW INTL.FIN. ",19.78,CBF&CBL
XS1791423178,"EUR 1,25 FINNVERA PLC (RE",14.87,CBF&CBL
DE000CZ40MV5,"EUR 0,875 COMMERZBK AG 18",0.66,CBF&CBL
BE6326767397,"EUR 0,01 ARGENTA SPAARBAN",1.56,CBF&CBL
EU000A3K4DA4,"EUR 0,25 EUROPEAN UNION (",0.02,CBF&CBL
DE000CZ45W24,"EUR 1,155 COMMERZBK AG 22",3.63,CBF&CBL
XS2782119916,"EUR 3,247 TOR-DOMINION BK",2.40,CBF&CBL
DE000A3828J9,"EUR FL.R INVESTITIONSBK 2",0.63,CBF&CBL
IT0005699340,"EUR 0,00 ITALY, REP.OF (B",0.24,CBF&CBL
FR0129704187,"EUR 0,00 BANQUE DE FRANCE",0.18,CBF&CBL
FR0010483222,"EUR 0,00 FRANCE (OAT STRI",0.67,CBF&CBL
XS0505157965,"EUR 4,00 EUROP.INVEST.BK ",0.78,CBF&CBL
FR0013234663,"EUR 0,00 FRANCE (OAT STRI",3.13,CBF&CBL
DE0001102457,"EUR FL.R BUNDES DEUTSCH (",0.44,CBF&CBL
XS2281343686,"EUR 1,00 BAYER AG (REGS) ",24.47,CBF&CBL
FR0014003FC3,"EUR 0,552 REG CENTRE-VAL ",4.38,CBF&CBL
XS2708368365,"USD 5,25 ERSTE ABWICKLUNG",0.49,CBF&CBL
XS2719102746,"EUR 3,125 OEST.KONTROLLBK",1.17,CBF&CBL
DE000A30V604,"EUR FL.R LAND, BRANDENBUR",0.38,CBF&CBL
DE000LB5DV05,"EUR 2,55 LBK BADEN-WUERTT",13.62,CBF&CBL
DE000DJ9AP44,"EUR 2,45 DZ BANK AG - FFT",23.87,CBF&CBL
FR001400UCA3,"EUR 2,625 CAISSE FCSE DE ",1.10,CBF&CBL
DE000A460NV5,"EUR 3,00 SPARKASSE BREMEN",3.45,CBF&CBL
DE000A1RQFC1,"EUR 2,875 HESSEN LAND 26-",1.54,CBF&CBL
BE0390307768,"EUR 3,03 KBC BANK NV (REG",1.45,CBF&CBL
AT0000A3U5Y6,"EUR 3,375 HYPO NOE LANDES",12.01,CBF&CBL
FR0010809905,"EUR 0,00 FRANCE (OAT STRI",4.28,CBF&CBL
FR0011370386,"EUR 2,83 COMP.FINA.FONCIE",0.47,CBF&CBL
DE000A1REY59,"EUR 2,00 DEUT.GENOSS-HYPO",0.62,CBF&CBL
XS1352121724,"EUR 5,375 REPSOL INTL.FIN",12.02,CBF&CBL
DE0003811618,"EUR 0,00 BUNDES DEUTSCH (",3.79,CBF&CBL
XS1844347176,"EUR 1,53 ABN AMRO BK NV (",6.82,CBF&CBL
XS1874729624,"EUR 1,10 ABN AMRO BK NV (",1.37,CBF&CBL
XS2054600718,"EUR 0,125 LLOYDS BANK PLC",1.06,CBF&CBL
FR0013506664,"EUR 1,149 SOCIETE GRAND (",10.75,CBF&CBL
XS2160861808,"EUR 0,01 IBRD-WORLD BANK ",0.38,CBF&CBL
ES0001353491,"EUR 1,80 COMUNIDAD NAVARR",5.71,CBF&CBL
DE000DJ9AAJ7,"EUR FL.R DZ BANK AG - FFT",7.50,CBF&CBL
DE000SCB0062,"EUR 2,75 DEUTSCHE KREDITB",2.33,CBF&CBL
AT0000A3JGS4,"EUR 2,75 BSPK WUESTENROT ",1.84,CBF&CBL
DE000A4DFSS7,"EUR 2,75 NIEDERSACHSEN LA",1.16,CBF&CBL
DE000LB4XBD9,"EUR 2,87 LBK BADEN-WUERTT",12.13,CBF&CBL
AT0000A3GR62,"EUR 2,80 ERSTE GR.BK AG 2",13.95,CBF&CBL
DE000HEL0R58,"EUR FL.R LANDESBANK HESS-",0.35,CBF&CBL
XS3273008063,"EUR 2,625 ABN AMRO BK NV ",8.11,CBF&CBL
XS3284417055,"EUR FL.R TOYOTA MOTO.FIN.",5.00,CBF&CBL
DE000NLB25E2,"EUR FL.R NORD/LB GZ (REGS",7.50,CBF&CBL
XS2081605912,"EUR 0,05 BNG BANK N.V. (R",1.23,CBF&CBL
DE0001102580,"EUR 0,00 BUNDES DEUTSCH 2",1.20,CBF&CBL
XS2461798162,"EUR 1,29 ABN AMRO BK NV (",6.26,CBF&CBL
FR001400A2T9,"EUR 1,75 SOCIETE GENERALE",2.29,CBF&CBL
ES0413860802,"EUR 1,75 BCO.DE SABADELL ",0.94,CBF&CBL
FR001400DNT6,"EUR 3,00 AXA BK EUROPE SC",0.36,CBF&CBL
XS2597673263,"EUR 3,375 KOMM.INV.I SVER",7.50,CBF&CBL
FR001400NB63,"GBP 4,125 BPIFRANCE (REGS",0.79,CBF&CBL
DE000A161RX6,"EUR 2,875 BAYERISCHE LAND",1.61,CBF&CBL
DE000RLP1593,"EUR 2,375 RHEINLAND-PFALZ",0.34,CBF&CBL
XS3177997130,"EUR 2,625 SP-MORTGAGE BK ",1.50,CBF&CBL
EU000A4DMLZ7,"EUR 0,00 ESM (REGS) 03122",0.05,CBF&CBL
BE6236397731,"EUR 4,00 SNCB HOLDING (RE",5.00,CBF&CBL
XS0822571799,"EUR 4,383 CEZ AS (REGS/24",28.02,CBF&CBL
AT0000A1KKF5,"EUR 1,13 RAIF.LBK.OBEROS.",1.14,CBF&CBL
BE0001766204,"EUR 0,52 COMMUNAUT FRANCA",0.72,CBF&CBL
BE6292313200,"EUR 1,675 COMMUNAUT FRANC",7.06,CBF&CBL
IT0005248262,"EUR 0,00 ITALY, REP.OF (R",12.77,CBF&CBL
DE000A2NBJ54,"EUR 0,625 EMISSIONS K DE ",0.81,CBF&CBL
XS2010026214,"EUR 4,25 HUNGARY, REP.OF ",5.55,CBF&CBL
DE000HLB4YU5,"EUR 0,19 LANDESBANK HESS-",7.50,CBF&CBL
FR0014008CP1,"EUR 1,275 ILE-DE-FR. MOBI",5.40,CBF&CBL
FR001400COI9,"EUR 3,50 BPCE (REGS) 22-2",7.50,CBF&CBL
DE000A3MQT48,"EUR 2,625 SAECHS.AUFBAUBK",7.50,CBF&CBL
AT0000A3EPP2,"EUR 2,50 AUSTRIA, REP.OF ",1.61,CBF&CBL
DE000DJ9AQ27,"EUR 2,82 DZ BANK AG - FFT",16.38,CBF&CBL
DE000NLB4803,"EUR 2,35 NORD/LB GZ 25-20",11.51,CBF&CBL
FI4000586284,"EUR 3,20 FINLAND REP.OF (",6.50,CBF&CBL
XS3098009312,"EUR FL.R NORDEA BK ABP (R",7.50,CBF&CBL
FR0014012IF1,"EUR 2,75 COMP.FINA.FONCIE",1.51,CBF&CBL
XS3176709312,"EUR 2,973 TOR-DOMINION BK",1.99,CBF&CBL
FR0014013XK8,"EUR FL.R PERNOD RICARD FI",5.00,CBF&CBL
DE000A14J0R8,"EUR 2,625 NATIXIS PFANDBR",1.56,CBF&CBL
DE000NLB51N9,"EUR 2,60 NORD/LB GZ 26-20",14.25,CBF&CBL
ES0000012965,"EUR 0,00 SPAIN, KINGDOM O",2.51,CBF&CBL
ES00000128K9,"EUR 0,00 SPAIN, KINGDOM O",0.06,CBF&CBL
DE000A2E4X89,"EUR 0,80 KREISSPARK GOEPP",0.71,CBF&CBL
XS1612977717,"EUR 1,125 EUROP.INVEST.BK",1.36,CBF&CBL
FR0013414380,"EUR 0,875 MMB SCF (REGS) ",1.77,CBF&CBL
IT0005436701,"EUR FL.R ITALY, REP.OF (R",18.24,CBF&CBL
FR001400JM90,"EUR 3,374 CREDIT AGRICOLE",1.42,CBF&CBL
XS2663209224,"EUR 3,411 KOMMUNEKREDIT 2",35.93,CBF&CBL
XS2743088184,"USD 4,00 DZ BK AG (REGS/A",7.50,CBF&CBL
DE000NLB4084,"EUR 3,45 NORD/LB GZ 24-20",19.72,CBF&CBL
DE000HV2AZ86,"EUR 2,957 UNICREDIT BANK ",1.94,CBF&CBL
DE000LB39DP0,"EUR 3,00 LBK BADEN-WUERTT",0.36,CBF&CBL
IT0005550444,"EUR 0,00 ITALY, REP.OF (B",8.07,CBF&CBL
DE000LB5JDJ8,"EUR 2,90 LBK BADEN-WUERTT",19.18,CBF&CBL
ES0413211147,"EUR 4,60 BBVA SA 06-2037",2.90,CBF&CBL
XS1298431799,"EUR 1,50 ABN AMRO BK NV (",1.39,CBF&CBL
FR0013201639,"EUR 0,50 SANOFI (REGS) 16",5.00,CBF&CBL
DE000A2GSLY0,"EUR 1,00 MERCEDES-BENZ G ",5.00,CBF&CBL
FR0013308335,"EUR 1,20 CREDIT AGRICOLE ",7.50,CBF&CBL
DE000LB13BW5,"EUR FL.R LBK BADEN-WUERTT",8.51,CBF&CBL
BE6317031035,"EUR 0,808 BRUSSELS, REG. ",12.25,CBF&CBL
DE0001789311,"EUR 0,01 SACHSEN, FREISTA",2.83,CBF&CBL
DE000NWB1W10,"EUR 0,125 NRW.BANK 22-203",1.66,CBF&CBL
FR001400CTU3,"EUR 2,70 AUVERGNE- RHONE ",3.77,CBF&CBL
XS2626022656,"EUR 3,375 RAIFFEISEN BANK",0.37,CBF&CBL
ES00001010L6,"EUR 3,362 COMUN.DE MADRID",0.98,CBF&CBL
FR001400JHB3,"EUR 3,997 CREDIT AGRICOLE",11.66,CBF&CBL
IT0005550154,"EUR 0,00 ITALY, REP.OF (B",4.35,CBF&CBL
DE000LB5VL70,"USD 4,00 LBK BADEN-WUERTT",14.60,CBF&CBL
XS1113143736,"EUR 2,25 INVESTOR AB (REG",7.04,CBF&CBL
FR0013234531,"EUR 0,00 FRANCE (OAT STRI",0.70,CBF&CBL
DE000A2DAR65,"EUR 0,625 KFW (REGS) 17-2",0.39,CBF&CBL
XS1980833997,"EUR 1,227 BRITISH COLUMBI",9.62,CBF&CBL
DE000NLB28S6,"EUR 0,40 NORD/LB GZ 19-20",7.50,CBF&CBL
FR0014003C70,"EUR 0,00 BPIFRANCE (REGS)",1.18,CBF&CBL
DE000DW6C7U7,"EUR 3,99 DZ BANK AG - FFT",20.20,CBF&CBL
XS2898886754,"EUR 2,50 NEDERLAND.WATER.",0.39,CBF&CBL
DE000BU2Z072,"EUR 3,00 BUNDES DEUTSCH 2",2.02,CBF&CBL
FR0011574599,"EUR 3,07 BPCE SFH (REGS) ",1.15,CBF&CBL
FR0012348910,"EUR 2,12 REGION BRETAGNE ",3.94,CBF&CBL
FR0012843324,"EUR 2,446 BNP PARIBAS HOM",0.36,CBF&CBL
EU000A3KTGW6,"EUR 0,70 EUROPEAN UNION (",4.80,CBF&CBL
DE000A1RQEF7,"EUR 1,75 HESSEN LAND 22-2",1.36,CBF&CBL
FR001400ITG9,"EUR 3,375 BPCE SFH (REGS)",1.97,CBF&CBL
DE000A351MT2,"EUR 3,125 KFW (REGS) 23-2",0.78,CBF&CBL
DE000DW6C9C1,"EUR 3,80 DZ BANK AG - FFT",20.65,CBF&CBL
SK4000024865,"EUR 3,75 SLOVAK, REP. (RE",5.25,CBF&CBL
FR001400X8V5,"EUR 3,20 FRANCE (144A OAT",1.78,CBF&CBL
DE000A4DFW46,"EUR 2,875 LLOYDS BANK GMB",1.78,CBF&CBL
AT0000A3QQX8,"EUR 2,47 ERSTE GR.BK AG 2",13.95,CBF&CBL
XS3346849113,"EUR 3,125 PKO BK HIPOTECZ",2.03,CBF&CBL
DE000LB69L25,"EUR 3,15 LBK BADEN-WUERTT",15.91,CBF&CBL
XS0908570459,"EUR 3,30 VOLKSWAGEN INTL.",17.09,CBF&CBL
IT0004976616,"EUR 0,00 ITALY, REP.OF (B",3.09,CBF&CBL
XS1333213491,"EUR 2,25 ABN AMRO BK NV (",14.10,CBF&CBL
ES00000129X0,"EUR 0,00 SPAIN, KINGDOM O",8.93,CBF&CBL
DE000LB12684,"EUR FL.R LBK BADEN-WUERTT",7.61,CBF&CBL
FR0013410552,"EUR 0,10 FRANCE (REGS OAT",1.35,CBF&CBL
DE000DDA0WV0,"EUR 1,35 DZ BANK AG - FFT",7.50,CBF&CBL
ES0000106692,"EUR 1,00 BASQUE COUNTRY (",12.32,CBF&CBL
DE000A3SJZL9,"EUR 0,40 WIRTSCHAFTS-INFR",5.56,CBF&CBL
BE0002791722,"EUR 0,248 BRUSSELS, REG. ",3.26,CBF&CBL
DE000HLB7CM1,"EUR FL.R LANDESBANK HESS-",7.50,CBF&CBL
XS2487770104,"EUR 1,75 BAWAG (AT) (REGS",1.20,CBF&CBL
FR001400CGA2,"EUR 2,125 CREDIT AGR HOME",1.14,CBF&CBL
DE000NLB36D1,"EUR FL.R NORD/LB GZ 23-20",7.50,CBF&CBL
DE000DW6C797,"EUR 3,60 DZ BANK AG - FFT",13.04,CBF&CBL
ES0000012M51,"EUR 3,50 SPAIN, KINGDOM O",1.29,CBF&CBL
AT0000A39UW5,"EUR 2,90 AUSTRIA, REP.OF ",3.39,CBF&CBL
DE000DB9VPB6,"EUR 2,75 DEUTSCHE BANK AG",7.50,CBF&CBL
FR0013260361,"EUR 1,00 BPCE SFH (REGS) ",0.95,CBF&CBL
XS1685653211,"EUR 1,75 LONDON STOCK EX.",7.78,CBF&CBL
BE6312822628,"EUR 1,65 ANHEUSER-BUSCH (",11.41,CBF&CBL
DE000DFK0A89,"EUR 0,50 DZ BANK AG - FFT",7.50,CBF&CBL
DE000MHB62U1,"EUR 0,038 MUENCHENER HYPO",7.50,CBF&CBL
FR0014004EJ9,"EUR 0,01 CREDIT AGR HOME ",0.54,CBF&CBL
AT000B015326,"EUR 2,096 RAIFFEISEN BANK",7.50,CBF&CBL
DE000CZ43ZM0,"EUR 3,00 COMMERZBK AG (RE",7.50,CBF&CBL
FI4000581715,"EUR 2,875 POP ASUNTOLUOTT",1.17,CBF&CBL
DE000A383SL9,"EUR 2,625 KSPK. LUDWIGSBU",1.40,CBF&CBL
XS3075490261,"EUR 3,750 BMW FIN.NV (REG",17.65,CBF&CBL
XS3083232002,"EUR FL.R VOLKSWAGEN INTL.",5.00,CBF&CBL
DE000LB57RD8,"USD 3,60 LBK BADEN-WUERTT",7.50,CBF&CBL
DE000HEL0NJ6,"EUR 2,40 LANDESBANK HESS-",13.63,CBF&CBL
DE000DB9WPP4,"EUR 2,80 DEUTSCHE BANK AG",15.48,CBF&CBL
XS3426512086,"EUR 3,458 MBH MORTGAGE BK",3.54,CBF&CBL
DE000NWB17K3,"EUR 0,568 NRW.BANK 16-202",0.50,CBF&CBL
AT0000A2CDT6,"EUR 0,10 ERSTE GR.BK AG (",1.17,CBF&CBL
DE000A2GSSD9,"EUR 0,192 WIRTSCHAFTS-INF",6.53,CBF&CBL
DE000NLB3292,"EUR 4,15 NORD/LB GZ 22-20",17.46,CBF&CBL
DE000A161RP2,"EUR 1,875 BAYERISCHE LAND",4.34,CBF&CBL
FR001400APR1,"EUR 2,163 REG CENTRE-VAL ",7.38,CBF&CBL
XS2647373542,"EUR FL.R BNG BANK N.V. (R",1.58,CBF&CBL
AT0000A39UG8,"EUR 3,125 RAIFFEISENVERBA",0.90,CBF&CBL
AT0000A3AJM0,"EUR 3,20 ERSTE GR.BK AG (",7.50,CBF&CBL
XS2908175792,"USD 0,01 DZ BK AG (REGS/A",10.57,CBF&CBL
DE000AAR0447,"EUR 2,625 AAREAL BK AG. 2",1.22,CBF&CBL
XS3045692129,"EUR FL.R ABN AMRO BK NV (",7.50,CBF&CBL
DE000LB5X9A8,"EUR 3,00 LBK BADEN-WUERTT",24.81,CBF&CBL
DE000HEL0NG2,"EUR 2,05 LANDESBANK HESS-",7.50,CBF&CBL
DE000HEL4A79,"EUR 2,943 LANDESBANK HESS",2.23,CBF&CBL
DE000GW55S34,"EUR 2,65 GOLDMAN SACHS B ",9.17,CBF&CBL
FR0011242700,"EUR 3,875 COMP.FINA.FONCI",0.36,CBF&CBL
BE0001754085,"EUR 2,085 COMMUNAUT FRANC",6.42,CBF&CBL
XS1877512258,"EUR 1,00 NIBC BANK NV. (R",0.69,CBF&CBL
FR0013420734,"EUR 1,41 CAISSE DES DEPOT",10.96,CBF&CBL
DE000A255D88,"EUR 0,125 NIEDERSACHSEN L",1.13,CBF&CBL
XS2114143758,"EUR 0,05 SANTANDER CONSUM",1.20,CBF&CBL
FR00140032I7,"EUR 2,73 BNP PARIBAS HOME",2.00,CBF&CBL
DE000BLB9SB2,"EUR 1,80 BAYERISCH.LANDES",7.50,CBF&CBL
XS2613821300,"EUR 3,00 NEDERLAND.WATER.",2.15,CBF&CBL
DE000LB4XCT3,"EUR 3,458 LBK BADEN-WUERT",26.99,CBF&CBL
DE000DP9BES0,"EUR 2,10 DZ BANK AG - FFT",14.37,CBF&CBL
FR0012697894,"EUR 0,59 SOCIETE GEN.SFH ",0.86,CBF&CBL
XS1568849282,"EUR 1,667 IBERDROLA FINAN",7.33,CBF&CBL
FR0013261591,"EUR 1,45 BPCE SFH (REGS) ",2.93,CBF&CBL
DE000HLB57K4,"EUR 2,80 LANDESBANK HESS-",7.50,CBF&CBL
DE000NWB0AW8,"EUR 2,875 NRW.BANK (REGS/",3.25,CBF&CBL
DE000HEL0HK6,"EUR 2,25 LANDESBANK HESS-",9.44,CBF&CBL
DE000DJ9AX77,"EUR FL.R DZ BANK AG - FFT",7.50,CBF&CBL
XS3401047223,"EUR FL.R BMW FIN.NV (REGS",5.00,CBF&CBL
DE000HEL00K8,"EUR 3,72 LANDESBANK HESS-",15.77,CBF&CBL
FR0000578585,"EUR 0,00 FRANCE (OAT STRI",1.03,CBF&CBL
IT0003268882,"EUR 0,00 ITALY, REP.OF (B",0.43,CBF&CBL
XS0464790764,"EUR 5,40 BK IRELAND MORTG",1.17,CBF&CBL
XS0744577627,"EUR 4,125 EVN AG (REGS) 1",12.66,CBF&CBL
XS1528093799,"EUR 1,75 AUTOSTRADE (REGS",5.00,CBF&CBL
AT0000A1Z916,"EUR 1,10 BNK FUER TIROL.V",0.51,CBF&CBL
XS1782972878,"EUR 1,669 SWEDBANK MORTGA",4.70,CBF&CBL
FR0013512027,"EUR 0,45 REGION PAYS LOIR",3.76,CBF&CBL
BE0002711928,"EUR 1,065 BRUSSELS, REG. ",13.27,CBF&CBL
DE000BLB9QY8,"EUR 1,00 BAYERISCH.LANDES",16.81,CBF&CBL
XS2760775549,"USD 4,125 LANDWIRT.RENTEN",1.56,CBF&CBL
DE000LB4W6G3,"EUR 3,02 LBK BADEN-WUERTT",23.60,CBF&CBL
DE000HV2A0G0,"EUR 2,58 UNICREDIT BANK 2",1.58,CBF&CBL
IT0005659559,"EUR 2,735 UNICREDIT SPA 2",1.37,CBF&CBL
XS3181116180,"GBP 4,125 INTL.DEVEL..ASS",1.68,CBF&CBL
EU000A4EQY98,"EUR 0,00 EUROPEAN UNION 0",0.09,CBF&CBL
DE000HEL4BF1,"EUR 3,555 LANDESBANK HESS",23.91,CBF&CBL
FR0013411691,"EUR 1,125 MMB SCF 19-2035",2.59,CBF&CBL
DE000DK0T0N9,"EUR 1,00 DEKABANK (REGS) ",11.80,CBF&CBL
FR00140010Z7,"EUR 0,442 DEPT DE L EURE ",11.17,CBF&CBL
DE000SLB8676,"EUR 0,375 LANDESBK SAAR 2",7.50,CBF&CBL
DE000A1RQD50,"EUR 0,00 HESSEN LAND (REG",0.72,CBF&CBL
DE000LB2BRQ7,"EUR 1,10 LBK BADEN-WUERTT",7.50,CBF&CBL
FR0014006PN2,"EUR 0,675 ILE-DE-FR. MOBI",3.95,CBF&CBL
XS2610236528,"EUR 2,875 CNCL.EU DEV.BK ",0.79,CBF&CBL
DE000A351R85,"EUR 2,95 INV.UND STR.BK I",11.34,CBF&CBL
DE000CZ45YJ4,"EUR 3,875 COMMERZBK AG (R",30.23,CBF&CBL
DE000NLB47A4,"EUR 2,25 NORD/LB GZ 24-20",7.50,CBF&CBL
DE000LB52L24,"EUR 2,55 LBK BADEN-WUERTT",12.28,CBF&CBL
XS3329285541,"EUR 3,65 SASKATCHEWAN PRO",4.95,CBF&CBL
IT0005704868,"EUR 3,30 ITALY, REP.OF (B",2.71,CBF&CBL
FR0014019139,"EUR 3,25 CRELAN HOME LOA ",2.22,CBF&CBL
XS3465635830,"EUR 3,375 DEV.BK OF JAPAN",13.12,CBF&CBL
DE000LBW2R85,"EUR FL.R LBK BADEN-WUERTT",7.50,CBF&CBL
DE000A14JYW1,"EUR 0,625 BADEN-WUERTTEMB",0.40,CBF&CBL
DE000MHB18J6,"EUR 0,625 MUENCHENER HYPO",0.36,CBF&CBL
EU000A1Z99H6,"EUR 0,50 ESM (REGS) 19-20",0.59,CBF&CBL
XS1970698566,"EUR 1,053 ABN AMRO BK NV ",2.59,CBF&CBL
ES0001352592,"EUR 0,084 GALICIA, XUNTA ",0.48,CBF&CBL
DE000NLB3WT5,"EUR FL.R NORD/LB GZ 22-20",7.50,CBF&CBL
DE000DK011Z8,"EUR 3,67 DEKABANK 24-2034",21.33,CBF&CBL
XS2999676385,"USD 4,375 NORDRHEIN-WESTF",1.25,CBF&CBL
XS3291939778,"EUR 3,125 SVENSKA HBN.(PU",18.57,CBF&CBL
AT0000A3TF04,"EUR 0,00 AUSTRIA, REP.OF ",0.54,CBF&CBL
XS3389663348,"USD 4,508 BAWAG (AT) (REG",0.89,CBF&CBL
FR0129940120,"GBP 0,00 CAISSE DES DEPOT",0.79,CBF&CBL
FR0013270337,"EUR 1,55 HOPITAUX PARIS (",4.11,CBF&CBL
XS1695535994,"EUR 1,707 UTD.UTIL.WATER.",16.69,CBF&CBL
DE000NRW0LF2,"EUR 0,90 NORDRHEIN-WESTFA",0.84,CBF&CBL
AT0000A278M9,"EUR FL.R ERSTE GR.BK AG (",8.04,CBF&CBL
BE6318635552,"EUR 0,25 COMMUNAUT FRANCA",1.59,CBF&CBL
XS2199719233,"EUR 0,125 BNG BANK N.V. (",3.10,CBF&CBL
DE000WBP0BD4,"EUR 2,44 WUESTENROT BSPK ",3.23,CBF&CBL
DE000HLB48S6,"EUR FL.R LANDESBANK HESS-",7.50,CBF&CBL
XS2620722079,"EUR 3,25 DANSKE BANK AS (",0.57,CBF&CBL
XS2867261518,"EUR 3,616 MITSUBISHI UK (",5.00,CBF&CBL
IT0005619777,"EUR 0,00 ITALY, REP.OF (B",8.78,CBF&CBL
DE000DJ9AWE2,"EUR FL.R DZ BANK AG - FFT",17.52,CBF&CBL
DE000LB6J3Z5,"EUR 2,01 LBK BADEN-WUERTT",7.50,CBF&CBL
DE000NLB52H9,"EUR 2,60 NORD/LB GZ 26-20",14.44,CBF&CBL
ES0000107435,"EUR 4,42 COMUNIDAD ARAGON",1.12,CBF&CBL
DE000A2YN1A6,"EUR 0,01 INVESTITIONSBK 2",0.73,CBF&CBL
DE000MHB28J5,"EUR 0,25 MUENCHENER HYPOB",3.03,CBF&CBL
DE000NLB3V12,"EUR 0,75 NORD/LB GZ 22-20",16.94,CBF&CBL
DE000BHY0H34,"EUR 0,125 LBK BADEN-WUERT",1.18,CBF&CBL
EU000A3K4DK3,"EUR 1,875 EUROPEAN UNION ",2.19,CBF&CBL
AT0000A324F5,"EUR 3,25 ERSTE GR.BK AG (",0.80,CBF&CBL
XS2974146156,"EUR 2,80 ASIAN DEV.BK 25-",1.50,CBF&CBL
DE000NLB5CK1,"EUR 2,80 NORD/LB GZ 25-20",15.06,CBF&CBL
DE000A3828M3,"EUR 2,40 INVESTITIONSBK 2",1.56,CBF&CBL
DE000NLB5EE0,"EUR 2,05 NORD/LB GZ 25-20",7.50,CBF&CBL
XS3171593661,"EUR 4,125 VOLKSWAGEN INTL",21.23,CBF&CBL
DE000DJ9A0Y0,"EUR 2,03 DZ BANK AG - FFT",7.50,CBF&CBL
DE000HEL0XF3,"EUR 2,75 LANDESBANK HESS-",7.50,CBF&CBL
DE000DP9BMD5,"EUR 2,60 DZ BANK AG - FFT",7.50,CBF&CBL
XS1232531837,"EUR 1,135 KOMMUNEKREDIT (",24.08,CBF&CBL
FR0013293032,"EUR 1,32 METROPOLE GRENO ",2.19,CBF&CBL
DE000A2GSNR0,"EUR 0,625 KFW 18-2028",0.49,CBF&CBL
FR0013387172,"EUR 1,475 LA BQE POST HOM",3.76,CBF&CBL
XS1942629061,"EUR 0,875 RAIF.LBK NIEDER",0.83,CBF&CBL
DE000CZ43Z23,"EUR 3,125 COMMERZBK AG (R",1.97,CBF&CBL
ES0000012H17,"EUR 0,00 SPAIN, KINGDOM O",4.83,CBF&CBL
DE000DW6C961,"EUR 3,90 DZ BANK AG - FFT",20.70,CBF&CBL
AT0000A382K3,"EUR 4,15 ERSTE GR.BK AG (",10.77,CBF&CBL
DE000BU35025,"EUR 2,10 BUNDES DEUTSCH 2",0.57,CBF&CBL
FR001400OR98,"EUR 3,125 SOC. NAT. SNCF ",4.62,CBF&CBL
DE000DJ9AUG1,"EUR 2,35 DZ BANK AG - FFT",8.94,CBF&CBL
FR0014016606,"EUR 2,75 CREDIT AGR HOME ",1.62,CBF&CBL
FR0014018LQ9,"EUR 3,625 AFD (REGS) 26-2",4.21,CBF&CBL
XS1434174337,"EUR 1,25 BRITISH COLUMBIA",6.32,CBF&CBL
FR0013264488,"EUR 0,875 RATP (REGS) 17-",5.00,CBF&CBL
IT0005340929,"EUR 2,80 ITALY, REP.OF (R",1.25,CBF&CBL
DE000A2G9HM7,"EUR 1,172 DZ HYP AG 19-20",3.92,CBF&CBL
DE000DK0T0Y6,"EUR FL.R DEKABANK 19-2029",10.47,CBF&CBL
ES0000101925,"EUR 0,565 COMUN.DE MADRID",2.26,CBF&CBL
DE000LB3PED1,"EUR 3,40 LBK BADEN-WUERTT",14.56,CBF&CBL
DE000DJ9AZA3,"EUR FL.R DZ BANK AG - FFT",12.19,CBF&CBL
XS3392853902,"EUR 3,444 OTP MORTG.BK LT",4.17,CBF&CBL
AT000B091467,"EUR 2,75 RAIFFEISEN LB ST",1.43,CBF&CBL
BE0002478536,"EUR 2,625 INFRAX (REGS) 1",9.19,CBF&CBL
IT0005247918,"EUR 0,00 ITALY, REP.OF (B",7.63,CBF&CBL
ES0440609347,"EUR 1,625 CAIXABANK S.A. ",1.79,CBF&CBL
XS1721051495,"EUR 1,50 EDP FIN BV (REGS",5.00,CBF&CBL
FR0013353349,"EUR 1,634 AFD (REGS) 18-2",8.81,CBF&CBL
ES0415143025,"EUR 1,25 C RURAL DE GRANA",0.57,CBF&CBL
FR0013451507,"EUR 0,00 FRANCE (REGS OAT",0.75,CBF&CBL
DE000LB2BJ97,"USD 1,00 LBK BADEN-WUERTT",7.50,CBF&CBL
FR0014002P50,"EUR 0,01 UNEDIC (REGS) 21",2.14,CBF&CBL
XS2337335710,"EUR 0,01 CIBC CANADA (REG",1.02,CBF&CBL
XS2465142755,"EUR 1,00 OP MORTGAGE BK (",0.36,CBF&CBL
ES0413860794,"EUR FL.R BCO.DE SABADELL ",0.39,CBF&CBL
XS2636611332,"EUR 3,25 EIKA BOLIGKREDI ",1.97,CBF&CBL
DE000CZ40LQ7,"EUR 0,125 COMMERZBK AG (R",0.36,CBF&CBL
IT0005248023,"EUR 0,00 ITALY, REP.OF (B",9.10,CBF&CBL
XS2136613457,"EUR 0,232 DEUTSCHE BAHN A",12.56,CBF&CBL
DE000A3E5FR9,"EUR 0,625 VONOVIA SE (REG",13.29,CBF&CBL
FR001400AO97,"EUR 2,10 REGION PAYS LOIR",8.18,CBF&CBL
DE0003811782,"EUR 0,00 BUNDES DEUTSCH 2",0.28,CBF&CBL
XS2610167962,"GBP 3,875 EUROP.INVEST.BK",0.61,CBF&CBL
ES0000090946,"EUR 3,20 JUNTA DE ANDALUC",1.65,CBF&CBL
DE000A1RQE42,"EUR FL.R HESSEN LAND 25-2",0.49,CBF&CBL
XS3325330457,"GBP 4,25 NRW.BANK (REGS/1",2.14,CBF&CBL
DE000LB619V8,"EUR 3,35 LBK BADEN-WUERTT",29.56,CBF&CBL
DE000LB67YL6,"EUR 2,85 LBK BADEN-WUERTT",7.50,CBF&CBL
DE000A352AU3,"EUR 3,00 LAND SACHSEN ANH",0.60,CBF&CBL
XS0143739182,"GBP 5 RESEAU FERRE FRANCE",5.74,CBF&CBL
FR0013154325,"EUR 0,00 FRANCE (OAT STRI",8.87,CBF&CBL
FR0013282142,"EUR 0,75 CREDIT MUTUEL H ",0.36,CBF&CBL
DE000DJ9ATU4,"EUR FL.R DZ BANK AG - FFT",15.24,CBF&CBL
DE000A3H2515,"EUR 2,625 BADEN-WUERTTEMB",1.33,CBF&CBL
DE000A352AM0,"EUR 2,21 LAND SACHSEN ANH",1.02,CBF&CBL
DE000HEL0VM3,"EUR 2,60 LANDESBANK HESS-",9.10,CBF&CBL
FR0010070060,"EUR 4,75 FRANCE (REGS OAT",1.69,CBF&CBL
XS1638964947,"EUR 1,022 KOMMUNEKREDIT (",17.11,CBF&CBL
XS2360853332,"EUR 1,288 PROSUS N.V. (RE",8.47,CBF&CBL
BE0002816974,"EUR 0,375 WALLONE, REGION",2.83,CBF&CBL
DE000A3MQXX7,"EUR 1,10 KSPK. LUDWIGSBUR",2.32,CBF&CBL
FR00140067I3,"EUR 0,01 SOCIETE GEN.SFH ",1.10,CBF&CBL
DE000A351TH2,"EUR 3,00 SPARKASS.PFORZHE",0.91,CBF&CBL
DE000LFA2220,"EUR 3,00 LFA FRDRBK.BAYER",1.69,CBF&CBL
FR0011790682,"EUR 2,85 PARIS, VILLE DE ",2.22,CBF&CBL
XS1075904638,"EUR 3,08 ENBW INTL.FIN. (",27.54,CBF&CBL
XS1701872886,"EUR 1,543 DNB BOLIGKREDIT",3.44,CBF&CBL
DE000A2LQZ00,"EUR 0,01 HAMBURGISCHE INV",9.84,CBF&CBL
XS2281370903,"GBP 0,125 EUROP.INVEST.BK",0.40,CBF&CBL
DE000NLB31N1,"EUR FL.R NORD/LB GZ 22-20",7.50,CBF&CBL
FR001400FB06,"EUR 3,50 BPCE (REGS) 23-2",7.50,CBF&CBL
XS2708406637,"USD 5,25 BNG BANK N.V. (R",0.38,CBF&CBL
DE000A289M04,"EUR FL.R AAREAL BK AG. 24",7.50,CBF&CBL
XS3067311145,"EUR 2,50 CIBC CANADA (REG",1.38,CBF&CBL
DE000BYL0GC7,"EUR 2,00 BAYERISCH.LANDES",7.50,CBF&CBL
BE3871314444,"EUR 2,75 BELGIUM, KINGDOM",0.69,CBF&CBL
DE000RLP0819,"EUR 0,872 RHEINLAND-PFALZ",3.16,CBF&CBL
BE6292788104,"EUR 1,692 WALLONE, REGION",3.26,CBF&CBL
ES00000129O9,"EUR 0,00 SPAIN, KINGDOM O",6.47,CBF&CBL
DE000HLB4VV9,"EUR FL.R LANDESBANK HESS-",20.23,CBF&CBL
XS1938381628,"EUR 0,875 SNCF RESEAU (RE",1.10,CBF&CBL
DE000A2TSDE2,"EUR 1,75 DEUT.TELEKOM (RE",11.37,CBF&CBL
FR0014008RV7,"EUR 0,875 CREDIT MUTUEL H",1.71,CBF&CBL
DE000HLB7978,"EUR 2,75 LANDESBANK HESS-",7.50,CBF&CBL
AT000B093901,"EUR 3,125 RAIFFEISEN-LAND",0.36,CBF&CBL
DE000LB5KB75,"EUR 2,80 LBK BADEN-WUERTT",24.21,CBF&CBL
DE0001789428,"EUR 2,625 SACHSEN, FREIST",1.72,CBF&CBL
EU000A1Z99Y1,"EUR 3,00 ESM (REGS) 26-20",1.77,CBF&CBL
BE0001781351,"EUR 1,603 VLAAMS GEMEENSC",6.67,CBF&CBL
FR0013368172,"EUR 2,125 RTE EDF TRANSPO",24.54,CBF&CBL
DE000HLB4XQ5,"EUR 0,40 LANDESBANK HESS-",7.50,CBF&CBL
FR0013454733,"EUR 0,01 LA BANQUE POSTAL",1.09,CBF&CBL
XS2093634884,"EUR 0,50 ABN AMRO BK NV 1",3.81,CBF&CBL
IT0005438004,"EUR 1,50 ITALY, REP.OF (R",5.24,CBF&CBL
BE0002803840,"EUR 0,25 FLUVIUS SYSTEM (",5.32,CBF&CBL
FR0014004QY2,"EUR 0,01 UNEDIC (REGS) 21",2.19,CBF&CBL
FR0010891317,"EUR 4,625 EDF (REGS) 10-2",10.30,CBF&CBL
BE0008526874,"EUR 0,00 BELGIUM, KINGDOM",7.85,CBF&CBL
BE0002254234,"EUR 1,95 RESA SA 16-2036",21.43,CBF&CBL
IT0005248254,"EUR 0,00 ITALY, REP.OF (B",12.60,CBF&CBL
XS2229743724,"EUR 3,50 E.ON SE (REGS/73",25.00,CBF&CBL
DE000SLB1473,"EUR 0,825 LANDESBK SAAR 2",3.56,CBF&CBL
FR001400HNJ8,"EUR FL.R AGENCE FRANCE LO",4.73,CBF&CBL
DE000LB5GFQ4,"EUR 2,40 LBK BADEN-WUERTT",7.50,CBF&CBL
XS3379780615,"EUR 3,224 CESKA SPORITELN",1.73,CBF&CBL
BE6265084481,"EUR 3,393 INFRABEL SA (RE",19.80,CBF&CBL
ES00000126M9,"EUR 0,00 SPAIN, KINGDOM O",3.90,CBF&CBL
AT0000A1VKS5,"EUR 1,25 NIEDEROESTERREIC",1.28,CBF&CBL
XS1626600040,"EUR 1,50 DEUTSCHE BAHN AG",13.63,CBF&CBL
XS1884807485,"EUR 1,64 DNB BOLIGKREDIT ",4.81,CBF&CBL
DE0001789303,"EUR 0,01 SACHSEN, FREISTA",1.07,CBF&CBL
DE000BLB9R58,"EUR 2,05 BAYERISCH.LANDES",7.50,CBF&CBL
FR0014009S92,"EUR 1,603 SOCIETE GEN.SFH",3.29,CBF&CBL
DE000A30VVE6,"EUR FL.R DEUTSCHE BANK AG",0.39,CBF&CBL
XS2782117464,"EUR 3,191 TOR-DOMINION BK",0.92,CBF&CBL
XS2826669793,"EUR 2,875 ASIAN INFRA INV",13.85,CBF&CBL
FR001400QY06,"EUR 3,125 SOCIETE DE FINA",2.06,CBF&CBL
DE000BU22072,"EUR 2,00 BUNDES DEUTSCH 2",0.07,CBF&CBL
DE000HEL0EM9,"EUR 2,25 LANDESBANK HESS-",7.50,CBF&CBL
DE000CZ45Z88,"EUR FL.R COMMERZBK AG (RE",0.72,CBF&CBL
DE000LB6FNJ3,"USD 3,20 LBK BADEN-WUERTT",10.78,CBF&CBL
XS0092541969,"GBP 6,125 DEN NORSKE  OLJ",5.22,CBF&CBL
FR0011454818,"EUR 3,30 SUEZ ENVIRONNEME",17.11,CBF&CBL
XS0942965525,"EUR 2,375 RAIFFEISEN LB S",0.60,CBF&CBL
XS1299713047,"EUR 1,597 BK OF MONTREAL ",3.00,CBF&CBL
DE000A383EQ8,"EUR 2,95 MECKLENBURG-VORP",2.15,CBF&CBL
DE000LB5C5V7,"EUR 2,45 LBK BADEN-WUERTT",7.50,CBF&CBL
XS3081960380,"EUR 2,683 FEDE.CAIS.DESJA",1.40,CBF&CBL
DE000LB5ZJM5,"EUR 2,83 LBK BADEN-WUERTT",18.41,CBF&CBL
FR0014010QU7,"EUR 3,50 BPIFRANCE (REGS)",5.82,CBF&CBL
DE000A352AN8,"EUR 2,21 LAND SACHSEN ANH",1.03,CBF&CBL
DE000DP9BJ22,"EUR FL.R DZ BANK AG - FFT",22.49,CBF&CBL
DE000LB62RZ1,"EUR 3,20 LBK BADEN-WUERTT",22.43,CBF&CBL
DE000A1RQFF4,"EUR FL.R HESSEN LAND 26-2",1.05,CBF&CBL
FR001401AQT3,"EUR 3,875 COMP.FINA.FONCI",2.54,CBF&CBL
DE0001143477,"EUR 0,00 BUNDES DEUTSCH (",4.01,CBF&CBL
BE0008525868,"EUR 0,00 BELGIUM, KINGDOM",7.26,CBF&CBL
FR0012348753,"EUR 2,008 VILLE DE RENNES",1.54,CBF&CBL
BE0008549132,"EUR 0,00 BELGIUM, KINGDOM",19.88,CBF&CBL
XS1707075245,"EUR 1,75 NESTLE FINANCE L",21.62,CBF&CBL
FR0013405032,"EUR 1,00 UNIBAIL-RODAMCO ",5.00,CBF&CBL
XS2153608141,"EUR 0,375 ONTARIO,PROVINC",0.50,CBF&CBL
FR0013534278,"EUR 0,125 APRR (REGS) 20-",6.18,CBF&CBL
DE000SLB8684,"EUR 0,64 LANDESBK SAAR 22",11.52,CBF&CBL
XS2342589582,"EUR 0,125 SPAREBNK 1 BOLI",1.64,CBF&CBL
DE000NLB4YR3,"EUR 2,55 NORD/LB GZ 24-20",7.50,CBF&CBL
DE000NLB40E1,"EUR FL.R NORD/LB GZ 24-20",0.39,CBF&CBL
FR001400PMS4,"EUR 3,00 COMP.FINA.FONCIE",1.67,CBF&CBL
DE000CZ45Y22,"EUR FL.R COMMERZBK AG 24-",1.39,CBF&CBL
EU000A4D7ZW2,"EUR 2,50 EUROP.INVEST.BK ",1.18,CBF&CBL
DE000LB5Y7R5,"EUR 2,95 LBK BADEN-WUERTT",22.87,CBF&CBL
XS3092031197,"USD 3,45 DZ BK AG (REGS/A",7.50,CBF&CBL
DE000LB59MA1,"EUR 3,23 LBK BADEN-WUERTT",30.09,CBF&CBL
DE000HV2A003,"EUR 2,375 UNICREDIT BANK ",1.01,CBF&CBL
DE000NLB54E2,"EUR 3,125 NORD/LB GZ 26-2",2.94,CBF&CBL
EU000A2SCAX8,"EUR 0,00 EFSF (REGS) 26-2",5.48,CBF&CBL
EU000A4ETUZ1,"EUR 2,625 EUROP.INVEST.BK",0.71,CBF&CBL
DE000LB69L66,"EUR 3,45 LBK BADEN-WUERTT",24.95,CBF&CBL
FR0013267473,"EUR 0,875 CREDIT AGRICOLE",0.36,CBF&CBL
FR0013336096,"EUR 0,977 REGION PAYS LOI",0.72,CBF&CBL
ES0413211923,"EUR FL.R BBVA SA 18-2028",0.35,CBF&CBL
DE0001102515,"EUR 0,00 BUNDES DEUTSCH (",1.83,CBF&CBL
XS2361047538,"EUR 0,50 BANK GOSPODARSTW",16.22,CBF&CBL
DE000HLB45J1,"EUR 3,514 LANDESBANK HESS",22.75,CBF&CBL
FR0010014845,"EUR 6,0 GIE PSA TRESORERI",17.00,CBF&CBL
IT0004848492,"EUR 0,00 ITALY, REP.OF (R",2.52,CBF&CBL
XS1550203183,"EUR 0,625 ERSTE GR.BK AG ",0.36,CBF&CBL
XS1575992596,"EUR 1,50 WOLTERS KLUWER N",5.00,CBF&CBL
DE000HLB4652,"EUR FL.R LANDESBANK HESS-",7.50,CBF&CBL
XS2554489513,"EUR 4,375 VOLKSWAGEN INTL",10.45,CBF&CBL
AT0000A39K79,"EUR 3,125 RAIFFEISEN LBK.",0.80,CBF&CBL
DE000DJ9ARA0,"EUR 1,90 DZ BANK AG - FFT",7.50,CBF&CBL
FR001400ZEJ9,"EUR 2,75 HSBC CONTINENTA ",1.56,CBF&CBL
FR0014012QS7,"EUR 3,853 CDC HABITAT 25-",21.53,CBF&CBL
DE000A4DE9J4,"EUR FL.R LAND BERLIN 25-2",1.21,CBF&CBL
AT0000A3RHQ9,"EUR 3,50 RAIF.LBK.OBEROS.",16.63,CBF&CBL
FR0013141488,"EUR 1,42 BPCE SFH 16-2039",3.84,CBF&CBL
FR0013326360,"EUR 1,795 HOPITAUX PARIS ",11.22,CBF&CBL
DE000DDA0KT9,"EUR FL.R DZ BANK AG - FFT",7.50,CBF&CBL
AT0000A22P57,"EUR 1,17 RAIF.LBK.OBEROS.",4.27,CBF&CBL
XS2310797696,"EUR 1,125 SIMON INT. FI. ",15.77,CBF&CBL
DE000SLB8841,"EUR 3,71 LANDESBK SAAR 23",11.69,CBF&CBL
XS2703618541,"USD 4,75 DZ BANK AG - FFT",7.50,CBF&CBL
DE000A3825M9,"EUR 2,625 DZ HYP AG (REGS",1.56,CBF&CBL
DE000LB52L73,"EUR 3,05 LBK BADEN-WUERTT",24.54,CBF&CBL
XS3239338802,"EUR 2,875 ACHMEA BANK N.V",2.11,CBF&CBL
DE000A352AS7,"EUR 2,235 LAND SACHSEN AN",0.65,CBF&CBL
FI4000598958,"EUR 2,75 ALANDSBANKEN ABP",1.72,CBF&CBL
XS3512783666,"EUR 0,00 EUROP.INVEST.BK ",0.06,CBF&CBL
XS1760060217,"EUR 1,594 DNB BOLIGKREDIT",4.71,CBF&CBL
DE0003271466,"EUR 0,00 LANDESBK NORDRHE",1.83,CBF&CBL
DE000A161RB2,"EUR 0,70 BAYERISCHE LANDB",0.72,CBF&CBL
ES0000090797,"EUR 1,875 JUNTA DE ANDALU",0.99,CBF&CBL
XS2167006357,"EUR 0,925 PROV OF ALBERTA",7.11,CBF&CBL
DE000DFK0K95,"EUR 0,11 DZ BANK AG - FFT",19.58,CBF&CBL
DE000NWB1W36,"EUR 2,75 NRW.BANK 23-2029",1.17,CBF&CBL
DE000BLB9WX8,"EUR 2,80 BAYERISCH.LANDES",7.50,CBF&CBL
DE000NLB44T1,"EUR 2,90 NORD/LB GZ 24-20",9.89,CBF&CBL
DE000DJ9AQ43,"EUR 2,10 DZ BANK AG - FFT",7.88,CBF&CBL
XS3021385326,"USD 4,125 KOMMUNEKREDIT (",10.40,CBF&CBL
FR0014015HK6,"EUR 3,375 CAISSE FCSE DE ",2.59,CBF&CBL
XS3280519078,"EUR 3,25 BMW FIN.NV (REGS",12.72,CBF&CBL
AT000B015888,"EUR FL.R RAIFFEISEN BANK ",0.88,CBF&CBL
XS0102835237,"GBP 4,75 AUSTRIA, REP.OF(",1.71,CBF&CBL
BE0001724757,"EUR 3,45 WALLONE, REGION ",8.05,CBF&CBL
IT0005345167,"EUR FL.R INTESA SANPAOLO ",1.25,CBF&CBL
ES00000129W2,"EUR 0,00 SPAIN, KINGDOM O",8.59,CBF&CBL
DE000A2YNRE3,"EUR 1,256 MUENCHENER HYPO",4.80,CBF&CBL
BE0002795764,"EUR 0,317 BRUSSELS, REG. ",3.28,CBF&CBL
DE000DJ9AAZ3,"EUR 4,05 DZ BANK AG - FFT",20.82,CBF&CBL
DE000A351XQ5,"EUR 3,32 DZ HYP AG 23-202",0.40,CBF&CBL
DE000BLB6J10,"EUR 2,875 BAYERISCH.LANDE",1.30,CBF&CBL
FR0011336742,"EUR 3,875 METROPOLE D AIX",0.79,CBF&CBL
DE000NLB2JB2,"EUR FL.R NORD/LB GZ (REGS",11.61,CBF&CBL
FR0013181914,"EUR 1,55 HOPITAUX PARIS (",6.50,CBF&CBL
XS1751345064,"EUR 1,452 DNB BOLIGKREDIT",3.52,CBF&CBL
DE000DDA0XY2,"EUR 0,155 DZ BANK AG - FF",7.50,CBF&CBL
BE0002796770,"EUR 1,10 BRUSSELS, REG. O",12.17,CBF&CBL
AT0000A2VDG3,"EUR 0,625 ERSTE GR.BK AG ",8.35,CBF&CBL
XS2500207324,"EUR 2,595 KOMMUNEKREDIT (",33.58,CBF&CBL
XS2500341990,"EUR 1,90 LANDWIRT.RENTENB",1.97,CBF&CBL
XS2562941927,"GBP 5,50 VOLKSWAGEN FIN(N",5.00,CBF&CBL
XS2673437484,"EUR 4,389 E.JP.RAIL CO. (",26.99,CBF&CBL
IT0005561250,"EUR 4,00 BCO DESIO BRIANZ",0.67,CBF&CBL
XS2717426576,"EUR 3,375 SPAREBANKEN NOR",0.74,CBF&CBL
DE000DJ9AGZ0,"EUR 3,36 DZ BANK AG - FFT",7.50,CBF&CBL
DE000SLB9088,"EUR 3,45 LANDESBK SAAR 25",24.54,CBF&CBL
XS0228265574,"GBP 4,55 RABOBANK 05-2029",10.10,CBF&CBL
ES0000090730,"EUR 6,60 JUNTA DE ANDALUC",2.71,CBF&CBL
FR0013272440,"EUR 1,727 HSBC CONTINENTA",18.65,CBF&CBL
FR0013297975,"EUR 1,075 REGION PAYS LOI",1.56,CBF&CBL
XS1915504044,"EUR 0,89 ABN AMRO BK NV (",0.45,CBF&CBL
FR0013428513,"EUR 1,375 ENGIE (REGS) 19",30.19,CBF&CBL
XS2154343623,"EUR 0,00 CNCL.EU DEV.BK (",0.11,CBF&CBL
DE000LFA1958,"EUR 0,01 LFA FRDRBK.BAYER",0.63,CBF&CBL
XS2435570895,"EUR 0,625 ABN AMRO BK NV ",3.01,CBF&CBL
DE000A3MQPJ2,"EUR 0,375 L-BANK (REGS/56",0.50,CBF&CBL
DE000BLB9VC4,"USD FL.R BAYERISCH.LANDES",7.50,CBF&CBL
DE000DJ9AKC1,"EUR 2,80 DZ BANK AG - FFT",7.50,CBF&CBL
BE0390180462,"EUR 4,041 BRUSSELS, REG. ",9.70,CBF&CBL
FR00140176N2,"USD FL.R BPCE (BANQUE PO ",14.25,CBF&CBL
DE000A460NF8,"EUR 2,75 INVESTITIONSBK D",8.62,CBF&CBL
FR0010809624,"EUR 0,00 FRANCE (OAT STRI",5.96,CBF&CBL
XS0503724642,"EUR 4,20 OEBB INFRASTRUKT",1.76,CBF&CBL
BE6274592508,"EUR 1,913 SNCB HOLDING 14",8.37,CBF&CBL
FR0014005ZQ6,"EUR 1,00 ENGIE (REGS) (EM",25.97,CBF&CBL
DE000A3MQYL0,"EUR 1,625 LAND BERLIN 22-",2.03,CBF&CBL
XS2523326853,"EUR 2,00 BAWAG (AT) (REGS",1.80,CBF&CBL
XS2615559130,"EUR 3,50 NATL BK CANADA (",0.61,CBF&CBL
XS3072238309,"EUR 2,625 ASIAN INFRA INV",16.22,CBF&CBL
XS3112555258,"EUR 2,625 LANDWIRT.RENTEN",1.94,CBF&CBL
DE000LB6A0C9,"EUR 3,00 LBK BADEN-WUERTT",25.30,CBF&CBL
DE000BU0E386,"EUR 0,00 BUNDES DEUTSCH 1",0.09,CBF&CBL
XS0974530049,"EUR 3,54 BANQUE FEDERATIV",7.50,CBF&CBL
XS1906456220,"EUR 0,00 IBRD-WORLD BANK ",8.14,CBF&CBL
DE000BHY0BQ4,"EUR 0,375 LBK BADEN-WUERT",0.95,CBF&CBL
IT0005390874,"EUR 0,85 ITALY, REP.OF (B",0.15,CBF&CBL
ES0413900640,"EUR FL.R BANCO SANTANDER ",0.35,CBF&CBL
XS2421186268,"EUR 0,01 BK.NOVA SCOTIA  ",0.47,CBF&CBL
DE000A3H2Y73,"EUR 0,625 LAND BERLIN (RE",7.45,CBF&CBL
ES0415306101,"EUR 3,00 CAJA RURAL NAVAR",0.36,CBF&CBL
DE000MHB4818,"EUR 3,125 MUENCHENER HYPO",3.34,CBF&CBL
AT0000A36FK7,"EUR 3,20 ERSTE GR.BK AG 2",7.50,CBF&CBL
XS2744125001,"EUR 2,625 ING BANK N.V. (",0.45,CBF&CBL
AT0000A3BK56,"EUR 3,00 ERSTE GR.BK AG 2",17.47,CBF&CBL
DE000LB5C5U9,"EUR 2,40 LBK BADEN-WUERTT",7.50,CBF&CBL
DE000LB5LJ35,"EUR 2,10 LBK BADEN-WUERTT",7.50,CBF&CBL
DE000LB52L40,"EUR 2,80 LBK BADEN-WUERTT",17.71,CBF&CBL
EU000A4ES497,"EUR 4,00 EUROPEAN UNION (",3.31,CBF&CBL
BE0002431063,"EUR 2,835 BELFIUS BANK SA",3.34,CBF&CBL
FR0013154523,"EUR 1,60 BPCE (REGS) 16-2",15.27,CBF&CBL
DE000HLB4WP9,"EUR 0,955 LANDESBANK HESS",7.50,CBF&CBL
XS2135801160,"EUR 2,822 BP CAPITAL MARK",13.23,CBF&CBL
DE000A2NB9Y6,"EUR 0,01 LAND BERLIN 20-2",0.40,CBF&CBL
ES0000012H41,"EUR 0,10 SPAIN, KINGDOM O",2.02,CBF&CBL
FR00140056A3,"EUR 0,394 ALPES COTE D AZ",6.30,CBF&CBL
FR001400B9U1,"EUR 2,375 CREDIT MUTUEL H",0.48,CBF&CBL
AT0000A33982,"EUR FL.R ERSTE GR.BK AG (",0.44,CBF&CBL
XS2887172067,"EUR 2,75 BNG BANK N.V. (R",2.56,CBF&CBL
DE000BYL0AG1,"EUR 2,315 BAYERISCH.LANDE",7.50,CBF&CBL
DE000A352AD9,"EUR 2,50 LAND SACHSEN ANH",0.65,CBF&CBL
DE000A4DFUT1,"EUR 2,75 INV.UND STR.BK I",18.85,CBF&CBL
DE000A3825W8,"EUR 3,00 DZ HYP AG 25-203",2.81,CBF&CBL
DE000LB63WK1,"EUR 2,74 LBK BADEN-WUERTT",7.50,CBF&CBL
FRCASA011017,"EUR 0,00 CREDIT AGRICOLE ",31.02,CBF&CBL
XS1236858657,"EUR 2,127 ITALY, REP.OF (",0.33,CBF&CBL
DE000A2E4X97,"EUR 0,90 KREISSPARK GOEPP",1.02,CBF&CBL
IT0005248130,"EUR 0,00 ITALY, REP.OF (B",10.68,CBF&CBL
DE000HLB4XA9,"EUR 0,871 LANDESBANK HESS",7.50,CBF&CBL
XS2014373182,"EUR 0,00 COOP RABOBK UA (",0.36,CBF&CBL
XS2168629967,"EUR 1,25 HEINEKEN NV (REG",18.32,CBF&CBL
AT0000A2QDQ2,"EUR 0,01 HYPO TIROL BANK ",1.58,CBF&CBL
DE000A3MQP75,"EUR 1,25 L-BANK 22-2026",0.50,CBF&CBL
DE000A30V3E4,"EUR 3,31 MUENCHENER HYPOB",0.71,CBF&CBL
AT000B066998,"EUR 1,625 RAIFFEISENLANDE",1.02,CBF&CBL
DE000A30VNR5,"EUR FL.R IB SCHLESWIG-HOL",7.50,CBF&CBL
FR001400CHC6,"EUR 1,75 CADES (REGS) 22-",0.55,CBF&CBL
DE000DB9WSF9,"EUR 3,50 DEUTSCHE BANK AG",20.72,CBF&CBL
XS1444493552,"EUR 0,73 DNB BOLIGKREDIT ",1.87,CBF&CBL
BE3871271016,"EUR 0,60 BELGIUM, KINGDOM",0.69,CBF&CBL
DE000A1X3JM6,"EUR 0,75 HAMBURGISCHE INV",7.50,CBF&CBL
XS2015295491,"EUR 0,98 DNB BOLIGKREDIT ",5.29,CBF&CBL
FR0013477940,"EUR 0,50 BPCE (REGS) 20-2",2.61,CBF&CBL
FR0013518099,"EUR 1,00 SOC. NAT. SNCF (",8.02,CBF&CBL
DE000BLB9M53,"EUR 0,02 BAYERISCH.LANDES",14.24,CBF&CBL
IT0005449969,"EUR 0,95 ITALY, REP.OF (B",2.52,CBF&CBL
DE000A3MP7P2,"EUR 0,01 INV.BK SACHS.ANH",0.40,CBF&CBL
XS2491737461,"EUR 2,00 AB SVENSK EXP (R",0.56,CBF&CBL
DE000NLB4RA3,"EUR 4,25 NORD/LB GZ 23-20",19.34,CBF&CBL
AT0000A33N23,"EUR 3,25 HYPO NOE LANDES ",0.57,CBF&CBL
DE000A3SJZK1,"EUR 0,25 WIRTSCHAFTS-INFR",5.51,CBF&CBL
DE000NLB3VZ4,"EUR 0,525 NORD/LB GZ 22-2",11.22,CBF&CBL
DE000DW6C1M7,"EUR 2,62 DZ BANK AG - FFT",7.50,CBF&CBL
FR001400JMF4,"EUR 3,405 CREDIT AGRICOLE",2.21,CBF&CBL
DE000DJ9AM96,"EUR 2,50 DZ BANK AG - FFT",10.11,CBF&CBL
DE000LB5H3B9,"EUR 2,75 LBK BADEN-WUERTT",10.98,CBF&CBL
DE000DJ9AZC9,"EUR FL.R DZ BANK AG - FFT",17.10,CBF&CBL
DE000DP9BEL5,"EUR 1,90 DZ BANK AG - FFT",7.50,CBF&CBL
XS3519607280,"EUR 0,00 AUSTRIA, REP.OF ",0.54,CBF&CBL
XS0762739448,"EUR 3,53 NEDERLAND.WATER.",1.81,CBF&CBL
DE000A11QTF7,"EUR 0,375 KFW 15-2030",1.39,CBF&CBL
DE000DDA0Q38,"EUR 0,35 DZ BANK AG - FFT",7.50,CBF&CBL
DE000LB2CKB2,"EUR FL.R LBK BADEN-WUERTT",9.31,CBF&CBL
XS2002491780,"EUR 0,875 TENNET NETHERLA",8.30,CBF&CBL
DE000A3E5W46,"EUR 0,01 INV.UND STR.BK I",7.50,CBF&CBL
AT0000A2UXN9,"EUR 0,50 ERSTE GR.BK AG (",3.02,CBF&CBL
FR0014008C18,"EUR 0,6175 CAISSE FCSE DE",1.91,CBF&CBL
DE0001143956,"EUR 0,00 BUNDES DEUTSCH 2",2.50,CBF&CBL
XS2607063497,"EUR 3,25 CIBC CANADA (REG",0.40,CBF&CBL
DE000SLB1580,"EUR 2,50 LANDESBK SAAR 25",0.71,CBF&CBL
DE000LB6E2Y5,"EUR 2,70 LBK BADEN-WUERTT",16.34,CBF&CBL
DE000A3825R8,"EUR 3,00 DZ HYP AG 25-203",2.41,CBF&CBL
XS1992927902,"EUR 1,231 BP CAPITAL MARK",11.75,CBF&CBL
IT0005386922,"EUR 0,875 BCA.MONTE DEI P",0.37,CBF&CBL
FR0013476595,"EUR 0,664 VEOLIA ENVT. (R",12.78,CBF&CBL
DE000A3SJZM7,"EUR 0,45 WIRTSCHAFTS-INFR",5.15,CBF&CBL
XS2356030556,"EUR 1,25 CTP N.V. (REGS/5",8.30,CBF&CBL
XS2403533263,"EUR 1,00 A2A SPA (REGS/11",19.59,CBF&CBL
FR001400D8T3,"EUR 3,43 REG CENTRE-VAL 2",6.57,CBF&CBL
XS2804485758,"EUR FL.R TOR-DOMINION BK(",0.39,CBF&CBL
DE000LB56E86,"EUR 2,75 LBK BADEN-WUERTT",15.42,CBF&CBL
IT0005675332,"EUR 3,578 MEDIOBANCA SPA ",4.54,CBF&CBL
DE000LB6R0M9,"EUR 3,25 LBK BADEN-WUERTT",26.01,CBF&CBL
DE000DP9BJL4,"EUR 2,35 DZ BANK AG - FFT",7.50,CBF&CBL
XS0093667334,"EUR 5,625 EUROP.INVEST.BK",0.33,CBF&CBL
XS1957516252,"EUR 0,375 DEUT.APOTHEKER ",0.36,CBF&CBL
EU000A2R4FY3,"EUR 0,50 EUROPEAN UNION (",2.01,CBF&CBL
DE000HLB4YQ3,"EUR 0,546 LANDESBANK HESS",7.84,CBF&CBL
FR0013453123,"EUR 0,1245 CREDIT AGRICOL",7.50,CBF&CBL
XS2103013210,"EUR 0,375 RED ELECTRICA F",5.65,CBF&CBL
FR0013523677,"EUR 0,00 AGENCE FRANCE LO",0.72,CBF&CBL
FR0014003GU3,"EUR 0,929 DEPARTEM VAL OI",8.51,CBF&CBL
FR0014004JA7,"EUR 0,75 ACTION LOGEMENT ",8.76,CBF&CBL
DE000BHY0H59,"EUR 0,05 LBK BADEN-WUERTT",7.50,CBF&CBL
DE000HLB4785,"EUR FL.R LANDESBANK HESS-",7.50,CBF&CBL
DE000A30WF27,"EUR 3,00 DT. PFANDBRIEFBA",0.37,CBF&CBL
IT0005534984,"EUR FL.R ITALY, REP.OF (C",1.04,CBF&CBL
DE000NWB9122,"EUR 2,625 NRW.BANK (REGS/",1.15,CBF&CBL
DE000LB39BP4,"EUR 3,00 LBK BADEN-WUERTT",2.15,CBF&CBL
DE000HEL0FM6,"EUR 2,50 LANDESBANK HESS-",12.02,CBF&CBL
DE000DJ9AYT6,"EUR 1,90 DZ BANK AG - FFT",7.50,CBF&CBL
DE000BU4K112,"EUR 0,00 BUNDES DEUTSCH 2",2.23,CBF&CBL
AT0000A3TYA4,"EUR 3,25 KOMMUNALKREDIT A",1.73,CBF&CBL
FR0010482703,"EUR 0,00 FRANCE (OAT STRI",8.63,CBF&CBL
FR0010945436,"GBP 5,125 EDF (REGS) 10-2",30.27,CBF&CBL
DE000NRW0GG0,"EUR 0,75 NORDRHEIN-WESTFA",0.50,CBF&CBL
FR0013250560,"EUR 1,00 FRANCE (REGS OAT",0.12,CBF&CBL
DE000A2YPFU9,"EUR 1,125 MERCEDES-BENZ G",12.76,CBF&CBL
DE000SCB0039,"EUR 1,625 DEUTSCHE KREDIT",1.73,CBF&CBL
FR001400F5R1,"EUR 3,125 BPCE SFH (REGS)",0.36,CBF&CBL
DE000SHFM881,"EUR 2,875 SCHLESWIG-HOLST",0.55,CBF&CBL
IT0005560948,"EUR 4,20 ITALY, REP.OF (B",2.84,CBF&CBL
DE000LB4W3V9,"EUR 3,27 LBK BADEN-WUERTT",11.22,CBF&CBL
XS2972992478,"USD 4,00 DZ BANK AG - FFT",7.50,CBF&CBL
DE000LFA2535,"EUR 2,625 LFA FRDRBK.BAYE",1.72,CBF&CBL
FR0010371427,"EUR 0,00 FRANCE (OAT PRIN",2.98,CBF&CBL
FR0011351253,"GBP 3,613 COMP.FINA.FONCI",1.36,CBF&CBL
XS1143270343,"EUR 2,75 VODAFONE GROUP P",20.80,CBF&CBL
XS1207450005,"EUR 0,875 AGENCE FR DE DE",3.26,CBF&CBL
FR0012990315,"USD 4,75 EDF (REGS) 15-20",29.32,CBF&CBL
FR0013234952,"EUR 1,5107 CAISSE FCSE DE",3.24,CBF&CBL
XS2060691040,"EUR 0,375 NV NEDERLANDSE ",11.54,CBF&CBL
DE000HV2AY12,"EUR 2,625 UNICREDIT BANK ",0.56,CBF&CBL
DE000SLB8916,"EUR 3,56 LANDESBK SAAR 24",8.56,CBF&CBL
XS2797547515,"EUR 3,95 BANK GOSPODARSTW",19.44,CBF&CBL
FR001400P991,"EUR 3,635 DEPT DE LA GIRO",6.08,CBF&CBL
DE000A4DE2P6,"EUR 3,01 IB SCHLESWIG-HOL",35.47,CBF&CBL
FR001400ZUE6,"EUR 3,125 COMP.FINA.FONCI",2.22,CBF&CBL
XS3201963298,"EUR FL.R OP CORPOR BK PL ",21.07,CBF&CBL
DE000NLB5339,"EUR 2,65 NORD/LB GZ 26-20",7.50,CBF&CBL
XS1505568136,"EUR 1,25 TENNET NETHERLA ",14.74,CBF&CBL
XS1595796035,"GBP 2,25 DEUT.TKOM.INT.FI",6.84,CBF&CBL
XS1673102734,"EUR 1,50 ISS GLOBAL A/S (",5.00,CBF&CBL
DE000A2LQ4T2,"EUR 1,21 MUENCHENER HYPOB",0.71,CBF&CBL
FR0013343035,"EUR 1,103 DEP SEINE ET MA",0.84,CBF&CBL
XS1996646896,"EUR 0,10 CA CIB (REGS/508",14.09,CBF&CBL
DE000A2YNZY4,"EUR 1,125 MERCEDES-BENZ (",18.61,CBF&CBL
XS2100664114,"EUR 1,50 DIGITAL DUTCH F ",10.34,CBF&CBL
XS2332799431,"EUR 0,01 DEKABANK (REGS) ",1.80,CBF&CBL
DE000A3E5S18,"EUR 0,20 BAUSPARK. SCHWA ",2.10,CBF&CBL
XS2635185437,"USD 5,00 SLOVENIA REP.OF ",4.94,CBF&CBL
IT0005550287,"EUR 0,00 ITALY, REP.OF (B",6.19,CBF&CBL
DE000LB56EA4,"EUR 3,00 LBK BADEN-WUERTT",20.35,CBF&CBL
DE000A4DFHM3,"EUR 2,625 SSPK.MUENCHEN 2",2.07,CBF&CBL
DE000HLB0P56,"EUR 2,00 LANDESBANK HESS-",0.62,CBF&CBL
IT0005240350,"EUR 2,45 ITALY, REP.OF (R",2.80,CBF&CBL
XS1992931508,"EUR 0,831 BP CAPITAL MARK",5.00,CBF&CBL
FR0013455821,"EUR XXX ENGIE (REGS) 19-2",33.95,CBF&CBL
DE0001141844,"EUR 0,00 BUNDES DEUTSCH 2",0.05,CBF&CBL
XS2348325221,"EUR 0,125 TENNET NETHERLA",5.00,CBF&CBL
IT0005481517,"EUR FL.R INTESA SANPAOLO ",0.37,CBF&CBL
AT000B067087,"EUR 3,00 RAIFFEISENLANDES",0.40,CBF&CBL
XS2621830848,"EUR 3,125 DANSKE MTG BK (",0.40,CBF&CBL
DE000CZ43Z72,"EUR 3,375 COMMERZBK AG (R",0.67,CBF&CBL
XS2763640815,"GBP 3,875 LANDWIRT.RENTEN",1.05,CBF&CBL
DE000DB9VRP2,"EUR 3,30 DEUTSCHE BANK AG",14.90,CBF&CBL
FI4000570684,"EUR 3,125 MORTGAGE SOCIET",0.98,CBF&CBL
DE000DJ9AN20,"EUR 2,25 DZ BANK AG - FFT",7.50,CBF&CBL
DE000BYL0EP4,"EUR 2,10 BAYERISCH.LANDES",7.50,CBF&CBL
XS3289057104,"USD FL.R AB SVENSK EXP (7",1.36,CBF&CBL
DE0001142628,"EUR 0,00 BRD (STRIPS COUP",0.61,CBF&CBL
FR0011637750,"EUR 3,343 AUTOROUTE DU SU",5.67,CBF&CBL
XS1292974414,"EUR 1,875 BANQUE FEDERATI",7.50,CBF&CBL
ES0001353400,"EUR 1,592 COMUNIDAD NAVAR",1.05,CBF&CBL
FR0013256872,"EUR 1,39 CAISSE FCSE DE (",2.29,CBF&CBL
DE000A2GSP56,"EUR 0,875 DZ HYP AG (REGS",0.52,CBF&CBL
DE000HLB4XL6,"EUR FL.R LANDESBANK HESS-",7.50,CBF&CBL
XS2343538372,"EUR 0,00 EUROP.INVEST.BK ",0.51,CBF&CBL
FR0014007AV5,"EUR 0,215 AUVERGNE- RHONE",3.01,CBF&CBL
DE000BHY0GN0,"EUR 0,375 LBK BADEN-WUERT",7.50,CBF&CBL
XS2570364138,"EUR 3,125 JBIC (SEC) 23-2",7.50,CBF&CBL
AT0000A32SJ1,"EUR 3,375 RAIFFEISENVERBA",0.55,CBF&CBL
DE000DJ9AAR0,"EUR 3,30 DZ BANK AG - FFT",7.53,CBF&CBL
FR001400WR23,"EUR 3,00 CCF SFH (REGS) 2",1.22,CBF&CBL
DE000LB4W9X2,"EUR 3,00 LBK BADEN-WUERTT",2.47,CBF&CBL
DE000SKB09D9,"EUR XXX SPK KOELN-BONN (R",2.13,CBF&CBL
DE000LB69L82,"EUR 3,65 LBK BADEN-WUERTT",33.77,CBF&CBL
XS1731837123,"EUR 1,481 NATIONWIDE BS (",3.49,CBF&CBL
DE000DDA0K42,"EUR FL.R DZ BANK AG - FFT",7.50,CBF&CBL
DE000DDA0NF2,"EUR 1,06 DZ BANK AG - FFT",7.50,CBF&CBL
DE000HV2AS10,"EUR 0,25 UNICREDIT BANK (",1.69,CBF&CBL
XS2104301135,"EUR FL.R AIB MORTGAGE BK ",0.35,CBF&CBL
AT0000A32S78,"EUR 3,25 OBERBANK AG(AT) ",1.47,CBF&CBL
DE000NLB4WQ9,"EUR 3,35 NORD/LB GZ 23-20",7.50,CBF&CBL
XS2730790768,"EUR 3,13 ING BANK N.V. (R",0.42,CBF&CBL
XS2753427421,"USD 4,25 CADES (REGS/38) ",0.47,CBF&CBL
DE000LB51CP7,"EUR 2,45 LBK BADEN-WUERTT",7.50,CBF&CBL
AT0000A3QG14,"EUR 2,625 HYPO NOE LANDES",1.52,CBF&CBL
BE0312827026,"EUR 0,00 BELGIUM, KINGDOM",0.69,CBF&CBL
DE000NRW21Q8,"EUR 2,50 NORDRHEIN-WESTFA",0.70,CBF&CBL
FR0013088598,"EUR 2,03 HSBC CONTINENTA ",13.66,CBF&CBL
XS1381920161,"EUR 1,11 SWEDBANK MORTGAG",1.73,CBF&CBL
BE6285675755,"EUR 1,741 WALLONE, REGION",7.13,CBF&CBL
DE000NLB2575,"EUR 1,65 NORD/LB GZ 18-20",9.37,CBF&CBL
DE000NLB27J7,"EUR 0,80 NORD/LB GZ 19-20",9.76,CBF&CBL
FR00140002P5,"EUR 0,00 CADES (REGS) 20-",0.67,CBF&CBL
FR0014002GB5,"EUR 0,375 AFD (REGS) 21-2",6.31,CBF&CBL
DE000HLB47F5,"EUR 2,95 LANDESBANK HESS-",7.50,CBF&CBL
DE000NLB35G6,"EUR 3,40 NORD/LB GZ 23-20",8.89,CBF&CBL
DE000DJ9AKM0,"EUR FL.R DZ BANK AG - FFT",11.58,CBF&CBL
DE000LB5JVM4,"EUR 2,37 LBK BADEN-WUERTT",7.50,CBF&CBL
DE000LB5R7B8,"EUR 2,80 LBK BADEN-WUERTT",22.15,CBF&CBL
BE0002912930,"EUR FL.R BRUSSELS, REG. O",3.07,CBF&CBL
FR001400LQ50,"EUR 4,00 PARIS, VILLE DE ",5.85,CBF&CBL
DE000A5JCXR0,"EUR 3,125 KSPK.KOELN (REG",2.20,CBF&CBL
FR0011277318,"EUR 3,50 PARIS, VILLE DE ",3.61,CBF&CBL
XS0937160272,"EUR 2,979 R BOSCH INVEST ",15.39,CBF&CBL
DE000DDA0K59,"EUR FL.R DZ BANK AG - FFT",7.50,CBF&CBL
DE000DDA0LJ8,"EUR FL.R DZ BANK AG - FFT",7.50,CBF&CBL
XS1920026058,"EUR 1,706 OP CORPOR BK PL",21.17,CBF&CBL
DE000A1RQDJ1,"EUR 0,277 HESSEN LAND 19-",9.36,CBF&CBL
DE000BHY0JG8,"EUR 1,125 LBK BADEN-WUERT",17.02,CBF&CBL
XS2596045752,"EUR 4,03 SID SLOVENSKA (R",11.01,CBF&CBL
FR001400L3V0,"EUR FL.R REG CENTRE-VAL (",0.96,CBF&CBL
DE000DW6DAJ0,"EUR 3,35 DZ BANK AG - FFT",7.50,CBF&CBL
FR001400LUJ5,"EUR FL.R AUVERGNE- RHONE ",0.72,CBF&CBL
DE000DJ9AED2,"EUR 2,65 DZ BANK AG - FFT",7.50,CBF&CBL
XS2824765338,"EUR 2,875 AFRICAN DEV.BK ",0.49,CBF&CBL
DE000BYL0AE6,"EUR 2,449 BAYERISCH.LANDE",7.50,CBF&CBL
DE000LB51ZS2,"USD 4,00 LBK BADEN-WUERTT",14.75,CBF&CBL
LU3259937665,"EUR 2,25 LUXEMBOURG, G-D ",0.87,CBF&CBL
BE6374825824,"EUR 0,00 ARGENTA SPAARBAN",1.70,CBF&CBL
XS0733130156,"EUR 4,07 BUNDESIMMOBILIEN",11.35,CBF&CBL
BE0008514755,"EUR 0,00 BELGIUM, KINGDOM",0.69,CBF&CBL
ES0000101669,"EUR 2,65 COMUN.DE MADRID ",8.89,CBF&CBL
FR0012829299,"EUR 1,783 LA BANQUE POSTA",3.83,CBF&CBL
XS1894674867,"EUR 1,695 ASN BANK N.V. (",3.67,CBF&CBL
DE000BYL0DE0,"EUR 2,10 BAYERISCH.LANDES",7.50,CBF&CBL
DE000A383DB2,"EUR 3,00 OLDENBURGISCHE L",2.48,CBF&CBL
DE000NLB5115,"EUR FL.R NORD/LB GZ 25-20",4.04,CBF&CBL
DE000LB6SWB4,"EUR 2,45 LBK BADEN-WUERTT",11.95,CBF&CBL
FI4000606033,"EUR 0,00 FINLAND REP.OF 1",0.54,CBF&CBL
XS0506861243,"EUR 5,40 GENERALITAT CATA",3.87,CBF&CBL
XS1227831382,"EUR 1,666 ITALY, REP.OF (",0.91,CBF&CBL
XS1511781897,"EUR 0,625 LANDWIRT.RENTEN",3.29,CBF&CBL
BE6296867151,"EUR 1,745 COMMUNAUT FRANC",6.32,CBF&CBL
EU000A1G0D70,"EUR 0,95 EFSF (REGS) 18-2",0.98,CBF&CBL
DE000A2NBGG9,"EUR 0,75 EMISSIONS K DE 1",0.68,CBF&CBL
NL0013332430,"EUR 0,25 DUTCH STATE 19-2",1.08,CBF&CBL
XS2236363573,"EUR 1,875 AMADEUS IT GROU",6.13,CBF&CBL
AT0000A2STT8,"EUR 0,01 HYPO NOE LANDES ",0.72,CBF&CBL
DE000A3E5U22,"EUR 0,01 DZ HYP AG (REGS)",0.40,CBF&CBL
XS2631415556,"EUR 3,425 BNG BANK N.V. (",3.78,CBF&CBL
XS2736459004,"EUR 3,061 KOMMUNEKREDIT (",36.68,CBF&CBL
DE000A30VRV8,"EUR 2,625 LANDESBK BERLIN",2.04,CBF&CBL
DE000A3MQTL0,"EUR FL.R HAMBURG HANSESTA",0.38,CBF&CBL
DE000NRW0LR7,"EUR 2,515 NORDRHEIN-WESTF",0.50,CBF&CBL
ES00000129I1,"EUR 0,00 SPAIN, KINGDOM O",4.92,CBF&CBL
AT0000A34CR4,"EUR 3,25 HYPO VORARLBERG ",0.49,CBF&CBL
DE000A3SJZV8,"EUR 3,58 WIRTSCHAFTS-INFR",4.33,CBF&CBL
DE000LB50ER1,"USD 4,30 LBK BADEN-WUERTT",14.54,CBF&CBL
DE000HEL0J66,"EUR 1,90 LANDESBANK HESS-",7.50,CBF&CBL
DE000LB691N4,"EUR 2,80 LBK BADEN-WUERTT",14.69,CBF&CBL
IT0005093288,"EUR 0,00 ITALY, REP.OF (B",6.45,CBF&CBL
DE000BLB4TS5,"EUR FL.R BAYERISCH.LANDES",7.50,CBF&CBL
EU000A1G0DW4,"EUR 1,80 EFSF (REGS) 17-2",10.71,CBF&CBL
FR0013291101,"EUR 1,323 ALPES COTE D AZ",3.34,CBF&CBL
DE000A2TSD30,"EUR 0,468 DZ HYP AG 20-20",11.43,CBF&CBL
XS2189259018,"EUR 0,25 EUROP.INVEST.BK ",2.75,CBF&CBL
FR0013533767,"EUR 0,00 ALPES COTE D AZU",0.72,CBF&CBL
DE000A3H20D1,"EUR 0,01 NIEDERSACHSEN LA",0.39,CBF&CBL
XS2564427875,"EUR 2,934 NATIONWIDE BS (",3.49,CBF&CBL
FR001400ELT8,"EUR FL.R REG CENTRE-VAL (",1.90,CBF&CBL
IT0005542359,"EUR 4,00 ITALY, REP.OF (B",2.35,CBF&CBL
DE000DW6C706,"EUR FL.R DZ BANK AG - FFT",18.34,CBF&CBL
DE000BU4K039,"EUR 0,00 BUNDES DEUTSCH 2",1.73,CBF&CBL
XS2757519017,"EUR 3,10 ONTARIO,PROVINCE",3.06,CBF&CBL
AT0000A3B0J1,"EUR 3,00 ERSTE GR.BK AG (",10.31,CBF&CBL
FR001400QHK9,"GBP 4,75 AGENCE FRANCE LO",0.79,CBF&CBL
IT0005610941,"EUR 3,00 BCO DESIO BRIANZ",1.06,CBF&CBL
XS3075490188,"EUR 3,25 BMW FIN.NV (REGS",11.44,CBF&CBL
XS3206563549,"EUR 2,75 TOYOTA MOTO.FIN.",8.57,CBF&CBL
IT0005481038,"EUR 0,75 CA ITALIA SPA (R",4.46,CBF&CBL
DE000NRW0NG6,"EUR 2,25 NORDRHEIN-WESTFA",6.15,CBF&CBL
DE000DJ9AFF4,"EUR 3,38 DZ BANK AG - FFT",7.50,CBF&CBL
XS2778367933,"USD 4,625 NRW.BANK (REGS/",0.49,CBF&CBL
FR001400PID4,"EUR 3,455 CREDIT AGRICOLE",13.38,CBF&CBL
DE000DJ9AXZ5,"EUR 1,85 DZ BANK AG - FFT",7.50,CBF&CBL
BE0390295641,"EUR 3,584 WALLONE, REGION",5.40,CBF&CBL
FR0014019MS1,"EUR 2,875 COMP.FINA.FONCI",0.96,CBF&CBL
DE000LB66YJ2,"EUR 3,00 LBK BADEN-WUERTT",18.26,CBF&CBL
FR0011495019,"EUR 2,371 CAISSE DES DEPO",4.18,CBF&CBL
IT0005177628,"EUR 0,00 ITALY, REP.OF (B",7.18,CBF&CBL
XS2308329783,"EUR 0,00 KOMMUNEKREDIT 21",13.91,CBF&CBL
XS2786380902,"EUR FL.R BNG BANK N.V. (R",1.75,CBF&CBL
IT0005387201,"EUR 0,00 ITALY, REP.OF (B",1.79,CBF&CBL
AT0000A3FSA5,"EUR 2,625 OBEROEST.LBK AG",1.80,CBF&CBL
DE000WBP0BP8,"EUR 2,875 WUESTENROT BSPK",2.06,CBF&CBL
FR0014016C67,"EUR 4,20 PARIS, VILLE DE ",5.62,CBF&CBL
ES00001010S1,"EUR 3,216 COMUN.DE MADRID",3.68,CBF&CBL
FR0129570612,"EUR 0,00 FRANCE (BTF) 130",0.07,CBF&CBL
DE000BU25075,"EUR 2,90 BUNDES DEUTSCH 2",1.20,CBF&CBL
DE0003088704,"EUR FL.R DEUTSCHE BANK AG",8.93,CBF&CBL
DE000A2GS2D5,"EUR 1,54 KSPSK HEILBRONN ",6.01,CBF&CBL
XS2026172804,"EUR 0,63 BNG BANK N.V. (R",8.58,CBF&CBL
DE000LFA1859,"EUR 0,30 LFA FRDRBK.BAYER",1.14,CBF&CBL
BE0002893742,"EUR FL.R BRUSSELS, REG. O",2.60,CBF&CBL
FR001400JMC1,"EUR 3,379 CREDIT AGRICOLE",1.83,CBF&CBL
DE000NLB4WU1,"EUR 3,75 NORD/LB GZ 23-20",15.47,CBF&CBL
DE000A3828B6,"EUR 3,22 KSPK.KOELN (REGS",4.61,CBF&CBL
FR0011224963,"EUR 4,625 VEOLIA ENVT. (R",5.00,CBF&CBL
BE6287071169,"EUR FL.R COMMUNAUT FRANCA",0.72,CBF&CBL
BE0001778324,"EUR 1,805 WALLONE, REGION",7.45,CBF&CBL
ES0000101883,"EUR 3,076 COMUN.DE MADRID",10.55,CBF&CBL
FR0013506821,"EUR 2,625 UNIBAIL-ROD WES",10.40,CBF&CBL
EU000A3K4DC0,"EUR 0,875 EUROPEAN UNION ",2.24,CBF&CBL
XS2572298409,"EUR 3,25 RAIF.LBK NIEDERO",1.13,CBF&CBL
FR001400G6E6,"EUR 3,125 CADES (REGS) 23",1.58,CBF&CBL
DE000MHB4842,"EUR FL.R MUENCHENER HYPOB",1.04,CBF&CBL
IT0005550295,"EUR 0,00 ITALY, REP.OF (B",6.25,CBF&CBL
ES00001010Q5,"EUR 3,137 COMUN.DE MADRID",3.36,CBF&CBL
DK0009420655,"EUR 3,25 JYSKE REALKREDI ",1.51,CBF&CBL
ES0000011868,"EUR 6,00 SPAIN, KINGDOM O",1.10,CBF&CBL
FR0000578577,"EUR 0,00 FRANCE (OAT STRI",0.80,CBF&CBL
XS0606881331,"EUR 5,135 TELIASONERA  AB",12.46,CBF&CBL
DE0003811592,"EUR 0,00 BUNDES DEUTSCH (",3.38,CBF&CBL
ES0001351495,"EUR 1,975 CASTILLA Y LEON",1.15,CBF&CBL
XS1784071042,"EUR 1,375 NORDEA MORTGAGE",1.98,CBF&CBL
XS1824461906,"EUR 1,485 ABN AMRO BK NV ",2.61,CBF&CBL
XS1935245917,"EUR 1,63 ASN BANK N.V. (R",3.74,CBF&CBL
FR0013487071,"EUR 0,01 CREDIT AGR HOME ",1.64,CBF&CBL
FR0013518644,"EUR FL.R BNP PARIBAS HOME",0.88,CBF&CBL
ES0000012D86,"EUR 0,00 SPAIN, KINGDOM O",10.10,CBF&CBL
DE000NLB34R6,"EUR FL.R NORD/LB GZ 23-20",7.50,CBF&CBL
DE000A1RQEG5,"EUR 2,625 HESSEN LAND 22-",0.40,CBF&CBL
DE000A30V8U9,"EUR 3,00 SPARKASSE HANNOV",0.53,CBF&CBL
IT0005521171,"EUR 4,30 ENI SPA (REGS) 2",5.00,CBF&CBL
XS3283523622,"EUR FL.R BIL LUXEMBOURG S",7.50,CBF&CBL
XS3310478485,"EUR 2,625 ROYAL BK.CANADA",0.96,CBF&CBL
XS3517390889,"EUR 0,00 AUSTRIA, REP.OF ",0.54,CBF&CBL
XS0100583177,"EUR 0,00 EUROP.INVEST.BK ",0.70,CBF&CBL
XS0123656836,"GBP 5,25 RESEAU FERRE FR ",3.36,CBF&CBL
ES0000107112,"EUR 4,6455 COMUNIDAD ARAG",5.39,CBF&CBL
DE0001734457,"EUR 6,50 RHEINLAND-PFALZ ",4.17,CBF&CBL
XS0749005343,"EUR 2,452 AUSTRIA, REP.OF",1.61,CBF&CBL
AT0000A16WK4,"EUR 3,06 ERSTE GR.BK AG 1",8.72,CBF&CBL
ES0000101743,"EUR 3,756 COMUN.DE MADRID",11.14,CBF&CBL
DE000LFA1701,"EUR 1,00 LFA FRDRBK.BAYER",0.95,CBF&CBL
DE000DG4UCY4,"EUR FL.R DZ BANK AG - FFT",7.50,CBF&CBL
XS2007244614,"EUR 0,375 AB SVERIGES SAK",0.95,CBF&CBL
XS2265990452,"EUR 0,25 HERA SPA (REGS/1",12.54,CBF&CBL
BE6338167909,"EUR 3,625 EUROCLEAR BANK ",7.50,CBF&CBL
FR001400DC98,"EUR 3,25 LA BANQUE POSTAL",1.14,CBF&CBL
DE000BLB6JV5,"EUR 3,00 BAYERISCH.LANDES",0.92,CBF&CBL
DE000A351XV5,"EUR 3,125 DZ HYP AG (REGS",2.16,CBF&CBL
DE000DJ9ALT3,"EUR 3,20 DZ BANK AG - FFT",7.50,CBF&CBL
DE000BLB9YW6,"EUR 2,50 BAYERISCH.LANDES",7.50,CBF&CBL
DE000LB5K7M2,"EUR 2,45 LBK BADEN-WUERTT",11.15,CBF&CBL
DE000LB59Z39,"EUR 3,04 LBK BADEN-WUERTT",25.08,CBF&CBL
DE000LB6E343,"EUR 3,25 LBK BADEN-WUERTT",33.17,CBF&CBL
DE000LB4XCM8,"EUR 2,94 LBK BADEN-WUERTT",16.34,CBF&CBL
DE000LB6GLN7,"EUR 2,25 LBK BADEN-WUERTT",7.77,CBF&CBL
DE000RLP1676,"EUR 2,375 RHEINLAND-PFALZ",0.50,CBF&CBL
XS2982340254,"EUR FL.R CENT. BK SAVINGS",7.50,CBF&CBL
DE000LB59A12,"EUR 2,30 LBK BADEN-WUERTT",10.16,CBF&CBL
ES0000090748,"EUR 7,50 JUNTA DE ANDALUC",2.69,CBF&CBL
FR0013183241,"EUR 1,53 BPCE (REGS) 16-2",15.75,CBF&CBL
FR0013257227,"EUR 1,40 CREDIT AGRICOLE ",7.50,CBF&CBL
DE000HLB4XE1,"EUR FL.R LANDESBANK HESS-",8.73,CBF&CBL
BE6326354147,"EUR 0,392 COMMUNAUT FRANC",8.82,CBF&CBL
XS2459747791,"EUR 0,50 AFRICAN DEV.BK (",0.34,CBF&CBL
EU000A3LNF05,"EUR 3,125 EUROPEAN UNION ",0.91,CBF&CBL
DE000DJ9AA90,"EUR 3,80 DZ BANK AG - FFT",16.27,CBF&CBL
XS2950723697,"USD FL.R NRW.BANK (REGS/1",0.49,CBF&CBL
FR0014019O29,"EUR 3,50 BQUE FED.CRED.MU",20.23,CBF&CBL
DE000CZ45Z96,"EUR 2,25 COMMERZBK AG 25-",10.29,CBF&CBL
IT0005678625,"EUR FL.R INTESA SANPAOLO ",0.74,CBF&CBL
ES0440609560,"EUR FL.R CAIXABANK S.A. 2",1.00,CBF&CBL
XS3271043146,"USD 3,625 NORDRHEIN-WESTF",0.87,CBF&CBL
XS3515052739,"USD 0,00 EUROP.INVEST.BK ",0.37,CBF&CBL
FR0010871061,"EUR 0,00 FRANCE (OAT STRI",7.93,CBF&CBL
FR0013203619,"EUR 1,141 CAISSE FCSE DE ",5.70,CBF&CBL
FR0013385788,"EUR 1,67 CAISSE FCSE DE (",5.79,CBF&CBL
AT0000A26960,"EUR 1,37 ERSTE GR.BK AG (",8.28,CBF&CBL
LU2475494477,"EUR 1,75 LUXEMBOURG, G-D ",4.27,CBF&CBL
DE0001143899,"EUR 0,00 BUNDES DEUTSCH 2",1.20,CBF&CBL
DE000BHY0SB0,"EUR 1,75 LBK BADEN-WUERTT",1.73,CBF&CBL
DE000A161RV0,"EUR FL.R BAYERISCHE LANDB",0.38,CBF&CBL
DE000NWB0AX6,"EUR 2,875 NRW.BANK (REGS/",4.74,CBF&CBL
DE000LB5USD6,"EUR 2,80 LBK BADEN-WUERTT",17.41,CBF&CBL
DE000BHY3ND1,"EUR 2,625 LBK BADEN-WUERT",0.82,CBF&CBL
DE000LB6GM77,"EUR 2,95 LBK BADEN-WUERTT",21.88,CBF&CBL
DE000HEL0YQ8,"EUR 2,75 LANDESBANK HESS-",7.50,CBF&CBL
DE000NLB57X5,"EUR 3,50 NORD/LB GZ (REGS",2.02,CBF&CBL
AT0000A11RA6,"EUR 3,105 BTV VIER LAENDE",0.76,CBF&CBL
ES00000128N3,"EUR 0,00 SPAIN, KINGDOM O",6.34,CBF&CBL
DE000BLB5FL6,"EUR FL.R BAYERISCH.LANDES",7.50,CBF&CBL
FR0013428067,"EUR 0,625 AIR LIQUIDE FIN",9.74,CBF&CBL
ES0413900814,"EUR FL.R BCO SANTANDER 22",0.66,CBF&CBL
BE0002898790,"EUR FL.R BRUSSELS, REG. O",2.68,CBF&CBL
XS2643041721,"EUR 4,125 SEB (REGS/335) ",7.50,CBF&CBL
DE000DW6DAA9,"EUR 4,26 DZ BANK AG - FFT",20.46,CBF&CBL
FR001400LRD4,"EUR 4,16 SAINT QUENTIN 23",4.24,CBF&CBL
DE000A3824L4,"EUR 2,75 LAND SACHSEN ANH",2.43,CBF&CBL
DE000BHY0GY7,"EUR 2,75 LBK BADEN-WUERTT",0.36,CBF&CBL
EU000A2SCAN9,"EUR 2,875 EFSF (REGS) 24-",4.52,CBF&CBL
FR001400WYL0,"GBP 5,875 SOC. NAT. SNCF ",8.59,CBF&CBL
XS3005536720,"EUR 3,11 BNG BANK N.V. (R",4.50,CBF&CBL
DE000NLB5CF1,"EUR 2,50 NORD/LB GZ 25-20",9.05,CBF&CBL
DE000NLB5FK4,"EUR 2,40 NORD/LB GZ 25-20",13.29,CBF&CBL
XS3422200025,"EUR 3,06 NIBC BANK N.V. 2",1.60,CBF&CBL
XS0566373543,"EUR FL.R BNG BANK N.V. (9",1.96,CBF&CBL
XS0985666436,"EUR 3,125 RESEAU FERRE FR",1.46,CBF&CBL
FR0012780781,"EUR 1,44 CAISSE DES DEPOT",2.89,CBF&CBL
BE0001741926,"EUR 1,887 VLAAMS GEMEENSC",5.37,CBF&CBL
FR0014000V62,"EUR 0,466 LYON, METROPOLE",11.69,CBF&CBL
FR0014000UC8,"EUR 0,625 UNIBAIL-ROD WES",5.00,CBF&CBL
XS2297687787,"GBP 0,375 INTL.DEVEL..ASS",0.44,CBF&CBL
XS2559401802,"EUR 2,75 AB SVENSK EXP (R",0.78,CBF&CBL
FR001400JMG2,"EUR 3,415 CREDIT AGRICOLE",2.33,CBF&CBL
DE000NLB4WP1,"EUR 3,15 NORD/LB GZ 23-20",7.50,CBF&CBL
DE000SLB1564,"EUR FL.R LANDESBK SAAR 24",1.17,CBF&CBL
DE000BU25042,"EUR 2,40 BUNDES DEUTSCH 2",0.76,CBF&CBL
DE000A460H51,"EUR 2,60 NIEDERSACHSEN LA",0.83,CBF&CBL
NL0000102317,"EUR 5,50 DUTCH STATE (REG",0.50,CBF&CBL
FR0011461656,"EUR 0,00 FRANCE (OAT STRI",4.30,CBF&CBL
LU1556942974,"EUR 0,625 LUXEMBOURG, G-D",0.38,CBF&CBL
DE000HLB4WT1,"EUR FL.R LANDESBANK HESS-",7.50,CBF&CBL
DE000CB0HRV9,"EUR 0,39 COMMERZBK AG 20-",7.50,CBF&CBL
DE0001789337,"EUR 0,01 SACHSEN, FREISTA",1.57,CBF&CBL
DE000NLB3268,"EUR 3,75 NORD/LB GZ 22-20",9.94,CBF&CBL
DE000DJ9AAK5,"EUR FL.R DZ BANK AG - FFT",19.20,CBF&CBL
DE000A351231,"EUR 3,626 HAMBURGER SPARK",25.51,CBF&CBL
DE000CZ439K7,"EUR 3,82 COMMERZBK AG 23-",7.67,CBF&CBL
DE000A3513Y6,"EUR FL.R LAND BERLIN 25-2",0.91,CBF&CBL
DE000DJ9AWF9,"EUR 3,14 DZ BANK AG - FFT",24.48,CBF&CBL
XS3276991059,"GBP 3,875 OEST.KONTROLLBK",2.39,CBF&CBL
DE000NRW0QZ9,"EUR 2,793 NORDRHEIN-WESTF",9.40,CBF&CBL
BE0000304130,"EUR 5 BELGIUM,KINGDOM OF ",4.60,CBF&CBL
XS0968972199,"EUR 3,50 TELIASONERA  AB ",17.98,CBF&CBL
XS1794352176,"EUR 1,425 ASN BANK N.V. (",2.24,CBF&CBL
DE000A1685Z1,"EUR 1,125 HAMBURG HANSEST",1.73,CBF&CBL
IT0005377020,"EUR FL.R INTESA SANPAOLO ",0.83,CBF&CBL
BE0002694751,"EUR 1,02 BRUSSELS, REG. O",13.72,CBF&CBL
ES0000012D11,"EUR 0,00 SPAIN, KINGDOM O",8.05,CBF&CBL
DE000DJ9AAF5,"EUR 4,10 DZ BANK AG - FFT",16.07,CBF&CBL
XS2744121943,"EUR 3,125 TOYOTA MOTO.FIN",7.23,CBF&CBL
DE000A383T51,"EUR 3,86 DEUTSCHE BANK AG",32.06,CBF&CBL
DE000LB57R56,"EUR 1,80 LBK BADEN-WUERTT",7.50,CBF&CBL
DE000HV2A0V9,"EUR 2,35 UNICREDIT BANK 2",12.97,CBF&CBL
XS3402929528,"USD 4,25 NORDRHEIN-WESTFA",1.69,CBF&CBL
BE0008530918,"EUR 0,00 BELGIUM, KINGDOM",10.20,CBF&CBL
DE000LB12841,"EUR 2,20 LBK BADEN-WUERTT",17.42,CBF&CBL
DE000A2G9HQ8,"EUR 0,03 DZ HYP AG (REGS)",0.40,CBF&CBL
DE000A2TSD97,"EUR 0,65 DZ HYP AG 20-202",7.50,CBF&CBL
XS2259191430,"EUR 1,50 HUNGARY, REP.OF ",19.89,CBF&CBL
XS2364424544,"EUR 0,513 ROYAL BK.CANADA",4.76,CBF&CBL
FRCASA010035,"EUR 3,50 CREDIT AGRICOLE ",19.27,CBF&CBL
XS2702840351,"EUR 3,979 TOR-DOMINION BK",2.26,CBF&CBL
DE000DW6DAK8,"EUR 3,55 DZ BANK AG - FFT",7.50,CBF&CBL
FR001400TEZ8,"EUR 3,115 BPCE SFH 24-203",2.69,CBF&CBL
DE000LB5KAZ8,"EUR 2,20 LBK BADEN-WUERTT",7.50,CBF&CBL
DE000LFA2428,"EUR 3,25 LFA FRDRBK.BAYER",2.81,CBF&CBL
DE000BHY0KF8,"EUR FL.R LBK BADEN-WUERTT",1.39,CBF&CBL
FR0129287332,"EUR 0,00 FRANCE (BTF) 021",0.05,CBF&CBL
DE000LB6GM02,"EUR 1,90 LBK BADEN-WUERTT",7.50,CBF&CBL
SK4000028858,"EUR 4,125 SLOVAK, REP. (R",9.95,CBF&CBL
XS3344463792,"EUR 2,875 ABN AMRO BK NV ",1.62,CBF&CBL
XS0925031865,"EUR 2,5375 KOMMUNEKREDIT ",28.04,CBF&CBL
DE000A0Z1UG8,"EUR FL.R BAYERISCHE LANDB",0.93,CBF&CBL
XS1595902161,"EUR 1,45 ASN BANK N.V. (R",3.33,CBF&CBL
LU2076841712,"EUR 0,00 LUXEMBOURG, G-D ",0.38,CBF&CBL
FR0013460045,"EUR 0,79 DEPARTM LOIRET 1",7.89,CBF&CBL
FR0013525730,"EUR 0,186 CREDIT AGRICOLE",7.50,CBF&CBL
DE000A3E5V88,"EUR 0,45 BREMEN HANSTADT ",0.84,CBF&CBL
ES0413900889,"EUR FL.R BCO SANTANDER 22",0.83,CBF&CBL
DE000DJ9ABT4,"EUR 3,51 DZ BANK AG - FFT",7.50,CBF&CBL
DE000LB5GFV4,"EUR 3,00 LBK BADEN-WUERTT",16.42,CBF&CBL
DE000NLB5EJ9,"EUR 2,35 NORD/LB GZ 25-20",13.08,CBF&CBL
DE000LB6E319,"EUR 3,00 LBK BADEN-WUERTT",23.46,CBF&CBL
DE000BU0E352,"EUR 0,00 BUNDES DEUTSCH 1",0.06,CBF&CBL
FR0014016QS8,"EUR 3,125 CREDIT MUTUEL H",2.64,CBF&CBL
XS1505666815,"EUR 1,448 ITALY, REP.OF (",0.29,CBF&CBL
ES00000129N1,"EUR 0,00 SPAIN, KINGDOM O",6.28,CBF&CBL
BE0002666478,"EUR 0,759 BRUSSELS, REG. ",12.22,CBF&CBL
XS2058855441,"EUR 0,01 BAWAG GP. AG (RE",1.07,CBF&CBL
DE000NWB2M03,"EUR 0,01 NRW.BANK (793) 2",1.10,CBF&CBL
XS2391832719,"EUR 0,375 NEDERLAND.WATER",6.26,CBF&CBL
DE000A351US7,"EUR 2,875 LAND, BRANDENBU",1.59,CBF&CBL
XS0717614951,"EUR 4,00 OEBB INFRASTRUKT",2.25,CBF&CBL
DE0001053874,"EUR 2,92 BAYERN, FREISTAA",4.63,CBF&CBL
DE000HEL0FT1,"EUR 2,35 LANDESBANK HESS-",8.74,CBF&CBL
DE000LB51641,"EUR 2,25 LBK BADEN-WUERTT",7.50,CBF&CBL
DE000A460AK5,"EUR 2,50 KFW (REGS) 25-20",1.56,CBF&CBL
DE000RLP1650,"EUR 2,125 RHEINLAND-PFALZ",0.44,CBF&CBL
XS0562107762,"GBP 5,375 ORANGE (REGS/11",30.80,CBF&CBL
ES00000120S9,"EUR 0,00 SPAIN, KINGDOM O",3.94,CBF&CBL
XS0804363439,"EUR 2,875 ING BANK N.V. (",1.08,CBF&CBL
BE6248289348,"EUR FL.R BELGIUM, KINGDOM",1.46,CBF&CBL
FR0011450964,"EUR 3,375 ENGIE (REGS) 13",14.91,CBF&CBL
FR0011539832,"EUR FL.R COMP.FINA.FONCIE",0.47,CBF&CBL
ES0000101875,"EUR 1,773 COMUN.DE MADRID",0.76,CBF&CBL
FR0013480167,"EUR 0,2735 CREDIT AGRICOL",7.50,CBF&CBL
FR0014003GR9,"EUR 0,343 DEPARTEM VAL OI",3.26,CBF&CBL
XS2353182293,"EUR 0,50 ENEL FINANCE INT",11.16,CBF&CBL
DE000DB9U4T5,"EUR FL.R DEUTSCHE BANK AG",7.50,CBF&CBL
DE000A3SJZ19,"EUR 3,00 WIRTSCHAFTS-INFR",6.28,CBF&CBL
XS2828917943,"EUR 4,375 REDEXIS, S.A.U.",12.96,CBF&CBL
DE000DB9VXT2,"EUR 2,90 DEUTSCHE BANK AG",11.32,CBF&CBL
DE000BU25059,"EUR 2,20 BUNDES DEUTSCH 2",0.88,CBF&CBL
DE000LB57PW2,"EUR 2,40 LBK BADEN-WUERTT",10.03,CBF&CBL
EU000A4EHML3,"EUR 0,00 EUROPEAN UNION 2",0.02,CBF&CBL
DE000DJ9AZT3,"EUR 2,46 DZ BANK AG - FFT",7.94,CBF&CBL
DE000MHB5054,"EUR 2,837 MUENCHENER HYPO",2.36,CBF&CBL
XS3344497931,"EUR 2,875 VAN LANSCHOT KE",0.89,CBF&CBL
XS0741295447,"EUR 4,10 HYPO NOE GRUPPE ",2.13,CBF&CBL
XS1309711130,"EUR 2,066 UNIBAIL-ROD WES",11.98,CBF&CBL
BE0002790716,"EUR 1,22 BRUSSELS, REG. O",12.41,CBF&CBL
DE000HLB5RG5,"EUR FL.R LANDESBANK HESS-",7.50,CBF&CBL
DE000NLB40F8,"EUR 2,875 NORD/LB GZ (REG",0.36,CBF&CBL
DE000EAA06D8,"EUR XXX ERSTE ABWICKLUNGS",0.40,CBF&CBL
DE000HEL0PR4,"EUR 2,75 LANDESBANK HESS-",19.05,CBF&CBL
BE0002423953,"EUR 2,92 BELFIUS BANK SA/",2.08,CBF&CBL
ES00000128H5,"EUR 1,30 SPAIN, KINGDOM O",0.06,CBF&CBL
XS1627193359,"EUR 1,375 COMP.DE SAINT-G",5.00,CBF&CBL
XS1675853888,"EUR 1,60 ASN BANK N.V. (R",3.39,CBF&CBL
AT0000A2CEM9,"EUR 0,325 RAIF.LBK.OBEROS",3.68,CBF&CBL
ES0000012C38,"EUR 0,00 SPAIN, KINGDOM O",0.89,CBF&CBL
ES0000012I24,"EUR 0,85 SPAIN, KINGDOM O",3.67,CBF&CBL
FR0014003OB7,"EUR 0,95 STIF (REGS) 21-2",5.35,CBF&CBL
XS2363203089,"EUR 1,985 PROSUS N.V. (RE",18.33,CBF&CBL
DE000LFA2147,"EUR 3,00 LFA FRDRBK.BAYER",2.02,CBF&CBL
DE000HLB52K5,"EUR 3,50 LANDESBANK HESS-",7.51,CBF&CBL
DE000DJ9ABC0,"EUR FL.R DZ BANK AG - FFT",15.09,CBF&CBL
DE000HEL0ES6,"EUR 3,00 LANDESBANK HESS-",24.20,CBF&CBL
DE000LB6F6F4,"EUR 2,15 LBK BADEN-WUERTT",7.64,CBF&CBL
XS3276317990,"USD 4,00 LANDWIRT.RENTENB",2.13,CBF&CBL
ES00000120R1,"EUR 0,00 SPAIN, KINGDOM O",3.62,CBF&CBL
DE000DK8PW47,"EUR FL.R DEKABANK 11-2031",13.88,CBF&CBL
XS1641457277,"EUR 1,50 EUROP.INVEST.BK ",3.80,CBF&CBL
XS1707075328,"EUR 1,25 NESTLE FINANCE L",7.35,CBF&CBL
FR0014000402,"EUR 0,457 DEPART DES BOUC",8.59,CBF&CBL
XS2698990855,"EUR 3,906 PROV OF ALBERTA",4.37,CBF&CBL
XS2782809938,"EUR 2,875 DNB BOLIGKREDIT",0.86,CBF&CBL
FR001400R419,"EUR FL.R CREDIT MUTUEL H ",3.16,CBF&CBL
XS2901891445,"USD FL.R ABN AMRO BK NV (",9.53,CBF&CBL
BE0390174408,"EUR FL.R WALLONE, REGION ",0.72,CBF&CBL
XS2973019693,"GBP 4,375 ASIAN INFRA INV",9.60,CBF&CBL
XS2992041462,"EUR 3,00 AB SVENSK EXP (R",3.88,CBF&CBL
XS3167412587,"EUR FL.R ABN AMRO BK NV (",7.88,CBF&CBL
DE000LB6SWJ7,"EUR 3,15 LBK BADEN-WUERTT",29.60,CBF&CBL
XS3379782074,"EUR 3,25 BMW FIN.NV (REGS",6.89,CBF&CBL
XS3400528116,"EUR 3,00 SWEDBANK MORTGAG",1.97,CBF&CBL
XS0114126294,"GBP 5,625  EUROP.INVEST.B",1.74,CBF&CBL
XS0642172919,"EUR 5,03 TELIASONERA  AB ",13.04,CBF&CBL
DE000A185QB3,"EUR 0,75 EVONIK FINANCE B",6.01,CBF&CBL
XS1579297638,"EUR FL.R MUNICIPALITY FIN",7.50,CBF&CBL
DE000LB128C0,"EUR 2,20 LBK BADEN-WUERTT",16.77,CBF&CBL
FR0013521382,"EUR 0,10 REG. ILE DE FRAN",1.80,CBF&CBL
DE000NRW0MQ7,"EUR 0,20 NORDRHEIN-WESTFA",7.81,CBF&CBL
DE000A14JZS6,"EUR 0,01 BADEN-WUERTTEMBE",2.20,CBF&CBL
DK0009410185,"EUR 1,875 JYSKE REALKREDI",1.05,CBF&CBL
XS2529521283,"EUR 2,125 FINNVERA PLC (R",5.00,CBF&CBL
EU000A2SCAE8,"EUR 2,375 EFSF (REGS) 22-",1.09,CBF&CBL
XS2887897200,"EUR 2,60 IBRD-WORLD BANK ",1.07,CBF&CBL
IT0005648149,"EUR 3,60 ITALY, REP.OF (B",3.28,CBF&CBL
DE000DP9BGB1,"EUR 2,40 DZ BANK AG - FFT",8.43,CBF&CBL
DE0001142651,"EUR 0,00 BRD 05-2032",1.35,CBF&CBL
XS0968459361,"EUR 2,81 MORE BOLIGKREDIT",0.75,CBF&CBL
DE000NRW0GV9,"EUR 1,23 NORDRHEIN-WESTFA",3.75,CBF&CBL
FR0013140175,"EUR 1,236 BPCE SFH (REGS)",1.73,CBF&CBL
BE6285521181,"EUR 1,727 WALLONE, REGION",6.65,CBF&CBL
AT0000A1KCH8,"EUR FL.R ERSTE GR.BK AG (",0.35,CBF&CBL
DE000DG4UAH3,"EUR FL.R DZ BANK AG - FFT",16.89,CBF&CBL
FR0013407236,"EUR 0,50 FRANCE (REGS OAT",0.62,CBF&CBL
FR00140002T7,"EUR 0,50 DEPART DES BOUCH",10.08,CBF&CBL
DE000A351XP7,"EUR 3,308 DZ HYP AG 23-20",1.31,CBF&CBL
XS2794652292,"EUR 2,53 DEUTSCHE BANK AG",31.92,CBF&CBL
DE000LB56ED8,"EUR 3,20 LBK BADEN-WUERTT",28.23,CBF&CBL
XS3191626152,"USD 3,625 MUNICIPALITY FI",7.50,CBF&CBL
DE000A161R77,"EUR 2,694 BAYERISCHE LAND",1.63,CBF&CBL
FR0014019B08,"EUR FL.R PAYS DE LA LOIRE",3.78,CBF&CBL
FR0014000KN6,"EUR 0,20 STIF (REGS) 20-2",3.82,CBF&CBL
DE000SLB8619,"EUR 0,25 LANDESBK SAAR 21",7.50,CBF&CBL
BE0002789700,"EUR 1,121 BRUSSELS, REG. ",14.93,CBF&CBL
FR0014003N51,"EUR 0,10 FRANCE (REGS OAT",2.87,CBF&CBL
ES0440609453,"EUR FL.R CAIXABANK S.A. 2",0.35,CBF&CBL
XS2611177382,"EUR 3,10 IBRD-WORLD BANK ",2.12,CBF&CBL
FR001400JMI8,"EUR 3,455 CREDIT AGRICOLE",2.67,CBF&CBL
DE000LB5LWX5,"EUR 3,05 LBK BADEN-WUERTT",19.35,CBF&CBL
DE000LB5Y6X5,"EUR 2,05 LBK BADEN-WUERTT",7.50,CBF&CBL
XS3170229135,"EUR 2,50 ING BANK N.V. (R",1.35,CBF&CBL
DE000HEL4BQ8,"EUR 3,40 LANDESBANK HESS-",19.14,CBF&CBL
XS3515051335,"USD 0,00 EUROP.INVEST.BK ",0.37,CBF&CBL
XS0202407093,"GBP 4,625 EUROP.INVEST.BK",4.33,CBF&CBL
FR0010482588,"EUR 0,00 FRANCE (OAT STRI",2.61,CBF&CBL
FR0013385028,"EUR 1,688 MARSEILLE, VILL",6.97,CBF&CBL
BE6315170827,"EUR 1,52 COMMUNAUT FRANCA",13.35,CBF&CBL
FR0013451754,"EUR 0,207 DEPARTEM VAL OI",4.05,CBF&CBL
BE0002691724,"EUR 0,90 BRUSSELS, REG. O",12.13,CBF&CBL
FR00140062C7,"EUR 0,892 AUVERGNE- RHONE",8.77,CBF&CBL
XS2692184794,"EUR 3,486 BNG BANK N.V. (",4.26,CBF&CBL
DE000DJ9AB65,"EUR 3,10 DZ BANK AG - FFT",9.58,CBF&CBL
DE000DJ9AC72,"EUR 3,45 DZ BANK AG - FFT",21.49,CBF&CBL
DE000LB5JDD1,"EUR 2,40 LBK BADEN-WUERTT",7.50,CBF&CBL
XS3245582419,"EUR FL.R SWEDBANK AB (REG",7.50,CBF&CBL
DE000DL19S68,"EUR 0,25 DEUTSCHE BANK AG",0.76,CBF&CBL
XS1725641945,"EUR 1,674 NEDERLAND.WATER",5.55,CBF&CBL
AT0000A268K4,"EUR 1,76 ERSTE GR.BK AG (",22.64,CBF&CBL
NL0013995095,"EUR 0,125 NATIONALE NL BA",1.06,CBF&CBL
FR0014005P16,"EUR 0,296 CA CIB (REGS) 2",3.37,CBF&CBL
FR0014006V25,"EUR 0,25 SOCIETE DE FINAN",3.48,CBF&CBL
XS2496678116,"EUR 3,604 HEMSO FASTIGHET",13.46,CBF&CBL
DE000HLB48H9,"EUR 3,00 LANDESBANK HESS-",7.50,CBF&CBL
DE000A3823X1,"EUR FL.R NIEDERSACHSEN LA",0.34,CBF&CBL
DE000A352QE3,"EUR 2,28 L-BANK 25-2027",0.50,CBF&CBL
XS3032966544,"USD 3,75 DZ BANK AG - FFT",7.50,CBF&CBL
BE0390257260,"EUR 4,25 VLAAMS GEMEENSCH",4.94,CBF&CBL
DE000DP9BE50,"EUR 2,46 DZ BANK AG - FFT",7.50,CBF&CBL
DE000LB4XE11,"EUR 2,75 LBK BADEN-WUERTT",2.18,CBF&CBL
DE000DP9BLL0,"EUR 3,44 DZ BANK AG - FFT",26.48,CBF&CBL
FR001401AMG9,"EUR 3,665 ARKEA PUBLIC (R",2.24,CBF&CBL
XS2268334807,"EUR 0,641 FERROVIE DEL ST",12.47,CBF&CBL
DE000NLB4621,"EUR 2,50 NORD/LB GZ (REGS",0.64,CBF&CBL
ES0001351420,"EUR FL.R CASTILLA Y LEON ",0.72,CBF&CBL
XS1718418103,"EUR 0,875 BASF SE (REGS/3",5.00,CBF&CBL
DE000A161RJ5,"EUR 0,70 BAYERISCHE LANDB",3.37,CBF&CBL
IT0005398265,"EUR FL.R INTESA SANPAOLO ",0.71,CBF&CBL
XS2240278692,"EUR 0,01 BNG BANK N.V. (R",2.15,CBF&CBL
DE000LFA1891,"EUR 0,25 LFA FRDRBK.BAYER",4.17,CBF&CBL
FR0014006IV0,"EUR FL.R APRR (REGS) 21-2",5.00,CBF&CBL
FR0014008E81,"EUR 0,60 CADES (REGS) 22-",1.50,CBF&CBL
XS2712747182,"EUR FL.R COOPERATIEVE RA ",7.50,CBF&CBL
DE000A30V265,"EUR 2,625 INVESTITIONSBK ",1.27,CBF&CBL
AT0000A3M7Y2,"EUR 3,10 ERSTE GR.BK AG (",2.46,CBF&CBL
XS3388158241,"EUR 3,25 AB SVENSK EXP (R",3.17,CBF&CBL
BE6376796163,"EUR 3,75 BELFIUS BANK SA/",20.43,CBF&CBL
DE000LB69L33,"EUR 3,25 LBK BADEN-WUERTT",18.45,CBF&CBL
FR0011461565,"EUR 0,00 FRANCE (OAT STRI",2.22,CBF&CBL
FR0011806827,"EUR 2,37 COMP.FINA.FONCIE",0.40,CBF&CBL
FR0013160959,"EUR 1,20 COMP.FINA.FONCIE",1.60,CBF&CBL
DE000A2AAPH7,"EUR 0,625 LAND BERLIN (RE",3.29,CBF&CBL
XS1785456713,"EUR 1,595 COOP RABOBK UA ",3.53,CBF&CBL
DE000HLB4U71,"EUR 1,25 LANDESBANK HESS-",4.45,CBF&CBL
DE000DK0TZ06,"EUR 0,45 DEKABANK 19-2029",9.57,CBF&CBL
XS1995795504,"EUR 1,625 CC.HBC FIN.BV (",13.43,CBF&CBL
XS2181689659,"EUR 1,75 HUNGARY, REP.OF ",9.72,CBF&CBL
DE0001102549,"EUR 0,00 BUNDES DEUTSCH (",2.03,CBF&CBL
DE000DFK0FY5,"EUR 0,01 DZ BANK AG - FFT",7.50,CBF&CBL
DE000DW6DA36,"EUR FL.R DZ BANK AG - FFT",12.48,CBF&CBL
DE000HEL0EN7,"EUR 2,40 LANDESBANK HESS-",7.50,CBF&CBL
FR0011350727,"EUR FL.R COMP.FINA.FONCIE",0.51,CBF&CBL
DE000DG4UDN5,"EUR FL.R DZ BANK AG - FFT",7.50,CBF&CBL
DE000HLB4U48,"EUR 1,448 LANDESBANK HESS",6.95,CBF&CBL
FR0013504693,"EUR 2,125 ENGIE (REGS) 20",15.34,CBF&CBL
FR0013505112,"EUR 1,50 SANOFI (REGS) 20",8.24,CBF&CBL
DE000A3MQY17,"EUR 0,75 NIEDERSACHSEN LA",1.52,CBF&CBL
XS2394063437,"EUR 0,50 BRENNTAG FINANCE",9.22,CBF&CBL
DE000A289KN1,"EUR 2,75 INVESTITIONSBK (",0.50,CBF&CBL
DE000A14JZX6,"EUR 3,00 BADEN-WUERTTEMBE",2.24,CBF&CBL
DE000DK012H4,"EUR FL.R DEKABANK 24-2029",7.99,CBF&CBL
XS2755487076,"EUR 3,375 DEUTSCHE BAHN A",20.53,CBF&CBL
XS2831056101,"EUR 3,186 KNAB N.V. (REGS",1.69,CBF&CBL
ES0413860851,"EUR 3,25 BCO.DE SABADELL ",2.21,CBF&CBL
DE000NWB2TQ6,"EUR 3,00 NRW.BANK (1038) ",0.50,CBF&CBL
DE000DJ9AQ01,"EUR 2,77 DZ BANK AG - FFT",10.72,CBF&CBL
DE000A3825P2,"EUR 2,75 DZ HYP AG 25-203",1.64,CBF&CBL
XS3268043554,"EUR 3,625 POLAND, REP.OF ",6.57,CBF&CBL
DE000LB664G5,"EUR 3,10 LBK BADEN-WUERTT",22.78,CBF&CBL
XS3510860094,"USD 0,00 EUROP.INVEST.BK ",0.37,CBF&CBL
FR0013234598,"EUR 0,00 FRANCE (OAT STRI",1.98,CBF&CBL
DE000DDA0N56,"EUR 0,75 DZ BANK AG - FFT",7.50,CBF&CBL
XS2015329498,"EUR 1,50 INVESTOR AB (REG",24.20,CBF&CBL
SI0002103990,"EUR 0,875 SLOVENIA REP.OF",3.15,CBF&CBL
XS2580224082,"EUR 2,75 OP MORTGAGE BK (",1.28,CBF&CBL
DE000DW6C3E0,"EUR 3,70 DZ BANK AG - FFT",7.50,CBF&CBL
DE000LFA2295,"EUR 2,70 LFA FRDRBK.BAYER",0.39,CBF&CBL
DE000DJ9AH02,"EUR 3,00 DZ BANK AG - FFT",22.28,CBF&CBL
DE000NLB45M3,"EUR 3,00 NORD/LB GZ 24-20",18.51,CBF&CBL
XS2993969323,"EUR 3,00 SEB (REGS/343) 2",16.15,CBF&CBL
DE000SLB9161,"EUR 2,875 LANDESBK SAAR (",11.55,CBF&CBL
AT0000A3T279,"EUR 0,00 AUSTRIA, REP.OF ",8.25,CBF&CBL
XS3346839668,"EUR 3,714 NORDEA BK ABP (",24.67,CBF&CBL
XS0865108715,"EUR FL.R RESEAU FERRE FR ",2.36,CBF&CBL
DE000BLB44E8,"EUR FL.R BAYERISCH.LANDES",7.50,CBF&CBL
DE000LB2CHE2,"USD 0,00 LBK BADEN-WUERTT",22.89,CBF&CBL
DE000A2G9HN5,"EUR 0,225 DZ HYP AG (REGS",0.40,CBF&CBL
DE000DFK0KH0,"EUR 0,125 DZ BANK AG - FF",12.79,CBF&CBL
FR0014005E35,"EUR 0,01 BPCE (REGS) 21-2",0.73,CBF&CBL
DE000LFA2170,"EUR 2,875 LFA FRDRBK.BAYE",0.38,CBF&CBL
XS2746102479,"EUR 3,625 POLAND, REP.OF ",5.21,CBF&CBL
DE000DJ9AD97,"EUR 2,80 DZ BANK AG - FFT",14.23,CBF&CBL
XS2748968844,"EUR 3,188 KOMMUNEKREDIT (",38.12,CBF&CBL
XS2965718062,"EUR 1,00 ACHMEA BANK N.V ",1.59,CBF&CBL
DE000HEL0ER8,"EUR 2,75 LANDESBANK HESS-",14.69,CBF&CBL
DE000DB9VXN5,"EUR 2,78 DEUTSCHE BANK AG",8.17,CBF&CBL
IT0005637571,"EUR 3,02 INTESA SANPAOLO ",3.19,CBF&CBL
DE000A460PR8,"EUR 3,628 BAUSPARK. SCHWA",5.76,CBF&CBL
XS3512782429,"EUR 0,00 SWEDEN, KINGDOM ",0.48,CBF&CBL
XS1819980670,"EUR 1,538 DNB BOLIGKREDIT",3.60,CBF&CBL
FR0014016G71,"EUR 2,40 FRANCE 26-2029",0.70,CBF&CBL
BE0312825970,"EUR 0,00 BELGIUM, KINGDOM",0.69,CBF&CBL
IT0003268908,"EUR 0,00 ITALY, REP.OF (B",1.12,CBF&CBL
DE000A2GSCZ6,"EUR 1,10 THUERINGEN, FREI",5.73,CBF&CBL
EU000A1927H4,"EUR 0,89 EURO.ATM.NRG.CMN",0.48,CBF&CBL
XS1966120096,"EUR 0,50 AFRICAN DEV.BK (",0.83,CBF&CBL
AT0000A288E5,"EUR 0,50 ERSTE GR.BK AG 1",7.50,CBF&CBL
DE000DDA0X39,"EUR 0,46 DZ BANK AG - FFT",7.50,CBF&CBL
DE000SHFM782,"EUR 0,01 SCHLESWIG-HOLSTE",1.08,CBF&CBL
FR0014006805,"EUR 0,924 REG CENTRE-VAL ",9.62,CBF&CBL
AT0000A2VCL5,"EUR 0,07 HYPO TIROL BANK ",0.40,CBF&CBL
DE000NLB4XP9,"EUR 3,80 NORD/LB GZ 24-20",20.23,CBF&CBL
XS2765025817,"EUR FL.R LANDESBANK HESS-",2.00,CBF&CBL
DE000DJ9AL22,"EUR 2,80 DZ BANK AG - FFT",7.50,CBF&CBL
XS2902088314,"EUR 4,25 BANK GOSPODARSTW",35.37,CBF&CBL
DE000DJ9AP36,"EUR 2,20 DZ BANK AG - FFT",13.77,CBF&CBL
AT0000A3KPL8,"EUR FL.R ERSTE GR.BK AG (",0.44,CBF&CBL
XS3078501767,"EUR FL.R SIEMENS FIN.NL (",5.00,CBF&CBL
XS3081756002,"EUR FL.R DAIMLER TRUCK I ",5.00,CBF&CBL
FR0014010VH4,"EUR 3,125 BPIFRANCE (REGS",4.15,CBF&CBL
FR0010172288,"EUR 0,00 FRANCE (OAT STRI",2.89,CBF&CBL
DE000CZ45VK8,"EUR 1,046 COMMERZBK AG 19",25.27,CBF&CBL
DE000A3H2002,"EUR 0,30 MUENCHENER HYPOB",3.04,CBF&CBL
EU000A1G0EL5,"EUR 0,00 EFSF (REGS) 21-2",3.07,CBF&CBL
EU000A3KRJR4,"EUR 0,75 EUROPEAN UNION (",4.09,CBF&CBL
DE000A3E5MJ2,"EUR 1,00 VONOVIA SE (REGS",18.68,CBF&CBL
XS2429205540,"EUR 0,25 BAWAG (AT) (REGS",1.69,CBF&CBL
DE000DFK0RQ6,"EUR 1,635 DZ BANK AG - FF",9.18,CBF&CBL
XS2622198955,"GBP 5,875 VOLKSWAGEN FIN(",7.97,CBF&CBL
FR001400QCA1,"EUR 0,95 FRANCE (OAT) 24-",7.35,CBF&CBL
DE000DJ9AL63,"EUR 2,85 DZ BANK AG - FFT",9.55,CBF&CBL
BE0390205715,"EUR 3,082 BRUSSELS, REG. ",2.39,CBF&CBL
DE000HEL0J74,"EUR 2,10 LANDESBANK HESS-",7.50,CBF&CBL
ES0440609545,"EUR FL.R CAIXABANK S.A. 2",0.91,CBF&CBL
DE000BU4K138,"EUR 0,00 BUNDES DEUTSCH 2",2.38,CBF&CBL
DE000A13R6W6,"EUR 1,525 LAND BERLIN 14-",1.51,CBF&CBL
XS1350035900,"EUR 1,663 LLOYDS BANK PLC",3.10,CBF&CBL
AT0000A1ZYL2,"EUR 1,39 RAIFFEISENVERBAN",2.20,CBF&CBL
XS2028803984,"EUR 0,10 TOR-DOMINION BK(",0.40,CBF&CBL
IT0005399669,"EUR FL.R INTESA SANPAOLO ",2.29,CBF&CBL
ES0000012I08,"EUR 0,00 SPAIN, KINGDOM O",0.55,CBF&CBL
DE000LB33EN6,"EUR 3,00 LBK BADEN-WUERTT",7.50,CBF&CBL
EU000A3K4DS6,"EUR 2,00 EUROPEAN UNION (",0.25,CBF&CBL
FI4000598396,"EUR 0,00 FINLAND REP.OF 1",0.54,CBF&CBL
DE000A4ET6Q7,"EUR 3,60 MERCEDES-BENZ (R",13.22,CBF&CBL
BE6324331287,"EUR FL.R WALLONE, REGION ",2.12,CBF&CBL
XS2289408440,"EUR 0,163 NATIONAL GRID P",5.00,CBF&CBL
XS2433240764,"EUR 0,50 LANDESBANK HESS-",3.03,CBF&CBL
FR001400AKQ4,"EUR 1,62 SOCIETE GENERALE",1.28,CBF&CBL
IT0005542797,"EUR 3,70 ITALY, REP.OF (B",1.88,CBF&CBL
XS2635622595,"EUR 4,00 OP CORPOR BK PL ",7.50,CBF&CBL
DE000NLB4Y59,"EUR 3,50 NORD/LB GZ 24-20",20.59,CBF&CBL
FR001400M6X8,"EUR 3,672 SOCIETE GEN.SFH",2.06,CBF&CBL
DE000A3LSYH6,"EUR 2,00 MERCEDES-BENZ (R",12.64,CBF&CBL
DE000AAR0405,"EUR 2,875 AAREAL BK AG. (",0.57,CBF&CBL
BE0002999804,"EUR FL.R BRUSSELS, REG. O",0.72,CBF&CBL
XS2824742048,"EUR 3,40 BRITISH COLUMBIA",6.67,CBF&CBL
DE000NWB2TV6,"EUR 2,375 NRW.BANK (REGS/",0.52,CBF&CBL
DE000A460J34,"EUR 2,00 HAMBURGER SPARK.",7.50,CBF&CBL
ES0000107344,"EUR 7,50 COMUNIDAD ARAGON",0.72,CBF&CBL
XS0905658349,"EUR 2,75 ERDOL LAGER (REG",5.00,CBF&CBL
DE000A1RQC93,"EUR 0,625 HESSEN LAND (RE",0.73,CBF&CBL
FR0013509700,"EUR 0,629 CREDIT AGRICOLE",7.50,CBF&CBL
DE000NLB3D55,"EUR 0,35 NORD/LB GZ 20-20",13.76,CBF&CBL
DE000A1RQEA8,"EUR 0,00 HESSEN LAND 21-2",0.50,CBF&CBL
DE000LB39CD8,"EUR FL.R LBK BADEN-WUERTT",1.71,CBF&CBL
XS2813108870,"EUR FL.R SEB (REGS/341) 2",7.50,CBF&CBL
IT0005619769,"EUR 0,00 ITALY, REP.OF (B",8.79,CBF&CBL
XS3241286460,"EUR 2,99 AUSTRIA, REP.OF ",6.83,CBF&CBL
FR0129704153,"EUR 0,00 BANQUE DE FRANCE",0.09,CBF&CBL
XS0125851286,"GBP 5,20 NORDIC INVEST.BK",1.95,CBF&CBL
XS0880480677,"EUR 2,80 NEDERLAND.WATER.",4.65,CBF&CBL
BE0008529902,"EUR 0,00 BELGIUM, KINGDOM",9.62,CBF&CBL
FR0013352309,"EUR 1,60 AFD 18-2043",8.83,CBF&CBL
BE0001791459,"EUR 1,728 COMMUNAUT FRANC",10.63,CBF&CBL
DE000DFK0JM2,"EUR 0,05 DZ BANK AG - FFT",9.10,CBF&CBL
DE000NLB4316,"EUR 3,05 NORD/LB GZ 24-20",7.50,CBF&CBL
DE000LB5KB67,"EUR 2,75 LBK BADEN-WUERTT",22.04,CBF&CBL
XS3346962510,"EUR 3,00 SP-MORTGAGE BK (",1.18,CBF&CBL
IT0005706285,"EUR 3,80 ITALY, REP.OF (B",3.38,CBF&CBL
XS1067554185,"EUR 3,20 SNCF 14-2064",10.23,CBF&CBL
DE000BLB6H79,"EUR FL.R BAYERISCH.LANDES",11.44,CBF&CBL
XS1557095616,"EUR 1,375 DEUT.TKOM.INT.F",5.00,CBF&CBL
DE000A2AAPM7,"EUR 1,375 LAND BERLIN (RE",3.39,CBF&CBL
FR0013358843,"EUR 0,875 COMP.FINA.FONCI",0.69,CBF&CBL
DE000LB13A41,"EUR 0,60 LBK BADEN-WUERTT",0.97,CBF&CBL
EU000A2R99Z3,"EUR 0,30 EUROPEAN UNION (",1.83,CBF&CBL
DE000NRW0N26,"EUR 3,40 NORDRHEIN-WESTFA",6.84,CBF&CBL
DE000DJ9AC31,"EUR 2,75 DZ BANK AG - FFT",7.50,CBF&CBL
XS2919906573,"EUR 2,80 INTL.DEVEL..ASSO",2.47,CBF&CBL
IT0005649279,"EUR FL.R INTESA SANPAOLO ",1.02,CBF&CBL
DE000A4DFVR3,"EUR 3,125 INVESTITIONSBK ",3.18,CBF&CBL
ES0201001205,"EUR 3,893 AYUNTAM MADRID ",7.08,CBF&CBL
IT0004923998,"EUR 4,75 ITALY, REP.OF (R",4.53,CBF&CBL
BE0002450253,"EUR 3,145 BELFIUS BANK SA",2.86,CBF&CBL
DE000A0Z1UK0,"EUR 0,20 BAYERISCHE LANDB",0.38,CBF&CBL
FR0013303328,"EUR 1,36 DEPT DE L EURE (",5.66,CBF&CBL
FR0013310455,"EUR 1,375 AUTOROUTE DU SU",8.66,CBF&CBL
DE000LB1QAX9,"EUR FL.R LBK BADEN-WUERTT",7.50,CBF&CBL
FR0013432218,"EUR FL.R ALPES COTE D AZU",3.88,CBF&CBL
DE000A2SBDF7,"EUR 2,25 JAB HOLDINGS B.V",29.41,CBF&CBL
XS2384723263,"EUR 0,25 MONDELEZ INTL (R",9.02,CBF&CBL
XS2633317701,"EUR 4,125 ITALGAS SPA (RE",15.18,CBF&CBL
DE000DB9VGC3,"EUR 3,70 DEUTSCHE BANK AG",7.50,CBF&CBL
XS2718201275,"USD 4,75 NED.FIN.MAATSCH.",0.79,CBF&CBL
DE000A14JZZ1,"EUR FL.R BADEN-WUERTTEMBE",0.39,CBF&CBL
XS3138610822,"EUR FL.R ITALY, REP.OF (R",8.49,CBF&CBL
DE000LB6E2U3,"EUR 2,05 LBK BADEN-WUERTT",7.50,CBF&CBL
DE000LB601D4,"EUR 3,05 LBK BADEN-WUERTT",22.26,CBF&CBL
DE000HV2A2X1,"EUR 3,00 UNICREDIT BANK 2",7.50,CBF&CBL
FR0000186413,"EUR 3,40 FRANCE (REGS OAT",1.28,CBF&CBL
ES0000012593,"EUR 0,00 SPAIN, KINGDOM O",2.76,CBF&CBL
XS1811812574,"EUR 1,50 COOP RABOBK UA (",3.18,CBF&CBL
AT000B049796,"EUR 0,25 UNICREDIT BK AT ",1.32,CBF&CBL
FI4000480488,"EUR 0,125 FINLAND REP.OF ",11.42,CBF&CBL
BE6328834690,"USD 2,75 BELGIUM, KINGDOM",10.84,CBF&CBL
XS2366407018,"EUR 0,80 THERMO FISHER SC",10.51,CBF&CBL
FR001400BAQ3,"EUR 2,633 CAISSE FCSE DE ",1.94,CBF&CBL
AT0000A2Z6U8,"EUR 2,625 ERSTE GR.BK AG ",7.50,CBF&CBL
XS2711511795,"USD 6,25 BANK GOSPODARSTW",7.50,CBF&CBL
FI4000565635,"EUR 3,50 TEOLLISEN YHTEI ",14.71,CBF&CBL
DE000DJ9AEG5,"EUR 3,15 DZ BANK AG - FFT",19.52,CBF&CBL
XS2895482201,"EUR 2,862 TOR-DOMINION BK",1.71,CBF&CBL
DE000A3MQTG0,"EUR 2,375 HAMBURG HANSEST",1.00,CBF&CBL
DE000A1RQFB3,"EUR 3,50 HESSEN LAND 26-2",6.07,CBF&CBL
FR0011140920,"EUR 4,15 HOPITAUX PARIS 1",3.48,CBF&CBL
FR0013414950,"EUR 1,923 SOCIETE GRAND 1",9.60,CBF&CBL
EU000A285VM2,"EUR 0,00 EUROPEAN UNION (",1.95,CBF&CBL
FR0014001LQ5,"EUR 0,00 AGENCE FRANCE LO",3.18,CBF&CBL
BE6326795679,"EUR 0,782 COMMUNAUT FRANC",14.70,CBF&CBL
FR00140098T5,"EUR 0,75 AXA HOME LOAN (R",0.36,CBF&CBL
DE000DW6C1R6,"EUR 2,65 DZ BANK AG - FFT",7.50,CBF&CBL
XS2607344079,"EUR 3,125 STADSHYP AB (PU",0.53,CBF&CBL
ES0000012J23,"EUR 0,00 SPAIN, KINGDOM O",2.40,CBF&CBL
IT0005550329,"EUR 0,00 ITALY, REP.OF (B",6.68,CBF&CBL
IT0005593790,"EUR FL.R BCA NAZ.LAVORO (",0.64,CBF&CBL
DE000A4EG6N9,"EUR FL.R TRATON FIN LUX (",5.00,CBF&CBL
DE000A4DFKS4,"EUR 3,125 DZ HYP AG (REGS",1.65,CBF&CBL
XS1023703090,"EUR 3,625 ENI SPA (REGS/1",6.13,CBF&CBL
AT0000A1ARY2,"EUR 2,10 ERSTE GR.BK AG 1",10.87,CBF&CBL
XS1377257032,"EUR 1,29 ABN AMRO BK NV (",5.86,CBF&CBL
DE000BLB7Y02,"EUR 0,48 BAYERISCH.LANDES",12.17,CBF&CBL
FR0013513785,"EUR 0,80 AUVERGNE- RHONE ",8.13,CBF&CBL
AT0000A2SUL3,"EUR 0,01 OBEROEST.LBK AG ",0.92,CBF&CBL
XS2764875584,"USD 4,375 NORDRHEIN-WESTF",0.39,CBF&CBL
DE000MHB40J0,"EUR 2,625 MUENCHENER HYPO",1.48,CBF&CBL
BE6359381611,"EUR 2,73 BRUSSELS, REG. O",0.72,CBF&CBL
AT0000A38M86,"EUR 3,80 ERSTE GR.BK AG (",7.50,CBF&CBL
DE000LB63VV0,"EUR 2,75 LBK BADEN-WUERTT",7.50,CBF&CBL
FR001401ATK6,"EUR FL.R CREDIT AGRICOLE ",1.97,CBF&CBL
XS3526057511,"USD 0,00 AUSTRIA, REP.OF ",0.53,CBF&CBL
DE000A1RET98,"EUR 1,987 KFW (REGS) 13-2",2.28,CBF&CBL
DE000NLB9A03,"EUR FL.R NORD/LB GZ 17-20",8.28,CBF&CBL
DE000A2GSKQ8,"EUR 0,875 KSPK. LUDWIGSBU",0.50,CBF&CBL
XS1956027947,"EUR 2,125 FORTUM OYJ (REG",7.36,CBF&CBL
DE000SHFM675,"EUR 0,50 SCHLESWIG-HOLSTE",0.85,CBF&CBL
XS2023644540,"EUR 0,875 MERCK FINANCIAL",12.21,CBF&CBL
DE000A289J90,"EUR 0,05 SAARLAND (REGS) ",4.05,CBF&CBL
DE000LB2BEE1,"EUR 0,26 LBK BADEN-WUERTT",15.95,CBF&CBL
BE0000355645,"EUR 1,40 BELGIUM, KINGDOM",11.70,CBF&CBL
DE000LB386B6,"EUR FL.R LBK BADEN-WUERTT",7.50,CBF&CBL
EU000A3LT492,"EUR 3,00 EUROP.INVEST.BK ",2.20,CBF&CBL
DE000LB5CX61,"EUR 2,20 LBK BADEN-WUERTT",7.50,CBF&CBL
XS2944927552,"USD FL.R DZ BANK AG - FFT",9.77,CBF&CBL
FR0014010BU9,"EUR 2,75 LA BQE POST HOM ",1.72,CBF&CBL
DE000A352E48,"EUR 3,00 HAMBURGISCHE INV",23.98,CBF&CBL
AT0000A3SBS6,"EUR 3,31 EB UND HYPO (REG",5.41,CBF&CBL
XS3425713792,"EUR 2,625 DEN DANSKE STAT",0.65,CBF&CBL
DE000A352QN4,"EUR 3,0825 L-BANK 26-2029",1.37,CBF&CBL
XS1202096126,"EUR 2,57 KOMMUNEKREDIT (R",23.28,CBF&CBL
XS1616411119,"EUR 1,625 E. ON SE (59) 1",8.05,CBF&CBL
FR0013516549,"EUR 0,00 FRANCE (REGS OAT",0.97,CBF&CBL
XS2250376477,"EUR 0,625 A2A SPA (REGS/9",17.33,CBF&CBL
DE000A3H2YH5,"EUR 0,50 BREMEN HANSTADT ",4.01,CBF&CBL
FR001400HOZ2,"EUR 4,00 LA BANQUE POSTAL",7.50,CBF&CBL
IT0005611741,"EUR 4,30 ITALY, REP.OF (B",5.21,CBF&CBL
NL0015002F72,"EUR 2,50 DUTCH STATE 25-2",2.79,CBF&CBL
ES0440609552,"EUR FL.R CAIXABANK S.A. 2",0.96,CBF&CBL
DE000BYL0GT1,"EUR 2,45 BAYERISCH.LANDES",8.30,CBF&CBL
XS3343433085,"EUR 2,875 SPAREBANKEN NOR",1.54,CBF&CBL
DE000LB63W10,"EUR 3,25 LBK BADEN-WUERTT",22.52,CBF&CBL
FR001401AM72,"EUR 3,125 CREDIT AGR HOME",1.01,CBF&CBL
DE000NRW0F26,"EUR 1,625 NORDRHEIN-WESTF",1.58,CBF&CBL
FR0012969129,"EUR FL.R SAGESS (REGS) 15",5.00,CBF&CBL
XS1323474251,"EUR 2,155 POHJOLA BANK PL",25.08,CBF&CBL
DE000A11P8V8,"EUR 1,125 SAARLAND (REGS)",1.69,CBF&CBL
ES0205032040,"EUR 0,54 FERROVIAL EMISIO",6.57,CBF&CBL
FR0014001NN8,"EUR 0,50 FRANCE (REGS OAT",7.20,CBF&CBL
XS2331327564,"EUR 0,00 KFW (REGS) 21-20",1.06,CBF&CBL
DE000NLB5BC0,"EUR 2,55 NORD/LB GZ 25-20",11.99,CBF&CBL
DE000NLB51Z3,"EUR FL.R NORD/LB GZ 25-20",0.39,CBF&CBL
DE000A460C98,"EUR 3,00 KFW (REGS) 26-20",2.91,CBF&CBL
XS3273186083,"EUR 2,75 BK OF MONTREAL (",1.63,CBF&CBL
XS0680761375,"EUR 4,10 UNIBAIL-ROD WES ",13.67,CBF&CBL
FR0011472471,"EUR 2,70 ALPES COTE D AZU",1.12,CBF&CBL
BE6272359488,"EUR 3,00 EANDIS 14-2044",32.92,CBF&CBL
BE0008552169,"EUR 0,00 BELGIUM, KINGDOM",21.36,CBF&CBL
DE000DG4T8S5,"EUR FL.R DZ BANK AG - FFT",7.50,CBF&CBL
XS1584122763,"EUR 1,625 SCA HYGIENE AB ",5.00,CBF&CBL
ES0000012B05,"EUR 0,00 SPAIN, KINGDOM O",3.07,CBF&CBL
XS2056399855,"EUR 0,625 TELENOR ASA (RE",12.63,CBF&CBL
XS2257972773,"EUR 0,48 BIL LUXEMBOURG S",14.20,CBF&CBL
DE000MHB27J7,"EUR 0,01 MUENCHENER HYPOB",3.93,CBF&CBL
DE000SLB8643,"EUR FL.R LANDESBK SAAR 21",8.93,CBF&CBL
XS2333658073,"EUR 0,00 MUNICIPALITY FIN",7.50,CBF&CBL
DE000A161RT4,"EUR 3,25 BAYERISCHE LANDB",2.60,CBF&CBL
DE000BU2Z015,"EUR 2,60 BUNDES DEUTSCH 2",1.36,CBF&CBL
DE000HEL0B07,"EUR 2,50 LANDESBANK HESS-",7.50,CBF&CBL
LU3182454440,"EUR 2,90 LUXEMBOURG, G-D ",2.71,CBF&CBL
XS1350853831,"EUR 1,658 LLOYDS BANK PLC",3.10,CBF&CBL
DE000A2TSTR0,"EUR 0,875 KFW (REGS) 19-2",4.02,CBF&CBL
FR0013510591,"EUR 1,046 BPIFRANCE 20-20",11.83,CBF&CBL
XS1493328477,"EUR 1,125 ENI SPA (REGS/2",5.28,CBF&CBL
FR0013446952,"EUR 0,00 AUVERGNE- RHONE ",2.11,CBF&CBL
FR0014003M03,"EUR 0,855 DEPART DES BOUC",7.07,CBF&CBL
IT0005278202,"EUR 0,00 ITALY, REP.OF (B",0.43,CBF&CBL
FR001400ISF3,"GBP 6,25 SOCIETE GENERALE",19.13,CBF&CBL
AT0000A367F4,"EUR 3,625 RAIF.LBK.OBEROS",0.42,CBF&CBL
XS2749537481,"EUR 3,20 INTL.DEVEL..ASSO",4.20,CBF&CBL
DE000BU4Z086,"EUR 0,00 BUNDES DEUTSCH 2",3.08,CBF&CBL
DE000DJ9AG37,"EUR 3,41 DZ BANK AG - FFT",14.44,CBF&CBL
DE000A4DFSN8,"EUR FL.R NIEDERSACHSEN LA",0.52,CBF&CBL
XS3237640183,"EUR 2,625 NORDEA MORTGAGE",1.58,CBF&CBL
EU000A2SCAW0,"EUR 2,375 EFSF (REGS) 26-",1.65,CBF&CBL
ES0L02705074,"EUR 0,00 SPAIN, KINGDOM O",0.27,CBF&CBL
DE000LB6W8S2,"EUR 3,29 LBK BADEN-WUERTT",7.50,CBF&CBL
IT0004848740,"EUR 0,00 ITALY, REP.OF (B",5.49,CBF&CBL
DE000A161ZP5,"EUR 1,225 DEUT.GENOSS-HYP",1.68,CBF&CBL
FR0013386851,"EUR 1,529 BPCE SFH (REGS)",3.74,CBF&CBL
XS2083976139,"EUR 0,75 NATURGY FINANCE ",9.60,CBF&CBL
XS2102357105,"EUR 0,875 BMW FIN.NV (REG",13.26,CBF&CBL
XS2341269970,"EUR 1,125 AKER BP ASA (RE",8.01,CBF&CBL
XS2416563901,"EUR 0,125 COOP RABOBK UA ",1.66,CBF&CBL
DE000NWB0AS6,"EUR 2,50 NRW.BANK (REGS/9",4.21,CBF&CBL
XS2536376416,"EUR 2,50 SPAREBANKEN NOR ",0.36,CBF&CBL
XS2585966505,"EUR 3,00 ING BANK N.V. (R",1.89,CBF&CBL
DE000DW6C6H6,"EUR 3,75 DZ BANK AG - FFT",7.50,CBF&CBL
DE000DJ9AA25,"EUR 3,87 DZ BANK AG - FFT",7.50,CBF&CBL
DE000CZ439N1,"EUR 2,75 COMMERZBK AG (RE",0.36,CBF&CBL
DE000LB5R768,"EUR 2,35 LBK BADEN-WUERTT",8.62,CBF&CBL
IT0005657330,"EUR 2,10 ITALY, REP.OF (B",0.43,CBF&CBL
FR0000571176,"EUR 0,00 FRANCE (OAT STRI",0.12,CBF&CBL
FR0013327426,"EUR 1,35 CREDIT AGRICOLE ",7.50,CBF&CBL
DE000HLB4W46,"EUR FL.R LANDESBANK HESS-",7.74,CBF&CBL
BE0002641224,"EUR 1,419 BRUSSELS, REG. ",9.81,CBF&CBL
FR0014001ZD3,"EUR 0,125 CAISSE FCSE DE ",2.98,CBF&CBL
DE000A3KPTG6,"EUR 1,00 JAB HOLDINGS B.V",14.02,CBF&CBL
XS2404629235,"EUR 0,125 SVENSKA HBN.(PU",7.50,CBF&CBL
EU000A2SCAB4,"EUR 0,875 EFSF (REGS) 22-",1.38,CBF&CBL
DE0001143931,"EUR 0,00 BUNDES DEUTSCH 2",2.04,CBF&CBL
DE000A30V5D1,"EUR 3,00 NIEDERSACHSEN LA",1.79,CBF&CBL
DE000DW6C5Y3,"EUR 3,81 DZ BANK AG - FFT",15.18,CBF&CBL
DE000DJ9AAD0,"EUR 3,65 DZ BANK AG - FFT",7.50,CBF&CBL
AT0000A3HTT9,"EUR 2,65 ERSTE GR.BK AG 2",8.54,CBF&CBL
DE000LB57NB1,"EUR 2,90 LBK BADEN-WUERTT",20.75,CBF&CBL
DE000A460QB0,"EUR 3,125 LAND SACHSEN AN",2.97,CBF&CBL
DE000DP9BHX3,"EUR FL.R DZ BANK AG - FFT",15.68,CBF&CBL
AT0000A3VW09,"EUR 3,10 ERSTE GR.BK AG 2",20.51,CBF&CBL
DE000LBW2WK5,"EUR FL.R LBK BADEN-WUERTT",7.92,CBF&CBL
FR0010810010,"EUR 0,00 FRANCE (OAT STRI",2.34,CBF&CBL
FR0011608116,"EUR 3,20 ALPES COTE D AZU",2.15,CBF&CBL
FR0012872125,"EUR 2,12 MARSEILLE, VILLE",0.72,CBF&CBL
DE000NWB18S4,"EUR 0,55 NRW.BANK 19-2035",3.93,CBF&CBL
DE000BLB6JM4,"EUR 0,20 BAYERISCH.LANDES",1.29,CBF&CBL
IT0005555112,"EUR 3,875 ICCREA BANCA SP",0.83,CBF&CBL
FR001400K5Q6,"EUR FL.R REGION BRETAGNE ",1.79,CBF&CBL
DE000A3513M1,"EUR 2,875 INVESTITIONSBK ",7.50,CBF&CBL
IT0005387169,"EUR 0,00 ITALY, REP.OF (B",0.53,CBF&CBL
SI0002105136,"EUR 0,00 SLOVENIA REP.OF ",0.86,CBF&CBL
DE000LB6W8T0,"EUR 3,43 LBK BADEN-WUERTT",10.19,CBF&CBL
DE000LB6XFR5,"EUR 3,60 LBK BADEN-WUERTT",15.84,CBF&CBL
DE000DP9BNW3,"EUR 3,46 DZ BANK AG - FFT",7.50,CBF&CBL
BE0001731828,"EUR 2,412 WALLONE, REGION",8.83,CBF&CBL
FR0012610293,"EUR 1,62 ALPES COTE D AZU",7.13,CBF&CBL
XS1437661363,"EUR 1,10 SNCF MOBILITES (",3.30,CBF&CBL
DE000MHB2721,"EUR 1,666 MUENCHENER HYPO",4.58,CBF&CBL
DE000A2TSTN9,"EUR 0,955 KSPK. LUDWIGSBU",1.09,CBF&CBL
XS2049090595,"EUR 0,125 VIER GAS TRANSP",9.03,CBF&CBL
XS2228291279,"GBP 1,00 SHELL INTL.FIN.B",11.07,CBF&CBL
FR001400N9E1,"EUR 2,875 SOCIETE DE FINA",2.93,CBF&CBL
DE000A4R2L42,"EUR 2,125 KFW (REGS) 25-2",0.71,CBF&CBL
FR0129287324,"EUR 0,00 FRANCE (BTF) 25-",0.04,CBF&CBL
FR0014016JF0,"EUR 3,375 BPIFRANCE (REGS",5.43,CBF&CBL
ES0000012S22,"EUR 3,400000 SPAIN, KINGD",3.28,CBF&CBL
DE000DP9BMF0,"EUR 2,75 DZ BANK AG - FFT",13.28,CBF&CBL
DE000NRW0FS7,"EUR FL.R NORDRHEIN-WESTFA",1.99,CBF&CBL
DE0001102440,"EUR 0,50 BUNDES DEUTSCH (",0.28,CBF&CBL
DE000DK0JSH0,"EUR FL.R DEKABANK 18-2027",7.50,CBF&CBL
DE000NLB3PZ6,"EUR 0,40 NORD/LB GZ 21-20",14.49,CBF&CBL
IT0005433682,"EUR FL.R BCO DESIO BRIANZ",2.02,CBF&CBL
BE0008582463,"EUR 0,00 BELGIUM, KINGDOM",24.24,CBF&CBL
FR0014007QS7,"EUR 0,01 BPCE SFH (REGS) ",0.36,CBF&CBL
DE000A30VNN4,"EUR FL.R IB SCHLESWIG-HOL",7.50,CBF&CBL
DE000LB4W3U1,"EUR 3,405 LBK BADEN-WUERT",17.97,CBF&CBL
XS2865535590,"EUR 2,90 ASIAN DEV.BK 24-",2.13,CBF&CBL
FR001400WSS7,"EUR 3,00 BPCE SFH (REGS) ",1.65,CBF&CBL
DE0001142214,"EUR 0,00 BRD 03-2034",1.84,CBF&CBL
IT0004976780,"EUR 0,00 ITALY, REP.OF (B",5.71,CBF&CBL
FR0013245867,"EUR 1,50 ENGIE (REGS) 17-",5.00,CBF&CBL
XS1989213274,"EUR 1,652 DEV.BK OF JAPAN",45.89,CBF&CBL
IT0004534530,"EUR 0,00 ITALY, REP.OF (B",4.48,CBF&CBL
BE0002703842,"EUR 0,875 VLAAMS GEMEENSC",10.45,CBF&CBL
XS2258389415,"EUR 0,10 OP CORPOR BK PL ",7.50,CBF&CBL
DE000A30VKZ4,"EUR 2,68 KREISSPARK GOEPP",3.18,CBF&CBL
DE000A351157,"EUR 2,75 HAMBURGER SPARK.",7.50,CBF&CBL
FR001400UO51,"EUR 3,30 CREDIT MUT ARK S",1.83,CBF&CBL
XS3078649756,"EUR FL.R TOYOTA MOTO.FIN.",5.00,CBF&CBL
DE000NLB5EY8,"EUR 2,375 NORD/LB GZ (REG",1.04,CBF&CBL
DE000LB62RV0,"EUR 2,85 LBK BADEN-WUERTT",12.41,CBF&CBL
XS0450396501,"EUR 5,76 BK IRELAND MORTG",1.10,CBF&CBL
XS0906140966,"USD 3,50 SIEMENS FIN.NL 1",5.00,CBF&CBL
DE000DB9VQX8,"EUR 3,10 DEUTSCHE BANK AG",8.78,CBF&CBL
XS2822505439,"EUR 5,875 EPH FINANCING I",9.16,CBF&CBL
DE000LB5HXR3,"EUR 2,50 LBK BADEN-WUERTT",7.79,CBF&CBL
SI0002104873,"EUR 3,50 SLOVENIA REP.OF ",12.78,CBF&CBL
XS3358362278,"USD 3,875 BNG BANK N.V. (",1.62,CBF&CBL
XS3383867374,"EUR 3,625 INTL.DEVEL..ASS",3.67,CBF&CBL
NL00150744Z5,"EUR 0,00 DUTCH STATE 2711",0.39,CBF&CBL
DE000HEL0W44,"EUR 3,00 LANDESBANK HESS-",11.18,CBF&CBL
DE000BLB42S2,"EUR FL.R BAYERISCH.LANDES",7.50,CBF&CBL
XS1753042743,"EUR 1,50 EUROP.INVEST.BK ",3.87,CBF&CBL
FR0013312956,"EUR 1,787 CAISSE DES DEPO",10.17,CBF&CBL
XS2262263622,"EUR 0,01 ONTARIO,PROVINCE",2.06,CBF&CBL
XS2482628851,"EUR 1,625 EIKA BOLIGKREDI",1.27,CBF&CBL
DE0001053734,"EUR 3,449 BAYERN, FREISTA",4.18,CBF&CBL
DE000A31RJ29,"EUR 3,006 DT. PFANDBRIEFB",2.84,CBF&CBL
XS2838900152,"USD 4,50 NED.FIN.MAATSCH.",1.00,CBF&CBL
XS2883989258,"EUR XXX MANITOBA, PROV.OF",3.32,CBF&CBL
DE000LFA2345,"EUR 2,625 LFA FRDRBK.BAYE",0.80,CBF&CBL
FR001400XS05,"EUR FL.R COMP.FINA.FONCIE",1.19,CBF&CBL
XS3272087720,"USD 3,50 NED.FIN.MAATSCH.",0.70,CBF&CBL
DE000HV2A1F0,"EUR 2,35 UNICREDIT BANK 2",14.08,CBF&CBL
XS3396008487,"USD FL.R BNG BANK N.V. (R",0.79,CBF&CBL
EU000A1G0D05,"EUR 1,45 EFSF (REGS) 17-2",7.97,CBF&CBL
XS1792353747,"EUR 1,6025 BNG BANK N.V. ",5.65,CBF&CBL
XS2097321900,"EUR FL.R FERROVIE DEL STA",8.84,CBF&CBL
DE000A2E4DZ1,"EUR 0,35 LAND SACHSEN ANH",0.79,CBF&CBL
DE000MHB63X3,"EUR 0,105 MUENCHENER HYPO",14.39,CBF&CBL
FR0014003U03,"EUR 0,25 BPIFRANCE (REGS)",3.31,CBF&CBL
FR001400AQK4,"EUR 2,162 REG CENTRE-VAL ",8.45,CBF&CBL
BE0002952332,"EUR 4,00 FLUVIUS SYSTEM (",5.00,CBF&CBL
FR001400KFO8,"EUR 3,375 CREDIT AGR HOME",0.68,CBF&CBL
XS2823825711,"EUR 3,25 BMW INTL INV BV ",5.64,CBF&CBL
IT0005637761,"EUR 2,625 BANCO BPM S.P.A",1.06,CBF&CBL
FR001400ZAL3,"EUR 3,31 AGENCE FRANCE LO",5.53,CBF&CBL
DE000DJ9AZB1,"EUR FL.R DZ BANK AG - FFT",14.80,CBF&CBL
DE000LB4XC70,"EUR 3,425 LBK BADEN-WUERT",4.19,CBF&CBL
BE0312820922,"EUR 0,00 BELGIUM, KINGDOM",0.69,CBF&CBL
FR0010959924,"EUR 4,00 GE SCF (REGS) 10",1.40,CBF&CBL
FR0013297553,"EUR 1,81 HOPITAUX PARIS (",9.69,CBF&CBL
ES0000012B21,"EUR 0,00 SPAIN, KINGDOM O",0.48,CBF&CBL
FR0013445137,"EUR 0,00 RTE EDF TRANSPOR",5.00,CBF&CBL
XS2078735433,"EUR 0,875 SHELL INTL.FIN.",28.13,CBF&CBL
AT0000A3FMV4,"EUR 2,25 ERSTE GR.BK AG (",1.60,CBF&CBL
DE000A4DFC24,"EUR 2,625 GEMEINSAME BUND",1.14,CBF&CBL
DE000NWB2UT8,"EUR 0,00 NRW.BANK (1083) ",10.31,CBF&CBL
DE000WBP0BS2,"EUR 3,00 WUESTENROT BSPK ",2.15,CBF&CBL
BE0365452532,"GBP 5,70 SNCB 02-2032",3.45,CBF&CBL
DE0001135325,"EUR 4,25 BUNDES DEUTSCH (",2.14,CBF&CBL
IT0004848476,"EUR 0,00 ITALY, REP.OF (B",0.57,CBF&CBL
BE0002500750,"EUR 0,75 KBC BANK NV (REG",0.38,CBF&CBL
AT0000A204U8,"EUR 1,675 NIEDEROESTERREI",2.81,CBF&CBL
FR0013365293,"EUR 1,875 ENGIE (REGS) 18",18.82,CBF&CBL
DE000LB128S6,"EUR FL.R LBK BADEN-WUERTT",7.50,CBF&CBL
FR0013459047,"EUR 0,01 BPCE SFH (REGS) ",0.36,CBF&CBL
DE000BHY0C47,"EUR 0,01 LBK BADEN-WUERTT",1.54,CBF&CBL
DE000BHY0H83,"EUR 0,292 LBK BADEN-WUERT",7.50,CBF&CBL
XS2580868482,"EUR 2,50 NORDIC INVEST.BK",0.77,CBF&CBL
IT0005565988,"EUR 4,00 BCA.POP.DELL ALT",0.92,CBF&CBL
DE000A3823L6,"EUR 2,625 NIEDERSACHSEN L",2.06,CBF&CBL
BE0000360694,"EUR 2,85 BELGIUM, KINGDOM",4.67,CBF&CBL
DE000DJ9AFV1,"EUR FL.R DZ BANK AG - FFT",19.79,CBF&CBL
XS2980930148,"EUR 2,75 EXPORT DEV.CANAD",0.82,CBF&CBL
DE000A352QK0,"EUR 2,158 L-BANK 25-2028",0.87,CBF&CBL
DE000HEL0J90,"EUR 2,50 LANDESBANK HESS-",12.93,CBF&CBL
AT0000A3LMP4,"EUR 3,20 ERSTE GR.BK AG (",24.51,CBF&CBL
ES0413679616,"EUR FL.R BANKINTER (REGS)",1.23,CBF&CBL
DE000CZ46CD1,"EUR 3,125 COMMERZBK AG (R",1.86,CBF&CBL
BE0000320292,"EUR 4,25 BELGIUM, KINGDOM",6.73,CBF&CBL
ES00000120V3,"EUR 0,00 SPAIN, KINGDOM O",4.64,CBF&CBL
DE000A14J3D2,"EUR FL.R LAND BERLIN (REG",0.92,CBF&CBL
FR0013154028,"EUR 1,75 FRANCE (REGS OAT",4.81,CBF&CBL
DE000LFA1883,"EUR 0,01 LFA FRDRBK.BAYER",2.50,CBF&CBL
XS2711420054,"EUR 3,50 LANDESBANK HESS-",0.36,CBF&CBL
IT0005580045,"EUR 2,95 ITALY, REP.OF (B",0.19,CBF&CBL
DE000DJ9AK31,"EUR 2,75 DZ BANK AG - FFT",12.55,CBF&CBL
DE000MHB39J2,"EUR 3,00 MUENCHENER HYPOB",1.61,CBF&CBL
AT0000A3HGC2,"EUR 2,30 ERSTE GR.BK AG 2",7.50,CBF&CBL
XS3268298463,"USD 4,25 BNG BANK N.V. (R",2.87,CBF&CBL
XS3349986227,"EUR 3,032 NORDEA BK ABP (",7.50,CBF&CBL
DE000HEL00N2,"EUR 3,88 LANDESBANK HESS-",29.62,CBF&CBL
DE000DP9BMZ8,"EUR FL.R DZ BANK AG - FFT",19.21,CBF&CBL
IT0001312799,"EUR 0,00 ITALY, REP.OF (B",1.30,CBF&CBL
ES0001350257,"EUR 7,705 JC.CASTILLA-MAN",5.87,CBF&CBL
IT0004976541,"EUR 0,00 ITALY, REP.OF (B",1.76,CBF&CBL
FR0013189131,"EUR 0,93 CREDIT AGRICOLE ",7.50,CBF&CBL
ES0211845310,"EUR 1,00 ABERTIS INFRAES ",5.00,CBF&CBL
XS1622193321,"EUR 1,25 COOP RABOBK UA (",1.77,CBF&CBL
IT0005323289,"EUR FL.R INTESA SANPAOLO ",0.50,CBF&CBL
DE000A2GS4F6,"EUR 0,00 SAECHS.AUFBAUBK ",13.69,CBF&CBL
XS2320746394,"EUR 0,90 VERBUND AG (REGS",30.26,CBF&CBL
XS2366561103,"EUR 0,46 NIBC BANK NV. (R",9.91,CBF&CBL
BE0002843242,"EUR 1,40 BRUSSELS, REG. O",12.21,CBF&CBL
SK4000022547,"EUR 4,00 SLOVAK, REP. (RE",9.06,CBF&CBL
DE000DJ9AFJ6,"EUR 3,20 DZ BANK AG - FFT",21.71,CBF&CBL
FI4000571104,"EUR 3,00 FINLAND REP.OF 2",3.57,CBF&CBL
DE000A352AF4,"EUR 2,50 LAND SACHSEN ANH",0.66,CBF&CBL
XS2975281499,"GBP 4,50 BNG BANK N.V. (R",0.61,CBF&CBL
DE000A3H2580,"EUR 2,75 BADEN-WUERTTEMBE",2.13,CBF&CBL
DE000DP9BJM2,"EUR 2,40 DZ BANK AG - FFT",7.50,CBF&CBL
NL0000102234,"EUR 4,00 DUTCH STATE (REG",2.87,CBF&CBL
FR0011548866,"EUR 3,025 CAISSE FCSE DE ",2.26,CBF&CBL
IT0005248189,"EUR 0,00 ITALY, REP.OF (B",11.53,CBF&CBL
BE0002726074,"EUR 0,80 COMMUNAUT FRANCA",12.14,CBF&CBL
DE000A3H3ES2,"EUR 0,01 NIEDERSACHSEN LA",1.47,CBF&CBL
XS2287909159,"USD 1,375 CADES (REGS/27)",1.97,CBF&CBL
DE000NLB32R0,"EUR 3,25 NORD/LB GZ 23-20",19.20,CBF&CBL
XS2524810525,"USD 3,25 MUNICIPALITY FIN",7.50,CBF&CBL
AT0000A352N0,"EUR 3,05 ERSTE GR.BK AG (",7.50,CBF&CBL
DE000SHFM915,"EUR FL.R SCHLESWIG-HOLSTE",0.34,CBF&CBL
XS1974786839,"EUR 0,11 INTL.FIN.CORP. (",0.12,CBF&CBL
DE000HLB4YD1,"USD 2,30 LANDESBANK HESS-",10.39,CBF&CBL
DE000NLB3B57,"EUR 0,85 NORD/LB GZ 20-20",15.32,CBF&CBL
DE0001053569,"EUR 0,01 BAYERN, FREISTAA",3.29,CBF&CBL
XS2364756036,"EUR 0,00 INTL.DEVEL..ASSO",1.80,CBF&CBL
DE000A30VUK5,"EUR 2,75 KFW (REGS) 23-20",0.57,CBF&CBL
EU000A2SCAL3,"EUR 3,50 EFSF (REGS) 23-2",1.77,CBF&CBL
DE000NLB4Z33,"EUR 4,00 NORD/LB GZ 24-20",28.68,CBF&CBL
BE0390104678,"EUR 3,07 BRUSSELS, REG. O",4.41,CBF&CBL
DE000LB6F6M0,"EUR 2,90 LBK BADEN-WUERTT",23.65,CBF&CBL
DE0001053940,"EUR 2,375 BAYERN, FREISTA",1.45,CBF&CBL
DE000BU25067,"EUR 2,50 BUNDES DEUTSCH 2",0.99,CBF&CBL
XS0125912336,"EUR 5,70 LBK BADEN-WRT ST",12.76,CBF&CBL
IT0004976822,"EUR 0,00 ITALY, REP.OF (B",6.16,CBF&CBL
BE6265365385,"EUR 3,35 COMMUNAUT FRANCA",8.17,CBF&CBL
BE0000335449,"EUR 1,00 BELGIUM, KINGDOM",3.17,CBF&CBL
DE000NWB0AD8,"EUR 0,375 NRW.BANK (REGS)",0.50,CBF&CBL
ES0000101859,"EUR 2,738 COMUN.DE MADRID",4.25,CBF&CBL
DE000DK0KZC4,"EUR FL.R DEKABANK 17-2028",7.50,CBF&CBL
FR0013246402,"EUR 1,705 HSBC CONTINENTA",17.81,CBF&CBL
XS1651452325,"EUR 1,564 MUNICIPALITY FI",29.01,CBF&CBL
DE000NLB27M1,"EUR 1,10 NORD/LB GZ 19-20",18.77,CBF&CBL
DE000HLB4YJ8,"EUR 0,44 LANDESBANK HESS-",7.50,CBF&CBL
DE000NRW0N75,"EUR 4,69 NORDRHEIN-WESTFA",0.70,CBF&CBL
FI4000541461,"EUR 3,25 MORTGAGE SOCIETY",0.44,CBF&CBL
BE6347389973,"EUR FL.R BELFIUS BANK SA/",7.50,CBF&CBL
DE000NLB43Z0,"EUR 3,00 NORD/LB GZ 24-20",7.50,CBF&CBL
ES0413900160,"EUR 4,625 BANCO SANTANDER",0.36,CBF&CBL
DE000A14JY96,"EUR 1,125 BADEN-WUERTTEMB",4.23,CBF&CBL
DE000A2DAF44,"EUR 1,26 WIRTSCHAFTS-INFR",3.02,CBF&CBL
XS2062986422,"EUR 0,00 OEST.KONTROLLBK ",0.56,CBF&CBL
IT0004534480,"EUR 0,00 ITALY, REP.OF (B",3.78,CBF&CBL
BE6323978633,"EUR 0,04 WALLONE, REGION ",3.01,CBF&CBL
DE000A289RK2,"EUR 0,00 KFW (REGS) 20-20",1.55,CBF&CBL
DE000A289MA4,"EUR 2,49 AAREAL BK AG. 22",3.12,CBF&CBL
XS2880093849,"USD 0,01 DZ BK AG (REGS/A",10.22,CBF&CBL
DE000LB5KB34,"EUR 2,60 LBK BADEN-WUERTT",14.54,CBF&CBL
XS2948764563,"EUR 3,55 ITALY, REP.OF 24",3.55,CBF&CBL
XS3038535962,"GBP 4,625 DEXIA S.A (REGS",5.56,CBF&CBL
BE0390181478,"EUR 3,50 WALLONE, REGION ",4.25,CBF&CBL
DE000HEL0MB5,"EUR 2,30 LANDESBANK HESS-",10.34,CBF&CBL
XS3438591128,"EUR 3,40 JOHN DEERE BK SA",13.39,CBF&CBL
BE0008531924,"EUR 0,00 BELGIUM, KINGDOM",10.77,CBF&CBL
DE000NRW0HA1,"EUR 1,605 NORDRHEIN-WESTF",1.99,CBF&CBL
FR0013050945,"EUR FL.R AUVERGNE- RHONE ",0.72,CBF&CBL
XS1885970092,"EUR 0,65 CA CIB (REGS/450",25.34,CBF&CBL
AT0000A2A6W3,"EUR 0,01 ERSTE GR.BK AG (",1.05,CBF&CBL
DE000DDA0U57,"EUR 0,34 DZ BANK AG - FFT",10.98,CBF&CBL
FR0013506383,"EUR 0,645 AUVERGNE- RHONE",8.20,CBF&CBL
XS2156583259,"EUR 2,625 REPSOL INTL.FIN",10.44,CBF&CBL
DE000HLB4WU9,"EUR FL.R LANDESBANK HESS-",7.50,CBF&CBL
DE000A2TSDW4,"EUR 0,01 DZ HYP AG (REGS)",0.36,CBF&CBL
DE000SLB4204,"EUR 0,01 LANDESBK SAAR 20",1.58,CBF&CBL
XS2351088955,"EUR 0,25 ONTARIO,PROVINCE",2.31,CBF&CBL
XS2526846469,"EUR 2,375 RAIF.LBK NIEDER",1.79,CBF&CBL
FR001400ILH4,"EUR 3,175 LA BANQUE POSTA",0.95,CBF&CBL
DE000NLB42V1,"EUR 3,00 NORD/LB GZ 24-20",7.50,CBF&CBL
DE000BYL0AU2,"EUR 2,55 BAYERISCH.LANDES",8.29,CBF&CBL
ES0000012P90,"EUR 2,35 SPAIN, KINGDOM O",1.23,CBF&CBL
XS3338741211,"EUR FL.R OP CORPOR BK PL ",7.50,CBF&CBL
BE0000368770,"EUR 3,10 BELGIUM, KINGDOM",3.15,CBF&CBL
ES0000012411,"EUR 5,75 SPAIN, KINGDOM O",2.31,CBF&CBL
XS0685556044,"EUR 4,05 UNIBAIL-ROD WES ",13.86,CBF&CBL
FR0013266368,"EUR 2,00 GECINA SA (REGS)",13.92,CBF&CBL
XS2233150890,"EUR FL.R MORE BOLIGKREDIT",0.39,CBF&CBL
FR0014008181,"EUR 0,10 FRANCE (OAT) 22-",12.49,CBF&CBL
DE000SLB8874,"EUR 3,875 LANDESBK SAAR 2",7.50,CBF&CBL
DE000DW6C4K5,"EUR 3,15 DZ BANK AG - FFT",7.50,CBF&CBL
XS2630524713,"EUR 3,125 DEXIA S.A (REGS",5.00,CBF&CBL
DE000DJ9AA74,"EUR 3,35 DZ BANK AG - FFT",7.50,CBF&CBL
IT0005387177,"EUR 0,00 ITALY, REP.OF (B",0.84,CBF&CBL
DE000BYL0B73,"EUR 2,50 BAYERISCH.LANDES",8.86,CBF&CBL
DE000BYL0DU6,"EUR 3,36 BAYERISCH.LANDES",23.54,CBF&CBL
DE000LB6A0B1,"EUR 2,90 LBK BADEN-WUERTT",23.27,CBF&CBL
DE000HEL4A04,"EUR 3,50 LANDESBANK HESS-",25.54,CBF&CBL
BE0002422948,"EUR 2,95 BELFIUS BANK SA/",2.65,CBF&CBL
DE000A2BPJ86,"EUR 0,625 DEUT.GENOSS-HYP",0.36,CBF&CBL
XS1910948162,"EUR 2,625 VOLKSWAGEN INTL",5.00,CBF&CBL
FR0013410008,"EUR 0,50 UNEDIC (REGS) 19",1.13,CBF&CBL
DE000SLB8338,"EUR 0,687 LANDESBK SAAR 1",17.23,CBF&CBL
XS2170386853,"EUR 1,25 SHELL INTL.FIN.B",14.96,CBF&CBL
DE000LB2CXB5,"EUR 0,01 LBK BADEN-WUERTT",11.70,CBF&CBL
DE000BLB9VU6,"EUR 3,20 BAYERISCH.LANDES",7.69,CBF&CBL
DE000A352BT3,"EUR 3,375 DEUTSCHE BANK A",0.95,CBF&CBL
DE000DJ9ABQ0,"EUR FL.R DZ BANK AG - FFT",17.14,CBF&CBL
DE000LB5JR13,"EUR 2,30 LBK BADEN-WUERTT",7.50,CBF&CBL
DE000A383TE2,"EUR 2,75 KFW (REGS) 25-20",2.67,CBF&CBL
DE000DJ9AVD6,"EUR 2,00 DZ BANK AG - FFT",9.26,CBF&CBL
DE000LB5Y7K0,"EUR 2,10 LBK BADEN-WUERTT",7.50,CBF&CBL
DE000BYL0F87,"EUR 2,15 BAYERISCH.LANDES",7.50,CBF&CBL
IT0005719536,"EUR 0,00 ITALY, REP.OF (B",0.15,CBF&CBL
EU000A4E0858,"EUR 0,00 EUROPEAN UNION (",0.89,CBF&CBL
FR0010809558,"EUR 0,00 FRANCE (OAT STRI",5.22,CBF&CBL
SK4120011149,"EUR 1,60 VSEOB. UVEROVA B",1.87,CBF&CBL
BE6289825547,"EUR 0,626 WALLONE, REGION",0.72,CBF&CBL
XS1935332137,"EUR 1,585 ABN AMRO BK NV ",7.06,CBF&CBL
DE000RLP1270,"EUR 0,375 RHEINLAND-PFALZ",6.42,CBF&CBL
DE000BHY0JB9,"EUR 0,335 LBK BADEN-WUERT",1.90,CBF&CBL
DE000A351P20,"EUR 3,00 GEMEINSAME BUNDE",1.18,CBF&CBL
DE000A3SJZ27,"EUR 3,00 WIRTSCHAFTS-INFR",6.93,CBF&CBL
EU000A4D6KN5,"EUR 2,375 EUROP.INVEST.BK",0.81,CBF&CBL
XS3325285214,"EUR 3,125 LANDWIRT.RENTEN",2.95,CBF&CBL
XS3500110997,"EUR 3,25 MUNICIPALITY FIN",15.06,CBF&CBL
FR0010482695,"EUR 0,00 FRANCE (OAT STRI",7.75,CBF&CBL
XS1135277140,"EUR 1,625 SHELL INTL.FIN.",5.00,CBF&CBL
IT0005248155,"EUR 0,00 ITALY, REP.OF (B",11.09,CBF&CBL
DE000NLB25H5,"EUR FL.R NORD/LB GZ (REGS",7.50,CBF&CBL
XS1823523730,"EUR 1,5445 STADSHYP AB (P",3.60,CBF&CBL
ES0000012A55,"EUR 0,00 SPAIN, KINGDOM O",11.19,CBF&CBL
BE6316411626,"EUR 0,161 WALLONE, REGION",2.85,CBF&CBL
FR0013469368,"EUR 2,815 BNP PARIBAS HOM",0.79,CBF&CBL
NL0014555419,"EUR 0,00 DUTCH STATE 20-2",1.47,CBF&CBL
DE000A289LD0,"EUR 0,01 LAND BERLIN 20-2",0.82,CBF&CBL
DE000DFK0E51,"EUR 0,10 DZ BANK AG - FFT",14.31,CBF&CBL
DE000A3E5LJ4,"EUR 0,14 INV.UND STR.BK I",14.49,CBF&CBL
FR0014006FE2,"EUR 0,52 DANONE (REGS) 21",12.32,CBF&CBL
DE000A30V349,"EUR FL.R BREMEN HANSTADT ",0.34,CBF&CBL
XS2485856681,"EUR 1,50 JBIC (SEC) 22-20",9.40,CBF&CBL
DE000NLB3540,"EUR 3,40 NORD/LB GZ 23-20",9.17,CBF&CBL
DE000LFA2113,"EUR 3,00 LFA FRDRBK.BAYER",1.15,CBF&CBL
FR001400HRU6,"EUR 0,00 BPCE (REGS) 23-2",7.50,CBF&CBL
FR001400JM58,"EUR 3,398 CREDIT AGRICOLE",0.94,CBF&CBL
IT0005550048,"EUR 0,00 ITALY, REP.OF (B",2.71,CBF&CBL
FR00140108P0,"GBP 5,25 BQUE FED.CRED.MU",15.42,CBF&CBL
DE000A4DFKT2,"EUR 3,25 DZ HYP AG (REGS)",2.69,CBF&CBL
XS1199008670,"EUR 2,00 ITALY, REP.OF (R",2.78,CBF&CBL
FR0013422383,"EUR 1,70 SOCIETE GRAND (R",6.87,CBF&CBL
BE6323704807,"EUR 0,8175 COMMUNAUT FRAN",12.46,CBF&CBL
XS2306601746,"EUR 1,875 EASYJET FINCO B",5.00,CBF&CBL
DE000LB2BJU6,"EUR 0,40 LBK BADEN-WUERTT",17.33,CBF&CBL
XS2394144609,"EUR 0,623 BK.NOVA SCOTIA ",4.78,CBF&CBL
DE000A3SJZ43,"EUR 2,97 WIRTSCHAFTS-INFR",5.50,CBF&CBL
DE000NLB4761,"EUR 2,40 NORD/LB GZ 25-20",11.24,CBF&CBL
DE000LB5JR88,"EUR 2,95 LBK BADEN-WUERTT",21.88,CBF&CBL
XS2986727316,"EUR 2,625 DNB BOLIGKREDIT",1.15,CBF&CBL
DE000LB6R0E6,"EUR 2,40 LBK BADEN-WUERTT",8.59,CBF&CBL
DE000LB62S25,"EUR 3,40 LBK BADEN-WUERTT",29.59,CBF&CBL
DE000A383U58,"EUR FL.R SAARLAND 26-2034",0.84,CBF&CBL
XS3523062746,"EUR 0,00 AUSTRIA, REP.OF ",0.54,CBF&CBL
LU0962396452,"EUR 2,75 LUXEMBOURG, G-D ",4.24,CBF&CBL
BE0001716670,"EUR 3,80 WALLONE, REGION ",5.49,CBF&CBL
FR0013204468,"EUR 1,00 BPCE (REGS) 16-2",7.50,CBF&CBL
ES0001353434,"EUR 1,95 COMUNIDAD NAVARR",4.19,CBF&CBL
FR0014001JM8,"EUR 1,00 SOC. NAT. SNCF (",13.62,CBF&CBL
DE000DW6DAU7,"EUR 4,305 DZ BANK AG - FF",18.25,CBF&CBL
IT0005683443,"EUR 3,663 MEDIOBANCA SPA ",4.54,CBF&CBL
FR0014015JW7,"EUR 3,25 CADES (REGS) 26-",2.69,CBF&CBL
XS3281146749,"EUR 2,625 EXPORT DEV.CANA",1.00,CBF&CBL
DE0001143360,"EUR 0,00 BRD (STRIP CPN) ",1.60,CBF&CBL
ES00000126J5,"EUR 0,00 SPAIN, KINGDOM O",3.12,CBF&CBL
BE0000340498,"EUR 2,15 BELGIUM, KINGDOM",11.93,CBF&CBL
ES0000101750,"EUR 0,00 COMUN.DE MADRID ",3.35,CBF&CBL
FR0013336690,"EUR 1,574 ALPES COTE D AZ",6.31,CBF&CBL
DE000NLB0RK0,"EUR FL.R NORD/LB GZ 18-20",7.50,CBF&CBL
DE000SLB0GJ0,"EUR 0,89 LANDESBK SAAR 21",24.69,CBF&CBL
XS2331315635,"EUR 0,375 ENEXIS HOLDING ",14.76,CBF&CBL
AT0000A2RAA0,"EUR 0,125 ERSTE GR.BK AG ",7.50,CBF&CBL
FR0014003MZ0,"EUR 0,35 AUVERGNE- RHONE ",2.60,CBF&CBL
FRCASA010506,"EUR 0,00 CREDIT AGRICOLE ",26.15,CBF&CBL
DE000LB5ZJL7,"EUR 2,71 LBK BADEN-WUERTT",15.93,CBF&CBL
EU000A1G0AT6,"EUR 3,375 EFSF (REGS) 12-",5.82,CBF&CBL
XS0826189028,"EUR 3,00 TELIASONERA  AB ",5.00,CBF&CBL
DE000DDA0P96,"EUR 0,65 DZ BANK AG - FFT",7.50,CBF&CBL
DE000DK0T0D0,"EUR FL.R DEKABANK 19-2029",9.29,CBF&CBL
XS2055652056,"EUR 1,875 ABERTIS INFRAES",15.41,CBF&CBL
FR0013517513,"EUR 0,825 REG CENTRE-VAL ",8.64,CBF&CBL
XS2498554992,"EUR 4,00 ALD SA (17) 22-2",5.00,CBF&CBL
XS2555166128,"EUR 3,00 LANDWIRT.RENTENB",2.60,CBF&CBL
DE000A383F99,"EUR 2,75 HAMBURGER SPARK.",13.02,CBF&CBL
IT0005605180,"EUR 3,375 BCA.POP.DELL AL",2.11,CBF&CBL
DE000A4DFCH4,"EUR FL.R BAUSPARK. SCHWA ",1.47,CBF&CBL
DE000A3H2523,"EUR FL.R BADEN-WUERTTEMBE",0.49,CBF&CBL
FR0014012BD1,"EUR 3,125 BPCE (REGS) 25-",13.12,CBF&CBL
DE000A5H3DJ1,"EUR 3,375 LAND BERLIN (RE",2.94,CBF&CBL
DE000HEL0ZD3,"EUR FL.R LANDESBANK HESS-",19.29,CBF&CBL
XS0834371469,"EUR 3,50 OMV AG (REGS/6) ",5.00,CBF&CBL
BE6265068328,"EUR 3,011 INFRABEL SA (RE",6.53,CBF&CBL
FR0013298676,"EUR 1,625 ABERTIS FRANCE ",5.00,CBF&CBL
XS2307854062,"EUR 0,00 MUNICIPALITY FIN",14.53,CBF&CBL
XS2342227837,"EUR 1,00 SAGAX EURO MTN (",8.04,CBF&CBL
FR0014003RH7,"EUR 0,125 BPCE SFH (REGS)",1.49,CBF&CBL
DE000HCB0BN7,"EUR 2,00 HAMBURG COM BK (",0.36,CBF&CBL
DE000LB3RHK5,"EUR 3,08 LBK BADEN-WUERTT",19.90,CBF&CBL
FR0010172593,"EUR 0,00 FRANCE (OAT STRI",5.72,CBF&CBL
ES00000120P5,"EUR 0,00 SPAIN, KINGDOM O",3.07,CBF&CBL
DE000DG4T9M6,"EUR FL.R DZ BANK AG - FFT",7.50,CBF&CBL
DE000NWB17Y4,"EUR 0,625 NRW.BANK (REGS)",0.55,CBF&CBL
DE000CZ40MB7,"EUR FL.R COMMERZBK AG (RE",0.36,CBF&CBL
DE000A2GSSG2,"EUR 0,245 WIRTSCHAFTS-INF",4.25,CBF&CBL
BE6329647091,"EUR 0,175 COMMUNAUT FRANC",3.41,CBF&CBL
DE0001030740,"EUR 1,30 BUNDES DEUTSCH (",0.23,CBF&CBL
DE000NLB30D4,"EUR 3,65 NORD/LB GZ 22-20",7.50,CBF&CBL
FR001400FG43,"EUR 2,90 REG. ILE DE FRAN",2.09,CBF&CBL
DE000LB389C8,"EUR 3,50 LBK BADEN-WUERTT",0.36,CBF&CBL
FR001400MCE2,"EUR 4,125 CREDIT MUTU ARK",21.20,CBF&CBL
XS2745725155,"EUR 3,875 VOLKSWAGEN LEAS",6.20,CBF&CBL
DE000A30V273,"EUR 2,625 INVESTITIONSBK ",2.12,CBF&CBL
FR0014012BB5,"EUR FL.R CREDIT AGR HOME ",2.03,CBF&CBL
FR0014015MU5,"EUR 4,10 BANQUE DE FRANCE",3.10,CBF&CBL
XS3285515352,"EUR FL.R CENT. BK SAVINGS",7.50,CBF&CBL
XS0606860095,"EUR 5,65 ENEL FINANCE INT",9.95,CBF&CBL
XS0626438203,"EUR 4,45 BUNDESIMMOBILIEN",10.25,CBF&CBL
FR0012033827,"EUR FL.R CAISSE DES DEPOT",1.35,CBF&CBL
XS1508585772,"EUR 0,625 IBRD-WORLD BANK",1.35,CBF&CBL
BE0002759406,"EUR 0,453 BRUSSELS, REG. ",15.28,CBF&CBL
XS2381599898,"EUR 0,05 RAIFFEISEN BANK ",7.50,CBF&CBL
FR001400BKZ3,"EUR 2,00 FRANCE (REGS OAT",1.38,CBF&CBL
XS2641928382,"EUR 3,75 NATIONWIDE BS (R",0.66,CBF&CBL
DE000DJ9AES0,"EUR FL.R DZ BANK AG - FFT",19.66,CBF&CBL
XS2971937672,"EUR 4,875 HUNGARY, REP.OF",11.75,CBF&CBL
DE000DP9BJ06,"EUR FL.R DZ BANK AG - FFT",18.54,CBF&CBL
DE000HEL4BP0,"EUR FL.R LANDESBANK HESS-",0.35,CBF&CBL
DE000HLB76U3,"EUR 1,65 LANDESBANK HESS-",7.50,CBF&CBL
XS2487057106,"EUR 1,375 SWEDBANK MORTGA",0.36,CBF&CBL
FR001400KT17,"EUR 4,20 BPCE (REGS) 23-2",10.25,CBF&CBL
FR001400P1Y4,"EUR 3,625 CREDIT MUTU ARK",20.70,CBF&CBL
DE000RLP1585,"EUR FL.R RHEINLAND-PFALZ ",0.38,CBF&CBL
DE000NLB5032,"EUR 2,15 NORD/LB GZ 25-20",7.81,CBF&CBL
DE000BYL0GQ7,"EUR 2,00 BAYERISCH.LANDES",7.50,CBF&CBL
DE000HEL0SS6,"EUR 2,50 LANDESBANK HESS-",11.54,CBF&CBL
XS3397036396,"EUR 3,125 BK OF MONTREAL ",2.21,CBF&CBL
XS3401963502,"EUR 4,50 BANK GOSPODARSTW",32.16,CBF&CBL
DE000RLP1692,"EUR 2,75 RHEINLAND-PFALZ ",0.61,CBF&CBL
IT0004976772,"EUR 0,00 ITALY, REP.OF (B",5.50,CBF&CBL
ES00000127X4,"EUR 0,00 SPAIN, KINGDOM O",1.85,CBF&CBL
DE000HLB4UQ1,"EUR FL.R LANDESBANK HESS-",7.50,CBF&CBL
DE000A2G8W40,"EUR 1,20 BREMEN HANSTADT ",2.17,CBF&CBL
XS2194373077,"EUR 0,01 SR-BOLIGKREDITT ",0.36,CBF&CBL
BE0002725068,"EUR 0,731 BRUSSELS, REG. ",14.80,CBF&CBL
XS2400299363,"EUR 0,70 IBRD-WORLD BANK ",3.99,CBF&CBL
FR00140066E4,"EUR 0,877 REGION PAYS LOI",8.78,CBF&CBL
DE000MHB29J3,"EUR 0,125 MUENCHENER HYPO",0.83,CBF&CBL
DE000A30V8G8,"EUR 3,10 KSPK. LUDWIGSBUR",2.52,CBF&CBL
DE000LB386S0,"EUR 3,55 LBK BADEN-WUERTT",7.50,CBF&CBL
DE000NLB4X68,"EUR 2,50 NORD/LB GZ 24-20",7.50,CBF&CBL
FR001400MP84,"EUR FL.R SOC.GEN.SCF 23-2",7.50,CBF&CBL
DE000LB5P598,"EUR 2,55 LBK BADEN-WUERTT",8.44,CBF&CBL
DE000LB59C85,"USD 4,00 LBK BADEN-WUERTT",7.50,CBF&CBL
DE000BYL0GR5,"EUR 2,20 BAYERISCH.LANDES",7.50,CBF&CBL
XS3326336511,"EUR FL.R SPAREBANKEN NOR ",0.42,CBF&CBL
DE000NWB1AX4,"EUR FL.R NRW.BANK 05-2035",2.09,CBF&CBL
BE0002429042,"EUR 3,50 EANDIS 13-2028",5.00,CBF&CBL
XS0934539726,"EUR 2,625 R BOSCH INVEST ",5.00,CBF&CBL
IT0005248114,"EUR 0,00 ITALY, REP.OF (B",10.33,CBF&CBL
DE000LFA1768,"EUR 1,125 LFA FRDRBK.BAYE",2.81,CBF&CBL
XS2101346208,"USD 1,75 LANDWIRT.RENTENB",0.38,CBF&CBL
BE0000351602,"EUR 0,00 BELGIUM, KINGDOM",0.72,CBF&CBL
DE000NLB3B40,"EUR 0,75 NORD/LB GZ 20-20",12.37,CBF&CBL
IT0005654642,"EUR 2,70 ITALY, REP.OF (B",2.02,CBF&CBL
XS3276317487,"EUR 2,973 BK.NOVA SCOTIA ",2.11,CBF&CBL
DE000HEL4BV8,"EUR 3,625 LANDESBANK HESS",22.44,CBF&CBL
DE000A1YC7S9,"EUR 2,255 LAND BERLIN (RE",0.72,CBF&CBL
DE0003811600,"EUR 0,00 BUNDES DEUTSCH (",3.59,CBF&CBL
DE000A1RQC02,"EUR 0,75 HESSEN LAND (REG",3.42,CBF&CBL
BE6297044958,"EUR 2,1675 WALLONE, REGIO",9.71,CBF&CBL
DE000DK0JSK4,"EUR FL.R DEKABANK 18-2028",7.50,CBF&CBL
XS1967635977,"EUR 2,375 ABERTIS INFRAES",5.00,CBF&CBL
ES0413679475,"EUR FL.R BANKINTER 20-203",0.45,CBF&CBL
EU000A1Z99R5,"EUR 3,00 ESM (REGS) 23-20",0.35,CBF&CBL
DE000HLB43N8,"EUR 3,285 LANDESBANK HESS",2.34,CBF&CBL
DE000DJ9AZN6,"EUR 2,00 DZ BANK AG - FFT",13.41,CBF&CBL
XS3187013779,"EUR 3,137 OTP MORTG.BK LT",3.00,CBF&CBL
AT0000A38KS6,"EUR 3,80 ERSTE GR.BK AG 2",11.03,CBF&CBL
EU000A4ENP68,"EUR 2,375 EUROPEAN UNION ",0.67,CBF&CBL
NL0015074E19,"EUR 3,75 DUTCH STATE 26-2",4.86,CBF&CBL
FR0011317783,"EUR 2,75 FRANCE (REGS OAT",0.23,CBF&CBL
DE000LB1DQ71,"EUR 0,625 LBK BADEN-WUERT",0.40,CBF&CBL
BE0002609874,"EUR 1,80 BRUSSELS, REG. O",10.37,CBF&CBL
XS1910948089,"GBP 3,375 VOLKSWAGEN INTL",5.00,CBF&CBL
XS2150179740,"EUR 1,50 PROV OF ALBERTA ",7.82,CBF&CBL
XS2154418730,"EUR 1,50 SHELL INTL.FIN.B",5.00,CBF&CBL
FR0014004VO3,"EUR 0,921 PARIS, VILLE DE",13.00,CBF&CBL
AT0000A2SUH1,"EUR 0,25 ERSTE GR.BK AG (",10.46,CBF&CBL
ES0000012J15,"EUR 0,00 SPAIN, KINGDOM O",0.15,CBF&CBL
XS2540993685,"EUR 2,75 BNG BANK N.V. (R",0.39,CBF&CBL
AT000B078845,"EUR FL.R RAIF.LBK NIEDERO",0.35,CBF&CBL
DE000NLB44F0,"EUR 3,30 NORD/LB GZ 24-20",7.50,CBF&CBL
XS2841962017,"EUR 3,25 SKIPTON B SOC. (",0.94,CBF&CBL
DE000NLB4530,"EUR 2,40 NORD/LB GZ 24-20",7.50,CBF&CBL
DE000LB5EVZ7,"EUR 2,35 LBK BADEN-WUERTT",7.50,CBF&CBL
DE000A3825N7,"EUR 2,506 DZ HYP AG 24-20",0.81,CBF&CBL
DE000LB5UUD2,"EUR 2,15 LBK BADEN-WUERTT",7.50,CBF&CBL
XS3307432800,"EUR FL.R LAND SACHSEN ANH",0.49,CBF&CBL
DE000DP9BMJ2,"EUR 2,90 DZ BANK AG - FFT",18.56,CBF&CBL
XS3521546526,"EUR 0,00 AUSTRIA, REP.OF ",0.54,CBF&CBL
XS0499106499,"EUR 4,33 BUNDESIMMOBILIEN",7.99,CBF&CBL
XS0512125849,"EUR 3,90 OEBB INFRASTRUKT",1.76,CBF&CBL
FR0012039923,"EUR 2,452 CAISSE DES DEPO",4.79,CBF&CBL
AT0000A269M8,"EUR 0,50 AUSTRIA, REP.OF ",1.29,CBF&CBL
FR0013446598,"EUR 0,01 CREDIT AGRICOLE ",0.69,CBF&CBL
FR0014004WZ7,"EUR 0,85 PARIS, VILLE DE ",12.64,CBF&CBL
DE000DW6C7L6,"EUR FL.R DZ BANK AG - FFT",7.50,CBF&CBL
DE000NLB41F6,"EUR FL.R NORD/LB GZ 24-20",11.43,CBF&CBL
DE000LB5JDE9,"EUR 2,55 LBK BADEN-WUERTT",7.85,CBF&CBL
XS2975280509,"EUR 3,00 POLAND, REP.OF (",2.69,CBF&CBL
DE000LB619T2,"EUR 3,20 LBK BADEN-WUERTT",24.41,CBF&CBL
DE000HEL4BX4,"EUR 3,75 LANDESBANK HESS-",26.23,CBF&CBL
DE000DK8PWU5,"EUR FL.R DEKABANK 11-2031",13.50,CBF&CBL
XS0994979044,"EUR 3,08 SVENSKA HBN. (RE",7.50,CBF&CBL
IT0004976624,"EUR 0,00 ITALY, REP.OF (B",3.28,CBF&CBL
BE0001744953,"EUR 2,317 VLAAMS GEMEENSC",9.10,CBF&CBL
FR0013216926,"EUR 1,208 DANONE (REGS) 1",6.46,CBF&CBL
IT0005370108,"EUR FL.R INTESA SANPAOLO ",0.71,CBF&CBL
XS2035620710,"EUR 0,25 REPSOL INTL.FIN.",5.00,CBF&CBL
DE000A3H3HE5,"EUR 0,125 KSPK. LUDWIGSBU",2.07,CBF&CBL
DE000A3H3JM4,"EUR 0,75 MERCEDES-BENZ G ",15.88,CBF&CBL
XS2324772453,"EUR 0,375 FERROVIE DEL ST",5.00,CBF&CBL
DE000A3MP7H9,"EUR 0,00 KFW (REGS) 22-20",0.39,CBF&CBL
EU000A3LZ0X9,"EUR 3,375 EUROPEAN UNION ",2.42,CBF&CBL
XS2914674408,"USD 3,625 MUNICIPALITY FI",9.70,CBF&CBL
ES0000106767,"EUR 3,25 BASQUE COUNTRY (",3.35,CBF&CBL
DE000LB6E327,"EUR 3,05 LBK BADEN-WUERTT",25.49,CBF&CBL
DE000A352AQ1,"EUR 2,00 LAND SACHSEN ANH",0.50,CBF&CBL
XS3356129810,"EUR FL.R IBRD-WORLD BANK ",0.38,CBF&CBL
DE000HEL0ZT9,"EUR 3,60 LANDESBANK HESS-",26.61,CBF&CBL
DE000DJ9AZD7,"EUR FL.R DZ BANK AG - FFT",19.15,CBF&CBL
EU000A4EG021,"EUR 2,50 EUROPEAN UNION (",0.88,CBF&CBL
IT0005730160,"EUR 3,50 CASSA RISP.BOLZA",2.12,CBF&CBL
DE000DP9BNN2,"EUR 3,85 DZ BANK AG - FFT",26.43,CBF&CBL
BE0008521826,"EUR 0,00 BELGIUM, KINGDOM",4.97,CBF&CBL
DE000NLB2KH7,"EUR FL.R NORD/LB GZ (REGS",11.99,CBF&CBL
IT0005352080,"EUR FL.R INTESA SANPAOLO ",1.48,CBF&CBL
XS1948630634,"GBP 3,125 DEUT.TELEKOM (R",16.77,CBF&CBL
DE000A2TR083,"EUR 2,00 MERCEDES-BENZ G ",11.16,CBF&CBL
IE00BKFVC568,"EUR 0,20 IRELAND, REP OF ",0.61,CBF&CBL
FR0014000YJ5,"EUR 0,49 DEPART DES BOUCH",11.13,CBF&CBL
FR0014003D46,"EUR 0,822 REG CENTRE-VAL ",8.59,CBF&CBL
DE000A3MQUU9,"EUR 1,25 GEMEINSAME BUNDE",0.88,CBF&CBL
DE000DJ9ADJ1,"EUR 3,30 DZ BANK AG - FFT",21.48,CBF&CBL
DE000LB4XCA3,"EUR 3,038 LBK BADEN-WUERT",17.81,CBF&CBL
DE000DJ9A1W2,"EUR FL.R DZ BANK AG - FFT",7.50,CBF&CBL
DE000NWB2UY8,"EUR FL.R NRW.BANK (REGS/1",0.87,CBF&CBL
DE000HV2A2U7,"EUR 3,25 UNICREDIT BANK (",1.76,CBF&CBL
DE0001030575,"EUR FL.R BUNDES DEUTSCH (",7.53,CBF&CBL
XS1350417421,"EUR 1,69 SNCF MOBILITES (",3.00,CBF&CBL
XS1402194010,"EUR 1,226 SWEDBANK AB (RE",7.50,CBF&CBL
DE0003811642,"EUR 0,00 BUNDES DEUTSCH (",4.55,CBF&CBL
BE0008543077,"EUR 0,00 BELGIUM, KINGDOM",16.84,CBF&CBL
DE000RLP0942,"EUR 0,70 RHEINLAND-PFALZ ",0.45,CBF&CBL
FR0013348802,"EUR 0,875 CREDIT AGRICOLE",0.66,CBF&CBL
DE000A2NB841,"EUR 0,875 DZ HYP AG (REGS",2.35,CBF&CBL
DE000SHFM709,"EUR 0,20 SCHLESWIG-HOLSTE",3.66,CBF&CBL
FR0013444304,"EUR 0,10 HSBC CONTINENTA ",7.50,CBF&CBL
IT0005383309,"EUR 1,35 ITALY, REP.OF (B",1.86,CBF&CBL
FR0014001TM7,"EUR 0,361 REGION HAUTS 21",8.87,CBF&CBL
AT000B066907,"EUR 0,25 RAIFFEISENLANDES",3.34,CBF&CBL
XS2554488978,"EUR 4,25 VOLKSWAGEN INTL.",5.00,CBF&CBL
AT0000A322C6,"EUR 2,78 RAIF.LBK.OBEROS.",1.14,CBF&CBL
DE000DJ9ABM9,"EUR 3,95 DZ BANK AG - FFT",26.67,CBF&CBL
XS2744169637,"GBP 3,75 KFW (REGS) 24-20",1.02,CBF&CBL
XS2765020180,"EUR 2,75 KOMM.INV.I SVERI",7.50,CBF&CBL
DE000HLB4348,"EUR FL.R LANDESBANK HESS-",0.35,CBF&CBL
EU000A4EUY43,"EUR 3,125 EUROPEAN UNION ",1.46,CBF&CBL
FR0014019PV8,"EUR 3,375 SOCIETE GENERAL",15.42,CBF&CBL
XS3481545088,"EUR 3,25 LANDWIRT.RENTENB",2.24,CBF&CBL
XS3517400357,"USD 0,00 AUSTRIA, REP.OF ",0.53,CBF&CBL
FR0010172577,"EUR 0,00 FRANCE (OAT STRI",5.22,CBF&CBL
ES00000121S7,"EUR 4,70 SPAIN, KINGDOM O",3.83,CBF&CBL
BE6248240820,"EUR 3,213 SPGE 13-2028",5.00,CBF&CBL
XS1224445202,"EUR 0,50 NEDERLAND.WATER.",1.39,CBF&CBL
BE0008551153,"EUR 0,00 BELGIUM, KINGDOM",20.87,CBF&CBL
FR0013385473,"EUR 1,94 VEOLIA ENVT. (RE",9.79,CBF&CBL
DE000A1KRJU8,"EUR 1,00 ING DIBA AG (REG",3.54,CBF&CBL
XS2153597518,"EUR 3,125 B.A.T. NL FIN. ",5.00,CBF&CBL
XS2722255242,"USD FL.R DZ BANK AG - FFT",7.50,CBF&CBL
ES0L02702055,"EUR 0,00 SPAIN, KINGDOM O",0.17,CBF&CBL
XS3367689935,"EUR 3,735 NATIONWIDE BS (",3.83,CBF&CBL
XS3401900173,"EUR 3,125 KOMERCNI BANKA ",2.21,CBF&CBL
ES0001351453,"EUR 1,20 CASTILLA Y LEON ",0.72,CBF&CBL
DE000A2AAV88,"EUR 1,375 DT. PFANDBRIEFB",0.47,CBF&CBL
DE000NRW0KM0,"EUR 1,75 NORDRHEIN-WESTFA",6.71,CBF&CBL
FR0013404605,"EUR 1,862 AFD 19-2054",11.00,CBF&CBL
DE000DDA0RE6,"EUR 0,45 DZ BANK AG - FFT",7.50,CBF&CBL
SK4120015173,"EUR 0,75 SLOVAK, REP. (RE",2.92,CBF&CBL
BE6320935271,"EUR 2,875 ANHEU.-BUSCH IN",13.19,CBF&CBL
FR0013507704,"EUR 1,25 VEOLIA ENVT. (RE",5.00,CBF&CBL
DE000SLB0GA9,"EUR 0,835 LANDESBK SAAR 2",25.90,CBF&CBL
XS2308323661,"EUR 0,20 EUROP.INVEST.BK ",1.96,CBF&CBL
XS2360881549,"EUR 0,75 DSV FINANCE B.V ",16.56,CBF&CBL
DE000DB9U4M0,"EUR FL.R DEUTSCHE BANK AG",7.50,CBF&CBL
XS2584128263,"GBP 3,75 KFW (REGS) 23-20",0.46,CBF&CBL
DE000DW6DAM4,"EUR 4,00 DZ BANK AG - FFT",15.99,CBF&CBL
DE000DJ9AB24,"EUR 3,90 DZ BANK AG - FFT",13.66,CBF&CBL
BE0000362716,"EUR 2,70 BELGIUM, KINGDOM",2.04,CBF&CBL
DE000A3513Z3,"EUR FL.R LAND BERLIN 25-2",0.49,CBF&CBL
DE000LB66YP9,"EUR 3,40 LBK BADEN-WUERTT",29.89,CBF&CBL
XS0865705569,"EUR 2,225 DNB BOLIGKREDIT",0.48,CBF&CBL
FR0013186913,"EUR 1,32 BPCE (REGS) 16-2",15.94,CBF&CBL
BE0002668490,"EUR 1,016 BRUSSELS, REG. ",13.29,CBF&CBL
DE000LB2ZVE4,"EUR FL.R LBK BADEN-WUERTT",3.24,CBF&CBL
DE000DW6C995,"EUR 3,83 DZ BANK AG - FFT",7.50,CBF&CBL
DE000SCB0070,"EUR 3,00 DEUTSCHE KREDITB",3.33,CBF&CBL
DE000AAR0462,"EUR 2,75 AAREAL BK AG. (R",1.38,CBF&CBL
DE000LB6GM36,"EUR 2,45 LBK BADEN-WUERTT",11.50,CBF&CBL
SK4000029237,"EUR 3,25 VSEOB. UVEROVA B",1.81,CBF&CBL
AT0000A17ZZ3,"EUR FL.R ERSTE GR.BK AG (",0.35,CBF&CBL
FR0013234515,"EUR 0,00 FRANCE (OAT STRI",0.15,CBF&CBL
FR0013333002,"EUR 2,25 UNIBAIL-ROD WES ",27.10,CBF&CBL
DE000BHY0BN1,"EUR 0,80 LBK BADEN-WUERTT",0.87,CBF&CBL
DE000NWB0AK3,"EUR 0,10 NRW.BANK (REGS/8",4.00,CBF&CBL
DE000A30WFU3,"EUR 1,75 DT. PFANDBRIEFBA",0.37,CBF&CBL
DE000CZ45ZE2,"EUR FL.R COMMERZBK AG (RE",0.35,CBF&CBL
DE000BYL0D22,"EUR 2,15 BAYERISCH.LANDES",7.50,CBF&CBL
DE000A4M7VR1,"EUR 2,375 L-BANK (REGS/57",1.81,CBF&CBL
DE000LB6J409,"EUR 2,25 LBK BADEN-WUERTT",7.50,CBF&CBL
FR0014014HZ7,"EUR 3,075 CAISSE DES DEPO",2.97,CBF&CBL
DE000MHB2754,"EUR 1,42 MUENCHENER HYPOB",3.59,CBF&CBL
XS1811834545,"EUR 1,457 BK IRELAND MORT",3.60,CBF&CBL
XS2386592138,"EUR 0,01 BK.NOVA SCOTIA  ",1.17,CBF&CBL
FI4000550249,"EUR 3,00 FINLAND REP.OF 2",3.18,CBF&CBL
DE000A3SJZX4,"EUR 3,60 WIRTSCHAFTS-INFR",6.99,CBF&CBL
XS2857918804,"EUR 3,625 TOYOTA MOTOR CR",11.69,CBF&CBL
XS3208025398,"EUR 0,00 EBRD 25-2075",11.71,CBF&CBL
DE000LB6HC60,"EUR 2,00 LBK BADEN-WUERTT",10.11,CBF&CBL
IT0004976806,"EUR 0,00 ITALY, REP.OF (B",5.86,CBF&CBL
FR0013405040,"EUR 1,75 UNIBAIL-RODAMCO ",19.84,CBF&CBL
FR0013511227,"EUR 0,875 CREDIT MUTU ARK",7.50,CBF&CBL
BE0002744259,"EUR 0,40 VLAAMS GEMEENSCH",10.32,CBF&CBL
AT0000A2VXQ0,"EUR 1,625 HYPO NOE LANDES",0.96,CBF&CBL
FI4000523238,"EUR 1,50 FINLAND REP.OF 2",2.86,CBF&CBL
XS2551374254,"USD FL.R SVENSKA HBN.(PUB",7.50,CBF&CBL
XS2577836187,"EUR 2,875 COOPERATIEVE RA",1.88,CBF&CBL
DE000DW6C9Y5,"EUR 3,60 DZ BANK AG - FFT",7.50,CBF&CBL
BE6347926527,"EUR 4,13 WALLONE, REGION ",15.20,CBF&CBL
DE000BU4Z128,"EUR 0,00 BUNDES DEUTSCH 2",6.84,CBF&CBL
DE000A4DFL72,"EUR 2,625 NASSAUISCHE SPA",2.07,CBF&CBL
ES0413211915,"EUR 0,875 BBVA SA 16-2026",0.36,CBF&CBL
IT0005403396,"EUR 0,95 ITALY, REP.OF (B",2.00,CBF&CBL
FR0014004A06,"EUR 0,75 ORANGE (REGS) 21",21.29,CBF&CBL
FR0014004GE5,"EUR 0,25 SOCIETE GENERALE",7.50,CBF&CBL
ES0000012D37,"EUR 0,00 SPAIN, KINGDOM O",8.68,CBF&CBL
FR0014008P13,"EUR 1,254 CREDIT AGRICOLE",8.55,CBF&CBL
DE000MHB32J7,"EUR 3,00 MUENCHENER HYPOB",0.36,CBF&CBL
ES0000012L78,"EUR 3,55 SPAIN, KINGDOM O",2.74,CBF&CBL
AT0000A35ZQ4,"EUR 3,10 ERSTE GR.BK AG 2",7.50,CBF&CBL
XS2889371840,"EUR FL.R SWEDBANK AB (REG",7.50,CBF&CBL
DE000NLB48Y2,"EUR 2,10 NORD/LB GZ 25-20",7.50,CBF&CBL
ES0000090961,"EUR 3,25 JUNTA DE ANDALUC",2.85,CBF&CBL
XS3420300843,"EUR FL.R BIL LUXEMBOURG S",8.98,CBF&CBL
FR0010961581,"EUR 4,50 EDF (REGS) 10-20",27.68,CBF&CBL
FR0011801471,"EUR 3,35 DEPART DES BOUCH",5.74,CBF&CBL
XS1380330826,"EUR 1,425 NATIONWIDE BS 1",3.57,CBF&CBL
XS1673097710,"EUR 1,625 NEDERLAND.WATER",5.66,CBF&CBL
DE000DG4UCG1,"EUR FL.R DZ BANK AG - FFT",7.50,CBF&CBL
DE000NLB0SD3,"EUR FL.R NORD/LB GZ (REGS",7.50,CBF&CBL
FR0013369667,"EUR 1,00 LA BANQUE POSTAL",0.71,CBF&CBL
DE000A161RN7,"EUR 1,16 BAYERISCHE LANDB",1.87,CBF&CBL
XS2445188852,"EUR 1,00 ING BANK N.V. (R",2.97,CBF&CBL
FR001400F281,"EUR 3,00 CRH (REGS) 23-20",1.13,CBF&CBL
DE000NWB0AU2,"EUR 3,00 NRW.BANK (REGS/1",1.75,CBF&CBL
XS2656481004,"EUR 3,50 ROYAL BK.CANADA ",0.71,CBF&CBL
NL0015001XZ6,"EUR 2,50 DUTCH STATE 24-2",2.51,CBF&CBL
DE000DJ9AGW7,"EUR FL.R DZ BANK AG - FFT",23.64,CBF&CBL
DE000A3826Y2,"EUR FL.R DT. PFANDBRIEFBA",0.47,CBF&CBL
DE000LB4W423,"EUR 3,26 LBK BADEN-WUERTT",21.91,CBF&CBL
DE000DJ9AMN4,"EUR 2,90 DZ BANK AG - FFT",23.11,CBF&CBL
DE000LB5EVY0,"EUR 2,30 LBK BADEN-WUERTT",7.50,CBF&CBL
XS3074424188,"EUR 2,375 LANDESBANK HESS",0.92,CBF&CBL
DE000LB64FX7,"EUR 3,05 LBK BADEN-WUERTT",20.41,CBF&CBL
DE0001142032,"EUR 0,00 BRD (STRIP PRINC",0.17,CBF&CBL
FR0010172296,"EUR 0,00 FRANCE (OAT STRI",3.09,CBF&CBL
SK4120011420,"EUR 1,625 SLOVAK, REP. 16",3.51,CBF&CBL
ES0413900400,"EUR 2,038 BANCO SANTANDER",2.75,CBF&CBL
DE000HLB4UG2,"EUR FL.R LANDESBANK HESS-",7.50,CBF&CBL
FR0013480613,"EUR 0,75 FRANCE (REGS OAT",4.85,CBF&CBL
XS2013520023,"EUR 0,625 BAWAG (AT) (REG",2.42,CBF&CBL
BE0002741222,"EUR 0,46 BRUSSELS, REG. O",13.84,CBF&CBL
DE000A14JZR8,"EUR 0,125 BADEN-WUERTTEMB",4.77,CBF&CBL
XS2324321368,"EUR 0,05 OP MORTGAGE BK (",1.60,CBF&CBL
XS2411638575,"EUR 0,125 NIBC BANK NV. (",1.48,CBF&CBL
DE000DB9U5Y2,"EUR FL.R DEUTSCHE BANK AG",7.50,CBF&CBL
FR001400GI73,"EUR 3,375 COMP.FINA.FONCI",1.49,CBF&CBL
DE000RLP1411,"EUR 2,75 RHEINLAND-PFALZ ",1.16,CBF&CBL
FR001400JHH0,"EUR 4,012 CREDIT AGRICOLE",12.38,CBF&CBL
BE0002965466,"EUR 3,625 VLAAMS GEMEENSC",1.91,CBF&CBL
DE000NLB4ZP4,"EUR 2,75 NORD/LB GZ 24-20",7.50,CBF&CBL
XS2887903966,"EUR 2,375 KFW (REGS) 24-2",1.15,CBF&CBL
FR001400WVN2,"EUR 3,004 ARKEA PUBLIC (R",1.61,CBF&CBL
EU000A4EDR27,"GBP FL.R EUROP.INVEST.BK ",0.40,CBF&CBL
DE000HEL4AG1,"EUR FL.R LANDESBANK HESS-",0.62,CBF&CBL
DE000A3825Y4,"EUR 3,00 DZ HYP AG 25-203",2.83,CBF&CBL
DE000DP9BEN1,"EUR 2,30 DZ BANK AG - FFT",11.59,CBF&CBL
DE000A3MQTR7,"EUR FL.R HAMBURG HANSESTA",0.39,CBF&CBL
DE000HV2ATM6,"EUR 0,01 UNICREDIT BANK (",0.70,CBF&CBL
EU000A2SCAC2,"EUR 2,375 EFSF (REGS) 22-",3.66,CBF&CBL
DE000DW6C2W4,"EUR 3,00 DZ BANK AG - FFT",8.62,CBF&CBL
XS2613838296,"EUR 3,125 OP MORTGAGE BK ",0.80,CBF&CBL
XS2627100501,"EUR FL.R OP CORPOR BK PL ",10.80,CBF&CBL
FR001400WTK2,"EUR 3,385 COMP.FINA.FONCI",3.63,CBF&CBL
ES0001352659,"EUR 3,29 GALICIA, XUNTA D",2.67,CBF&CBL
BE0008062110,"EUR 0,00 BELGIUM, KINGDOM",0.69,CBF&CBL
DE000A2G8W65,"EUR 1,00 BREMEN HANSTADT ",3.40,CBF&CBL
FR0013432226,"EUR 0,70 ALPES COTE D AZU",5.10,CBF&CBL
DE000A2LQPE7,"EUR 0,30 HAMBURG HANSESTA",6.40,CBF&CBL
DE000A2LQZ59,"EUR 0,372 HAMBURGISCHE IN",36.97,CBF&CBL
BE6339594622,"EUR FL.R BRUSSELS, REG. O",1.43,CBF&CBL
DE000DW6C656,"EUR 3,65 DZ BANK AG - FFT",12.77,CBF&CBL
DE000DW6C9A5,"EUR 3,55 DZ BANK AG - FFT",10.30,CBF&CBL
DE000A3LT423,"EUR 3,375 BMW US CAP.LLC ",16.47,CBF&CBL
XS2782828649,"EUR FL.R SVENSKA HBN.(PUB",7.50,CBF&CBL
FR001400PHV8,"EUR FL.R DEPART DES BOUCH",2.12,CBF&CBL
IT0005637803,"EUR 0,00 ITALY, REP.OF (B",3.96,CBF&CBL
AT0000A3KDU5,"EUR FL.R HYPO VORARLBERG ",21.52,CBF&CBL
DE000LB6JCB5,"EUR 3,30 LBK BADEN-WUERTT",25.91,CBF&CBL
DE000NRW0AM1,"EUR 3,50 NORDRHEIN-WESTFA",4.84,CBF&CBL
XS1057733070,"EUR 2,925 BNP PARIBAS HOM",22.27,CBF&CBL
XS1923393323,"EUR 0,00 NEDERLAND.WATER.",9.82,CBF&CBL
ES0413679434,"EUR 1,20 BANKINTER 19-203",2.96,CBF&CBL
DE000CZ45W99,"EUR 2,25 COMMERZBK AG (RE",1.80,CBF&CBL
DE000A30V8H6,"EUR 2,875 BAUSPARK. SCHWA",1.72,CBF&CBL
DE000NLB40T9,"EUR 3,00 NORD/LB GZ 24-20",8.40,CBF&CBL
DE000NWB1W51,"EUR 3,00 NRW.BANK 24-2039",4.57,CBF&CBL
XS2797440638,"EUR 2,75 BNG BANK N.V. (R",0.97,CBF&CBL
DE000HV2A0A3,"EUR 3,125 UNICREDIT BANK ",0.49,CBF&CBL
FRCASA010514,"EUR 2,80 CREDIT AGRICOLE ",7.50,CBF&CBL
ES0000012O18,"EUR 1,15 SPAIN, KINGDOM O",5.10,CBF&CBL
DE000LB5UUC4,"EUR 2,30 LBK BADEN-WUERTT",8.88,CBF&CBL
DE000HEL0RL3,"EUR 2,05 LANDESBANK HESS-",7.50,CBF&CBL
XS3413772263,"EUR FL.R CITIGROUP GLOBAL",10.85,CBF&CBL
XS0691970601,"EUR 3,50 OEBB INFRASTRUKT",0.41,CBF&CBL
DE000A2G8V17,"EUR 0,75 NIEDERSACHSEN LA",0.47,CBF&CBL
XS1896662175,"EUR 1,50 DIAGEO FIN.PLC (",5.00,CBF&CBL
DE000NWB2LC3,"EUR 0,65 NRW.BANK (REGS/7",4.56,CBF&CBL
FR0013514742,"EUR 0,3225 CAISSE DES DEP",5.72,CBF&CBL
BE6322164920,"USD 1,00 BELGIUM, KINGDOM",1.59,CBF&CBL
XS2389699054,"EUR 0,20 SWEDBANK AB (REG",10.05,CBF&CBL
EU000A2SCAJ7,"EUR 3,00 EFSF (REGS) 23-2",2.59,CBF&CBL
XS2721082340,"EUR FL.R OP CORPOR BK PL ",7.50,CBF&CBL
FR001400QMF9,"EUR 3,00 FRANCE (BTF) 24-",1.70,CBF&CBL
DE000LB5R7C6,"EUR 2,85 LBK BADEN-WUERTT",24.32,CBF&CBL
XS3009603831,"EUR 3,00 ABN AMRO BK NV (",14.52,CBF&CBL
DE000LB6K5U8,"EUR 2,50 LBK BADEN-WUERTT",11.59,CBF&CBL
BE0390315845,"EUR 3,211 WALLONE, REGION",2.97,CBF&CBL
DE000A46Z650,"EUR FL.R INV.UND STR.BK I",23.11,CBF&CBL
FR0013222494,"EUR 1,375 BOUYGUES SA (RE",5.00,CBF&CBL
FR0013310018,"EUR 1,125 CAISSE FCSE DE ",1.96,CBF&CBL
ES0000101917,"EUR 2,738 COMUN.DE MADRID",10.03,CBF&CBL
DE000DFK0AT6,"EUR 0,60 DZ BANK AG - FFT",12.70,CBF&CBL
ES0001380155,"EUR 0,582 ASTURIAS, PRINC",2.69,CBF&CBL
XS2417407652,"EUR 0,4025 AKTIA BANK PLC",7.50,CBF&CBL
FR001400HRS0,"EUR 4,00 BPCE (BANQUE PO ",7.50,CBF&CBL
FR001400NIS7,"EUR 3,00 CREDIT MUTUEL H ",1.48,CBF&CBL
XS3081368410,"EUR 2,20 DZ BANK AG - FFT",7.50,CBF&CBL
DE000DJ9AYS8,"EUR 2,80 DZ BANK AG - FFT",25.42,CBF&CBL
DE000NLB50G5,"EUR 1,95 NORD/LB GZ 25-20",7.50,CBF&CBL
DE000LB6G6N7,"EUR 3,20 LBK BADEN-WUERTT",28.94,CBF&CBL
DE000DP9BEJ9,"EUR 1,85 DZ BANK AG - FFT",7.50,CBF&CBL
FR0011212133,"EUR 4,00 COMP.FINA.FONCIE",0.94,CBF&CBL
EU000A1Z0AW7,"EUR 0,519 EUROPEAN UNION ",0.36,CBF&CBL
EU000A1G0DY0,"EUR 0,875 EFSF (REGS) 17-",0.72,CBF&CBL
FR0013336732,"EUR 1,05 LYON, COMMUNE (R",1.19,CBF&CBL
DE000LB123G2,"EUR FL.R LBK BADEN-WUERTT",7.50,CBF&CBL
DE000NLB3DL2,"EUR 0,85 NORD/LB GZ 20-20",7.50,CBF&CBL
XS2408460041,"EUR 0,00 KOMMUNEKREDIT (R",10.07,CBF&CBL
DE000A162BG3,"EUR 3,00 LANDESBK BERLIN ",0.40,CBF&CBL
DE000SLB8817,"EUR FL.R LANDESBK SAAR 22",7.50,CBF&CBL
XS2529513850,"EUR 2,25 DEKABANK (REGS) ",0.76,CBF&CBL
NL00150012X2,"EUR 2,00 DUTCH STATE 22-2",6.39,CBF&CBL
FR001400HI98,"EUR 2,75 FRANCE (REGS OAT",0.55,CBF&CBL
IT0005607970,"EUR 3,85 ITALY, REP.OF (B",3.17,CBF&CBL
DE000BU4K088,"EUR 0,00 BUNDES DEUTSCH 2",6.83,CBF&CBL
XS3006160033,"GBP 4,25 KFW (REGS) 25-20",1.47,CBF&CBL
AT0000A3KST5,"EUR 3,30 ERSTE GR.BK AG (",27.87,CBF&CBL
BE6319922819,"EUR 0,00 BELGIUM, KINGDOM",0.69,CBF&CBL
IT0005248031,"EUR 0,00 ITALY, REP.OF (B",9.26,CBF&CBL
FR0013433836,"EUR 0,131 AGENCE FRANCE L",1.94,CBF&CBL
BE0002674555,"EUR 0,72 BRUSSELS, REG. O",13.06,CBF&CBL
BE6326295522,"EUR 0,6375 WALLONE, REGIO",11.58,CBF&CBL
XS2389315768,"EUR 0,01 LANSFORSAKRINGAR",0.71,CBF&CBL
IT0005459067,"EUR 0,01 ICCREA BANCA SPA",0.74,CBF&CBL
FR001400TML1,"EUR 2,875 BPIFRANCE (REGS",3.29,CBF&CBL
DE000LB52L08,"EUR 2,20 LBK BADEN-WUERTT",7.50,CBF&CBL
DE000NLB5F69,"EUR 2,15 NORD/LB GZ 25-20",7.50,CBF&CBL
DE000HLB0MB8,"EUR FL.R LANDESBANK HESSE",12.94,CBF&CBL
BE0001765198,"EUR 1,00 VLAAMS GEMEENSCH",4.02,CBF&CBL
XS1793273092,"EUR 0,875 LANDESBANK HESS",0.52,CBF&CBL
DE000MHB2838,"EUR 1,50 MUENCHENER HYPOB",3.70,CBF&CBL
DE000DDA0Y61,"EUR 0,625 DZ BANK AG - FF",12.41,CBF&CBL
DE000LB384T3,"EUR 3,24 LBK BADEN-WUERTT",7.50,CBF&CBL
XS2711350848,"EUR 3,80 INTL.DEVEL..ASSO",5.27,CBF&CBL
XS2834475704,"EUR 3,125 DNB BOLIGKREDIT",1.58,CBF&CBL
DE000A383GE9,"EUR 2,625 MECKLENBURG-VOR",1.97,CBF&CBL
DE000DJ9AN53,"EUR 2,15 DZ BANK AG - FFT",7.50,CBF&CBL
FR0014010J41,"EUR 2,75 AFD (REGS) 25-20",2.74,CBF&CBL
DE000LB6GLF3,"EUR 2,81 LBK BADEN-WUERTT",16.48,CBF&CBL
DE000BU4Z151,"EUR 0,00 BUNDES DEUTSCH 2",2.24,CBF&CBL
FR0014016QT6,"EUR 2,625 CREDIT MUTUEL H",1.51,CBF&CBL
XS3351021772,"GBP FL.R ABN AMRO BK NV (",8.31,CBF&CBL
ES00000120O8,"EUR 0,00 SPAIN, KINGDOM O",4.79,CBF&CBL
DE0001143469,"EUR 0,00 BUNDES DEUTSCH (",3.77,CBF&CBL
DE000NRW0F75,"EUR FL.R NORDRHEIN-WESTFA",0.82,CBF&CBL
FR0013336922,"EUR 1,058 LYON, COMMUNE 1",1.19,CBF&CBL
ES0000012A06,"EUR 0,00 SPAIN, KINGDOM O",9.75,CBF&CBL
ES0000101982,"EUR 1,089 COMUN.DE MADRID",11.84,CBF&CBL
FR0014002CX8,"EUR 0,683 HOPITAUX PARIS ",9.41,CBF&CBL
XS3486686333,"USD 4,375 ESM (REGS) 26-2",1.46,CBF&CBL
DE0001143386,"EUR 0,00 BUNDES DEUTSCH (",2.10,CBF&CBL
IT0005177909,"EUR 2,25 ITALY, REP.OF (R",3.55,CBF&CBL
XS1405801041,"EUR FL.R ITALY, REP.OF 16",13.48,CBF&CBL
FR0013346137,"EUR 1,375 AUTOROUTE DU SU",5.00,CBF&CBL
XS1876164846,"EUR 1,565 ABN AMRO BK NV ",4.86,CBF&CBL
BE0002695766,"EUR 1,10 BRUSSELS, REG. O",14.34,CBF&CBL
XS2187525196,"USD 0,75 INTL.DEVEL..ASSO",0.37,CBF&CBL
DE000A3MQUX3,"EUR 2,50 DZ HYP AG (REGS)",1.58,CBF&CBL
DE000DW6DAW3,"EUR 4,06 DZ BANK AG - FFT",20.64,CBF&CBL
FR001400OCT6,"EUR 3,00 CREDIT AGR HOME ",1.42,CBF&CBL
DE000DJ9A057,"EUR 2,45 DZ BANK AG - FFT",16.91,CBF&CBL
XS3364644396,"EUR 1,00 ING BANK N.V. 26",1.94,CBF&CBL
DE000LBW2YS4,"EUR FL.R LBK BADEN-WUERTT",7.60,CBF&CBL
FR0013210515,"EUR 0,00 FRANCE (OAT STRI",4.91,CBF&CBL
DE000HLB4VM8,"EUR 2,00 LANDESBANK HESS-",7.50,CBF&CBL
BE0002623040,"EUR 1,99 BRUSSELS, REG. O",10.68,CBF&CBL
FR00140034N3,"EUR 0,765 DEPT DE LA GIRO",6.13,CBF&CBL
EU000A3K4EG9,"EUR 3,125 EUROP.INVEST.BK",1.99,CBF&CBL
DE000A4MS0T5,"EUR FL.R AAREAL BK AG. 25",0.62,CBF&CBL
DE000SHFM1H2,"EUR FL.R SCHLESWIG-HOLSTE",0.47,CBF&CBL
DE000LB66YD5,"EUR 2,50 LBK BADEN-WUERTT",7.50,CBF&CBL
ES0414950644,"EUR 4,125 CAJA DE  MADRID",2.57,CBF&CBL
FR0013178753,"EUR 1,197 REGION BRETAGNE",2.58,CBF&CBL
XS1626141698,"EUR 0,75 OP MORTGAGE BK (",0.36,CBF&CBL
DE0003811667,"EUR 0,00 BUNDES DEUTSCH (",4.86,CBF&CBL
XS1874128033,"EUR 1,00 SIEMENS FIN.NL (",5.00,CBF&CBL
DE000BLB7YZ3,"EUR 0,39 BAYERISCH.LANDES",8.86,CBF&CBL
DE000SLB8403,"EUR FL.R LANDESBK SAAR 20",7.50,CBF&CBL
FR0013508231,"EUR 0,345 BNP PARIBAS HOM",0.90,CBF&CBL
FR00140004Q9,"EUR 0,01 MMB SCF (REGS) 2",1.44,CBF&CBL
FR0014009932,"EUR 1,339 OCCITANIE, REG ",8.60,CBF&CBL
DE000LFA2188,"EUR 2,75 LFA FRDRBK.BAYER",0.50,CBF&CBL
FR001400G2A3,"EUR 3,255 BPCE SFH (REGS)",2.12,CBF&CBL
AT0000A33MP9,"EUR 3,125 ERSTE GR.BK AG ",0.36,CBF&CBL
DE000DJ9AMQ7,"EUR 2,80 DZ BANK AG - FFT",9.84,CBF&CBL
XS2971936948,"EUR 4,50 HUNGARY, REP.OF ",8.12,CBF&CBL
DE000LFA2451,"EUR 2,25 LFA FRDRBK.BAYER",0.38,CBF&CBL
IT0005649303,"EUR FL.R INTESA SANPAOLO ",0.77,CBF&CBL
XS1371979284,"EUR 1,336 NATIONWIDE BS (",4.35,CBF&CBL
FR0013367778,"EUR 1,37 OCCITANIE, REG (",4.49,CBF&CBL
DE000DDA0VM1,"EUR 0,20 DZ BANK AG - FFT",7.50,CBF&CBL
DE000A2GSR88,"EUR 0,25 WIRTSCHAFTS-INFR",4.72,CBF&CBL
BE6326248059,"EUR 0,19 BELFIUS BANK SA/",14.94,CBF&CBL
XS2289130226,"EUR 0,00 DEXIA S.A (REGS)",5.00,CBF&CBL
DE000NWB0AL1,"EUR 0,00 NRW.BANK (REGS/8",2.16,CBF&CBL
EU000A1Z99P9,"EUR 0,01 ESM (REGS) 21-20",1.13,CBF&CBL
FR001400FWP0,"EUR 3,00 BPCE SFH (REGS) ",1.05,CBF&CBL
DE000HLB52J7,"EUR 3,30 LANDESBANK HESS-",7.50,CBF&CBL
BE0002979608,"EUR 4,25 BRUSSELS, REG. O",9.60,CBF&CBL
FR001400ND61,"GBP 4,125 AFD (REGS) 24-2",0.79,CBF&CBL
DE000A4DFHD2,"EUR 2,75 SPARKASSE HANNOV",1.70,CBF&CBL
DE000LB6SWA6,"EUR 2,30 LBK BADEN-WUERTT",8.82,CBF&CBL
ES0000012G34,"EUR 1,25 SPAIN, KINGDOM O",1.82,CBF&CBL
BE0002750314,"EUR FL.R COMMUNAUT FRANCA",1.31,CBF&CBL
AT000B127204,"EUR 1,77 OBERBANK AG(AT) ",2.56,CBF&CBL
FR001400X862,"EUR 3,00 BPIFRANCE (REGS)",3.56,CBF&CBL
DE000A3H2507,"EUR 2,625 BADEN-WUERTTEMB",2.74,CBF&CBL
XS3276183426,"EUR 3,375 BAWAG (AT) (REG",2.87,CBF&CBL
DE000A4ET6P9,"EUR 3,20 MERCEDES-BENZ (R",6.85,CBF&CBL
ES00000122W7,"EUR 0,00 SPAIN, KINGDOM O",4.92,CBF&CBL
FR0013262961,"EUR 0,625 LA BANQUE POSTA",0.36,CBF&CBL
XS1828037587,"EUR 1,375 TENNET NETHERLA",5.00,CBF&CBL
FR0014003HY3,"EUR 0,981 DEPART DES BOUC",10.92,CBF&CBL
XS2380748439,"EUR 0,01 BAWAG (AT) (REGS",1.04,CBF&CBL
XS2436433333,"USD 2,125 CADES (REGS/32)",2.33,CBF&CBL
DE000A30V356,"EUR 3,00 BREMEN HANSTADT ",1.83,CBF&CBL
DE000NLB4ZV2,"EUR 3,40 NORD/LB GZ 24-20",16.25,CBF&CBL
FR001400OUR2,"EUR 2,875 CRH (REGS) 24-2",1.52,CBF&CBL
FR001400XJJ3,"EUR 3,75 FRANCE (OAT) 25-",3.78,CBF&CBL
XS3038527274,"USD 4,125 NEDERLAND.WATER",0.56,CBF&CBL
DE000A352AK4,"EUR 2,125 LAND SACHSEN AN",0.50,CBF&CBL
DE000LB601F9,"EUR 3,20 LBK BADEN-WUERTT",26.27,CBF&CBL
DE000A5H3DG7,"EUR FL.R LAND BERLIN 26-2",2.29,CBF&CBL
ES0413211B58,"EUR 3,125 BBVA SA (REGS) ",1.98,CBF&CBL
DE000SLB8148,"EUR 0,95 LANDESBK SAAR 19",8.95,CBF&CBL
DE000NLB3W94,"EUR 1,00 NORD/LB GZ 22-20",7.50,CBF&CBL
XS2440108491,"EUR 0,25 FEDE.CAIS.DESJAR",0.40,CBF&CBL
BE6287818841,"EUR 0,50 COMMUNAUT FRANCA",11.43,CBF&CBL
DE000CZ40MQ5,"EUR 0,875 COMMERZBK AG (R",0.55,CBF&CBL
DE000A2DAF36,"EUR 0,875 WIRTSCHAFTS-INF",0.84,CBF&CBL
XS1960361720,"EUR 2,00 POLAND, REP.OF (",12.42,CBF&CBL
FI4000440557,"EUR 0,25 FINLAND REP.OF (",6.47,CBF&CBL
DE000A2LQPG2,"EUR FL.R HAMBURG HANSESTA",0.38,CBF&CBL
DE000HV2AX54,"EUR 0,01 UNICREDIT BANK (",2.98,CBF&CBL
DE000LB38077,"EUR 2,375 LBK BADEN-WUERT",0.36,CBF&CBL
DE000NWB0AT4,"EUR 2,875 NRW.BANK (REGS/",2.77,CBF&CBL
XS2887901911,"EUR 3,375 BMW INTL INV BV",17.45,CBF&CBL
DE000LB62S09,"EUR 3,30 LBK BADEN-WUERTT",24.46,CBF&CBL
DE000SLB4386,"EUR 3,50 LANDESBK SAAR (R",2.99,CBF&CBL
DE000LB63VZ1,"EUR 3,10 LBK BADEN-WUERTT",17.89,CBF&CBL
DE000RLP1130,"EUR 0,25 RHEINLAND-PFALZ ",0.91,CBF&CBL
XS2010032378,"EUR 0,25 ASML HOLD.NV (RE",9.00,CBF&CBL
BE6316942117,"EUR FL.R BELGIUM, KINGDOM",11.28,CBF&CBL
XS2357951164,"EUR 1,125 DEUTSCHE BAHN A",37.26,CBF&CBL
DE000NRW0PB2,"EUR 3,40 NORDRHEIN-WESTFA",4.41,CBF&CBL
DE000DJ9AH85,"EUR 2,90 DZ BANK AG - FFT",17.52,CBF&CBL
XS2808184969,"EUR XXX ING BANK N.V. (RE",1.93,CBF&CBL
XS2823118018,"EUR 3,125 SANTANDER UK PL",1.56,CBF&CBL
FR001400UR25,"EUR 3,083 CREDIT AGRICOLE",3.25,CBF&CBL
FR001400WXW9,"EUR 3,00 CREDIT MUTU ARKE",1.74,CBF&CBL
DE000BU3Z047,"EUR 2,50 BUNDES DEUTSCH 2",1.61,CBF&CBL
XS3000592280,"EUR FL.R SVENSKA HBN.(PUB",7.50,CBF&CBL
IT0005635583,"EUR 3,85 ITALY, REP.OF (B",4.23,CBF&CBL
XS3327024835,"EUR FL.R DANSKE BANK AS (",0.41,CBF&CBL
FR0129704179,"EUR 0,00 BANQUE DE FRANCE",0.15,CBF&CBL
XS1637741866,"USD 0,00 NED.FIN.MAATSCH.",0.38,CBF&CBL
XS1850187847,"EUR 1,50 SWEDBANK MORTGAG",3.63,CBF&CBL
FR001400DCH4,"EUR 3,00 CAISSE DES DEPOT",0.82,CBF&CBL
XS2577109049,"EUR 2,90 IBRD-WORLD BANK ",1.30,CBF&CBL
XS2597093009,"EUR 4,05 TOYOTA MOTOR CRE",7.59,CBF&CBL
DE000BLB9XP2,"EUR 3,35 BAYERISCH.LANDES",20.21,CBF&CBL
IT0005550055,"EUR 0,00 ITALY, REP.OF (B",2.89,CBF&CBL
DE000DKB0564,"EUR 3,25 DEUTSCHE KREDITB",4.16,CBF&CBL
DE000NLB5511,"EUR 3,25 NORD/LB GZ 26-20",3.51,CBF&CBL
XS0591659502,"EUR FL.R BNG BANK N.V. (R",1.90,CBF&CBL
FR0014001368,"EUR 0,00 BNP PARIBAS HOME",0.42,CBF&CBL
XS2462455689,"EUR 0,75 SEB (REGS/319) 2",0.36,CBF&CBL
XS2546781555,"EUR 4,125 OP CORPOR BK PL",7.50,CBF&CBL
FR001400I4X9,"EUR 4,125 BNP PARIBAS 23-",19.70,CBF&CBL
DE000A30VNT1,"EUR 3,077 IB SCHLESWIG-HO",35.34,CBF&CBL
DE000LB4W662,"EUR 3,45 LBK BADEN-WUERTT",23.58,CBF&CBL
DE000LB5X949,"EUR 2,30 LBK BADEN-WUERTT",9.57,CBF&CBL
DE000BU22098,"EUR 1,70 BUNDES DEUTSCH 2",0.12,CBF&CBL
DE000LB6K5R4,"EUR 1,95 LBK BADEN-WUERTT",7.50,CBF&CBL
DE000LB67YQ5,"EUR 3,15 LBK BADEN-WUERTT",18.35,CBF&CBL
XS0553728709,"EUR 4,50 DEUT.TKOM.INT.FI",10.06,CBF&CBL
ES0440609172,"EUR FL.R CAIXABANK S.A. 1",0.35,CBF&CBL
FR0013292562,"EUR 1,715 AFD (REGS) 17-2",6.46,CBF&CBL
FR0013423753,"EUR 1,00 CREDIT AGRICOLE ",9.89,CBF&CBL
XS2049422004,"EUR 0,40 VAN LANSCHOT 19-",0.76,CBF&CBL
BE0002729102,"EUR FL.R WALLONE, REGION ",2.15,CBF&CBL
DE000BHY0HQ1,"EUR 0,055 LBK BADEN-WUERT",13.36,CBF&CBL
DE000A3E5L98,"EUR 0,25 EWE AG (REGS) 21",5.27,CBF&CBL
DE000A352BR7,"EUR 4,61 DEUTSCHE BANK AG",28.97,CBF&CBL
DE000A4DE9Z0,"EUR 2,45 LAND SACHSEN ANH",1.31,CBF&CBL
FRCASA010886,"EUR 0,00 CREDIT AGRICOLE ",29.84,CBF&CBL
DE000DP9BGT3,"EUR 2,30 DZ BANK AG - FFT",13.60,CBF&CBL
AT0000A3SXX0,"EUR 3,50 NIEDEROESTERREIC",3.28,CBF&CBL
DE000LB64FS7,"EUR 2,60 LBK BADEN-WUERTT",7.50,CBF&CBL
BE0390368406,"EUR 3,30 KBC BANK NV (REG",2.00,CBF&CBL
BE0008077266,"EUR 0,00 BELGIUM, KINGDOM",8.90,CBF&CBL
SI0002103487,"EUR 1,50 SLOVENIA REP.OF ",6.34,CBF&CBL
EU000A1G0DN3,"EUR 2,00 EFSF (REGS) 17-2",12.48,CBF&CBL
AT0000A28U13,"EUR 0,50 ERSTE GR.BK AG 1",10.03,CBF&CBL
DE0001030724,"EUR 0,00 BUNDES DEUTSCH (",4.80,CBF&CBL
DE000A3E5UY4,"EUR 0,01 DZ HYP AG (REGS)",0.36,CBF&CBL
DE000HLB5Q68,"EUR 3,30 LANDESBANK HESS-",7.50,CBF&CBL
DE000A30V9J0,"EUR 3,125 KFW (REGS) 23-2",1.39,CBF&CBL
DE000BU4Z060,"EUR 0,00 BUNDES DEUTSCH 2",6.23,CBF&CBL
FR001400NUQ6,"EUR 3,50 SOCIETE GRAND (R",5.78,CBF&CBL
FR001400XFS2,"EUR 2,75 CRH (REGS) 25-20",1.63,CBF&CBL
DE000LB5X5R0,"EUR 2,74 LBK BADEN-WUERTT",36.02,CBF&CBL
DE000LB59A38,"EUR 2,60 LBK BADEN-WUERTT",16.04,CBF&CBL
AT0000A3G5A4,"EUR 2,80 ERSTE GR.BK AG 2",13.75,CBF&CBL
DE000LB6JC92,"EUR 3,10 LBK BADEN-WUERTT",21.92,CBF&CBL
FR0014015YA2,"USD 4,125 AFD (REGS) 26-2",2.83,CBF&CBL
IT0003748040,"EUR 0,00 ITALY, REP.OF (B",4.03,CBF&CBL
DE000BU22148,"EUR 2,70 BUNDES DEUTSCH 2",0.51,CBF&CBL
XS0801079434,"EUR 3,70 BERTELSM.SE+CO K",15.40,CBF&CBL
BE0008532930,"EUR 0,00 BELGIUM, KINGDOM",11.35,CBF&CBL
FR0013088432,"EUR 1,50 CAISSE FCSE DE (",1.49,CBF&CBL
DE000A168023,"EUR 1,00 LAND BERLIN 16-2",2.00,CBF&CBL
DE000A2E4X14,"EUR 0,50 THUERINGEN, FREI",0.34,CBF&CBL
DE000LB117F6,"EUR 1,15 LBK BADEN-WUERTT",7.50,CBF&CBL
FR0013358124,"EUR 1,375 HSBC FRANCE (RE",7.50,CBF&CBL
BE0002721026,"EUR 0,765 BRUSSELS, REG. ",13.19,CBF&CBL
DE000A3E5KB3,"EUR 0,25 NIEDERSACHSEN LA",2.90,CBF&CBL
FR0014001N38,"EUR 0,10 FRANCE (OAT) 21-",2.62,CBF&CBL
XS2454338596,"USD 1,84 DZ BANK AG - FFT",7.50,CBF&CBL
DE000LB48DT3,"USD 4,65 LBK BADEN-WUERTT",14.69,CBF&CBL
DE000A3828H3,"EUR 2,625 INVESTITIONSBK ",0.63,CBF&CBL
EU000A1Z99W5,"EUR 2,75 ESM (REGS) 25-20",1.64,CBF&CBL
XS1936919437,"EUR 1,557 ING BANK N.V. 1",3.76,CBF&CBL
DE000HLB4YP5,"EUR 0,483 LANDESBANK HESS",7.50,CBF&CBL
XS2103014457,"EUR 0,75 E.ON SE (REGS/68",12.55,CBF&CBL
XS2161992511,"EUR 1,625 HUNGARY, REP.OF",6.60,CBF&CBL
FR0014003MJ4,"EUR 0,75 UNIBAIL-ROD WES ",6.41,CBF&CBL
SK4000019857,"EUR 1,00 SLOVAK, REP. (RE",14.82,CBF&CBL
FR001400CVE3,"EUR 2,75 CADES (REGS) 22-",2.54,CBF&CBL
BE6347749697,"EUR FL.R BELFIUS BANK SA/",7.50,CBF&CBL
DE000NLB40N2,"EUR 2,75 NORD/LB GZ 24-20",7.50,CBF&CBL
ES0000012N43,"EUR 3,10 SPAIN, KINGDOM O",2.01,CBF&CBL
DE000LB5LWY3,"EUR 3,10 LBK BADEN-WUERTT",21.68,CBF&CBL
DE000LB56E78,"EUR 2,60 LBK BADEN-WUERTT",12.56,CBF&CBL
AT0000A3NJJ9,"EUR 2,60 ERSTE GR.BK AG (",13.19,CBF&CBL
DE000LB6K5V6,"EUR 2,70 LBK BADEN-WUERTT",14.51,CBF&CBL
DE000A3H26B2,"EUR 3,50 BADEN-WUERTTEMBE",3.95,CBF&CBL
DE000DP9BKC1,"EUR 2,55 DZ BANK AG - FFT",7.50,CBF&CBL
SI0002103776,"EUR 1,00 SLOVENIA REP.OF ",1.21,CBF&CBL
BE6312092115,"EUR 0,85 BNP PARIBAS FORT",0.85,CBF&CBL
FR0013413382,"EUR 0,375 COMP.FINA.FONCI",0.36,CBF&CBL
BE6322800499,"EUR 0,97 WALLONE, REGION ",9.46,CBF&CBL
EU000A3KT6A3,"EUR 0,00 EUROPEAN UNION (",1.01,CBF&CBL
XS2388586583,"USD 3,125 HUNGARY, REP.OF",16.20,CBF&CBL
FR001400CN47,"EUR 2,625 LA POSTE 22-202",5.21,CBF&CBL
AT000B093463,"EUR FL.R RAIFFEISEN-LAND ",0.35,CBF&CBL
DE000DJ9ABA4,"EUR 3,95 DZ BANK AG - FFT",20.95,CBF&CBL
DE000DJ9AZ75,"EUR 1,85 DZ BANK AG - FFT",7.50,CBF&CBL
FR0010172635,"EUR 0,00 FRANCE (OAT STRI",6.74,CBF&CBL
FR0010482620,"EUR 0,00 FRANCE (OAT STRI",5.05,CBF&CBL
XS0430266741,"EUR 5,07 SWEDBANK MORTGAG",1.01,CBF&CBL
DE000DHY5025,"EUR 0,75 NORD/LB GZ (REGS",0.86,CBF&CBL
FR0013481876,"EUR 0,203 CREDIT AGRICOLE",7.50,CBF&CBL
XS2189613982,"EUR 0,75 OMV AG (REGS/19)",9.70,CBF&CBL
AT000B049846,"EUR 0,05 UNICREDIT BK AT ",2.87,CBF&CBL
XS2327420977,"EUR 0,60 E.ON SE (REGS/76",17.15,CBF&CBL
FR001400CMX2,"EUR 2,50 FRANCE (144A OAT",3.02,CBF&CBL
XS2576298991,"EUR 2,875 CNCL.EU DEV.BK ",1.30,CBF&CBL
AT0000A1PDZ7,"EUR 0,95 EB UND HYPO 16-2",3.34,CBF&CBL
DE000CZ45ZJ1,"EUR FL.R COMMERZBK AG (RE",0.74,CBF&CBL
BE6368519813,"EUR FL.R COMMUNAUT FRANCA",3.79,CBF&CBL
BE0312826010,"EUR 0,00 BELGIUM, KINGDOM",0.69,CBF&CBL
FR0000188799,"EUR 3,15 FRANCE (REGS OAT",2.78,CBF&CBL
FR0010809400,"EUR 0,00 FRANCE (OAT STRI",1.21,CBF&CBL
EU000A1G0BL1,"EUR 2,75 EFSF (REGS) 13-2",2.21,CBF&CBL
BE0001762161,"EUR 0,984 COMMUNAUT FRANC",3.31,CBF&CBL
FR0013414158,"EUR 1,00 STIF (REGS) 19-2",3.12,CBF&CBL
DE000DDA0UV4,"EUR 0,23 DZ BANK AG - FFT",7.50,CBF&CBL
FR0013477353,"EUR 0,358 CREDIT AGRICOLE",7.50,CBF&CBL
BE0002781624,"EUR 0,196 WALLONE, REGION",5.34,CBF&CBL
DE0001108900,"EUR 0,00 BUNDES DEUTSCH 2",2.69,CBF&CBL
FI4000570841,"EUR 3,00 S-BANK LTD 24-20",1.35,CBF&CBL
XS3038763325,"USD 4,25 MUNICIPALITY FIN",10.95,CBF&CBL
DE000BU22106,"EUR 1,90 BUNDES DEUTSCH 2",0.19,CBF&CBL
XS3138730133,"USD 3,35 DZ BK AG (REGS/A",7.50,CBF&CBL
FR0014014MC6,"EUR FL.R BPCE (BANQUE PO ",12.62,CBF&CBL
XS3334208058,"EUR 3,125 JBIC (SEC) 26-2",14.92,CBF&CBL
XS1177825814,"EUR 1,00 NATIONWIDE BS (R",1.30,CBF&CBL
DE000A1685H9,"EUR 1,00 SSPK.MUENCHEN 15",0.47,CBF&CBL
BE6282794070,"EUR 2,03 WALLONE, REGION ",6.64,CBF&CBL
XS1380414844,"EUR 1,55 NORDEA BK ABP (R",7.50,CBF&CBL
BE0008550148,"EUR 0,00 BELGIUM, KINGDOM",20.38,CBF&CBL
BE6311746539,"EUR 1,617 COMMUNAUT FRANC",7.11,CBF&CBL
AT000B127071,"EUR 0,01 OBERBANK AG(AT) ",1.56,CBF&CBL
XS2297177664,"EUR 0,25 ESSITY AKTIEBOL ",13.07,CBF&CBL
FR0014008DI4,"EUR 1,50 ERILIA SA (REGS)",13.32,CBF&CBL
DE000A1RQEQ4,"EUR FL.R HESSEN LAND 24-2",0.39,CBF&CBL
DE000NLB44E3,"EUR 3,30 NORD/LB GZ 24-20",7.50,CBF&CBL
FR001400RJL1,"EUR FL.R CAISSE DES DEPOT",3.85,CBF&CBL
DE000NLB4811,"EUR 2,50 NORD/LB GZ 25-20",14.47,CBF&CBL
FR001400ZKX7,"EUR 2,804 LYON, COMMUNE 2",3.13,CBF&CBL
DE000A3SJZ68,"EUR 3,125 WIRTSCHAFTS-INF",3.75,CBF&CBL
LU3315368814,"EUR 3,125 LUXEMBOURG, G-D",2.82,CBF&CBL
DE000LB6SWD0,"EUR 2,70 LBK BADEN-WUERTT",17.44,CBF&CBL
DE000LFA2550,"EUR 2,875 LFA FRDRBK.BAYE",1.64,CBF&CBL
XS1475046675,"EUR 1,00 BMW FIN.NV (REGS",12.44,CBF&CBL
DE000HLB4U06,"EUR FL.R LANDESBANK HESS-",7.50,CBF&CBL
DE000A2YNXD3,"EUR 0,40 BREMEN HANSTADT ",6.04,CBF&CBL
FR0013528734,"EUR 0,76 PARIS, VILLE DE ",15.50,CBF&CBL
XS2387713238,"EUR 0,40 ABN AMRO BK NV (",4.32,CBF&CBL
SK4000024683,"EUR 3,00 SLOVAK, REP. 24-",1.13,CBF&CBL
DE000LB5X998,"EUR 2,90 LBK BADEN-WUERTT",22.76,CBF&CBL
DE000HEL0K71,"EUR 1,90 LANDESBANK HESS-",7.50,CBF&CBL
DE000LB6E2T5,"EUR 1,90 LBK BADEN-WUERTT",7.50,CBF&CBL
DE000BU2Z064,"EUR 2,90 BUNDES DEUTSCH 2",1.80,CBF&CBL
XS0106117764,"EUR 6,02 BNG BANK N.V. (R",0.85,CBF&CBL
DE000NWB1WH1,"EUR 1,00 NRW.BANK 26-2051",8.76,CBF&CBL
XS0105884489,"EUR 6 BAYERISCHE LBK GZ 0",7.50,CBF&CBL
XS0138038624,"GBP 5,75 KFW INTL.FIN.INC",2.01,CBF&CBL
DE0001143436,"EUR 0,00 BUNDES DEUTSCH (",3.12,CBF&CBL
ES0440609180,"EUR FL.R CAIXABANK S.A. 1",0.35,CBF&CBL
XS1654192274,"EUR 1,375 UNILEVER FIN BV",7.47,CBF&CBL
FR0013367604,"EUR 0,875 BPIFRANCE (REGS",1.42,CBF&CBL
DE000LB128D8,"EUR 2,18 LBK BADEN-WUERTT",17.43,CBF&CBL
DE000HV2ASK2,"EUR 0,85 UNICREDIT BANK (",2.37,CBF&CBL
IT0005467482,"EUR 0,45 ITALY, REP.OF (B",1.39,CBF&CBL
FR001400CZO3,"EUR 3,00 CREDIT MUT ARK S",0.70,CBF&CBL
XS2543180868,"EUR 2,875 DANSKE BANK AS ",0.36,CBF&CBL
DE000DJ9AN12,"EUR 2,10 DZ BANK AG - FFT",7.50,CBF&CBL
XS2971969444,"EUR 3,377 LEASYS S.P.A. (",5.00,CBF&CBL
DE000HEL0GG6,"EUR 2,75 LANDESBANK HESS-",12.15,CBF&CBL
AT0000A3V234,"EUR 3,55 AUSTRIA, REP.OF ",5.60,CBF&CBL
ES0L02707096,"EUR 0,00 SPAIN, KINGDOM O",0.34,CBF&CBL
EU000A1G1Q17,"EUR 3,375 EUROPEAN UNION ",1.14,CBF&CBL
FR0013039955,"EUR 2,056 DEPART DES BOUC",7.60,CBF&CBL
FR0013142023,"EUR 1,739 BPCE (REGS) 16-",15.04,CBF&CBL
ES0001351487,"EUR 1,95 CASTILLA Y LEON ",0.72,CBF&CBL
DE000DK0Q4N4,"EUR FL.R DEKABANK 19-2028",7.50,CBF&CBL
DE000A3MQA98,"EUR 0,25 NIEDERSACHSEN LA",0.87,CBF&CBL
AT0000A325B1,"EUR FL.R BAWAG (AT) (REGS",0.71,CBF&CBL
FR001400NEF3,"EUR 3,00 FRANCE (OAT) 24-",3.46,CBF&CBL
DE000A383J87,"EUR 3,595 NIEDERSACHSEN L",0.38,CBF&CBL
DE000LB51CR3,"EUR 2,75 LBK BADEN-WUERTT",12.09,CBF&CBL
XS3170163367,"EUR 2,50 DEV.BK OF JAPAN ",10.15,CBF&CBL
XS0831425888,"EUR 4,00 SANDVIK AB(PUBL.",15.80,CBF&CBL
DE0003811519,"EUR 0,00 BUNDES DEUTSCH (",1.63,CBF&CBL
FR0013295722,"EUR 1,50 APRR (REGS) 17-2",15.25,CBF&CBL
XS2051657463,"EUR 0,01 DEKABANK (REGS) ",1.17,CBF&CBL
BE6325084059,"EUR 0,15 WALLONE, REGION ",5.73,CBF&CBL
FR0014003O68,"EUR 0,872 DEPART DES BOUC",6.84,CBF&CBL
DE000A14JZU2,"EUR FL.R BADEN-WUERTTEMBE",0.39,CBF&CBL
DE000A3MQNG3,"EUR 0,125 NIEDERSACHSEN L",1.63,CBF&CBL
DE000NLB4RK2,"EUR FL.R NORD/LB GZ 23-20",15.02,CBF&CBL
AT0000A3T3W8,"EUR 3,30 ERSTE GR.BK AG 2",27.67,CBF&CBL
FR0010172627,"EUR 0,00 FRANCE (OAT STRI",6.50,CBF&CBL
DE000NWB1939,"EUR FL.R NRW.BANK (REGS) ",2.65,CBF&CBL
BE6301626212,"EUR 1,819 BRUSSELS, REG. ",10.20,CBF&CBL
XS1958258664,"EUR 1,305 NORDEA BK ABP (",21.97,CBF&CBL
XS2082472122,"EUR 1,00 JT INTL FIN SERV",8.30,CBF&CBL
DE000A289F29,"EUR 0,00 KFW (REGS) 20-20",0.47,CBF&CBL
DE000A3H3D69,"EUR 0,00 LAND SACHSEN ANH",1.77,CBF&CBL
DE000HLB43J6,"EUR 3,385 LANDESBANK HESS",1.92,CBF&CBL
FR001400JKT9,"USD FL.R BNP PARIBAS (REG",7.50,CBF&CBL
DE000DB9VPM3,"EUR 3,15 DEUTSCHE BANK AG",8.53,CBF&CBL
FR001400OOK0,"EUR 3,00 CAISSE FCSE DE (",2.66,CBF&CBL
IT0005641029,"EUR 2,65 ITALY, REP.OF 25",0.96,CBF&CBL
BE0312828032,"EUR 0,00 BELGIUM, KINGDOM",0.69,CBF&CBL
ES0443307089,"EUR 3,625 KUTXABANK S.A. ",2.26,CBF&CBL
DE000A46Z742,"EUR 3,375 LAND SACHSEN AN",0.98,CBF&CBL
DE0001102341,"EUR 2,50 BUNDES DEUTSCH (",3.21,CBF&CBL
XS2177013765,"EUR 0,75 RECKITT NEDRLND ",9.52,CBF&CBL
XS2259776230,"EUR 0,01 BAWAG (AT) (REGS",2.93,CBF&CBL
FR001400CEQ3,"EUR 2,50 CREDIT AGRICOLE ",10.10,CBF&CBL
DE000LB5X9V4,"EUR 2,40 LBK BADEN-WUERTT",12.77,CBF&CBL
SI0002105052,"EUR 3,125 SLOVENIA REP.OF",6.16,CBF&CBL
XS3180074380,"EUR 2,875 NATIONWIDE BS (",1.78,CBF&CBL
DE000DP9BK94,"EUR FL.R DZ BANK AG - FFT",17.84,CBF&CBL
ES00000120A7,"EUR 0,00 SPAIN, KINGDOM O",3.79,CBF&CBL
XS0721258860,"EUR 0,00 CENTRICA PLC (RE",15.46,CBF&CBL
XS0888538575,"EUR 3,75 LEASEPLAN CORP.N",7.50,CBF&CBL
DE000A11P8N5,"EUR 2,10 SAARLAND 14-2027",0.38,CBF&CBL
ES0001352550,"EUR 1,45 GALICIA, XUNTA D",1.83,CBF&CBL
EU000A3K4DT4,"EUR 2,50 EUROPEAN UNION (",4.13,CBF&CBL
DE000A161RQ0,"EUR 3,00 BAYERISCHE LANDB",1.96,CBF&CBL
DE000DJ9AMT1,"EUR 3,22 DZ BANK AG - FFT",7.50,CBF&CBL
DE000LB5C5Y1,"EUR 2,80 LBK BADEN-WUERTT",18.69,CBF&CBL
DE000A30V620,"EUR FL.R LAND, BRANDENBUR",0.48,CBF&CBL
XS3045515262,"EUR 2,375 ABN AMRO BK NV ",0.54,CBF&CBL
DE000LB6K605,"EUR 3,20 LBK BADEN-WUERTT",25.94,CBF&CBL
FR0129676526,"EUR FL.R BPIFRANCE (BMTN)",1.20,CBF&CBL
ES0413679624,"EUR FL.R BANKINTER (REGS)",1.32,CBF&CBL
FR0010810101,"EUR 0,00 FRANCE (OAT STRI",2.98,CBF&CBL
ES0414970451,"EUR 5,432 LA CAIXA 08-203",3.09,CBF&CBL
XS1980857319,"EUR 1,00 EUROP.INVEST.BK ",3.11,CBF&CBL
DE000NRW0MN4,"EUR 3,60 NORDRHEIN-WESTFA",0.50,CBF&CBL
ES0205597000,"EUR 1,229 METR DE TENERIF",22.25,CBF&CBL
DE000BLB9UZ7,"EUR 4,107 BAYERISCH.LANDE",17.38,CBF&CBL
DE000NLB4V11,"EUR 4,30 NORD/LB GZ 23-20",19.67,CBF&CBL
XS2726911931,"EUR 3,625 POLAND, REP.OF ",3.32,CBF&CBL
ES0000012M93,"EUR 4,00 SPAIN, KINGDOM O",5.14,CBF&CBL
XS2772268715,"EUR 3,507 MANITOBA, PROV.",7.11,CBF&CBL
DE000MHB4925,"EUR 3,07 MUENCHENER HYPOB",0.40,CBF&CBL
FR0013332715,"EUR 1,10 COMP.FINA.FONCIE",1.00,CBF&CBL
DE000A2E4D00,"EUR 0,30 LAND SACHSEN ANH",0.81,CBF&CBL
FR001400LFC1,"EUR 3,375 CAISSE DES DEPO",2.81,CBF&CBL
DE000A3SJZ01,"EUR 3,00 WIRTSCHAFTS-INFR",5.15,CBF&CBL
XS2777369930,"EUR FL.R AKTIA BANK PLC (",7.50,CBF&CBL
DE000BLB5D58,"EUR FL.R BAYERISCH.LANDES",7.50,CBF&CBL
EU000A1G0ED2,"EUR 0,875 EFSF (REGS) 19-",5.50,CBF&CBL
XS2193666125,"EUR 0,875 DEUTSCHE BAHN A",25.19,CBF&CBL
DE000NLB3102,"EUR 4,00 NORD/LB GZ 22-20",17.68,CBF&CBL
FR001400CUU1,"EUR 3,386 CREDIT AGRICOLE",8.66,CBF&CBL
DE000A14JZ04,"EUR FL.R BADEN-WUERTTEMBE",0.39,CBF&CBL
DE000A3H3GR9,"EUR FL.R SAARLAND 24-2028",0.38,CBF&CBL
XS3066564900,"EUR 2,50 ACHMEA BANK N.V ",7.50,CBF&CBL
DE000BYL0DX0,"EUR FL.R BAYERISCH.LANDES",0.62,CBF&CBL
XS3166255920,"EUR FL.R VOLVO TREAS.AB (",5.00,CBF&CBL
XS3379782231,"EUR 4,00 BMW FIN.NV (REGS",19.78,CBF&CBL
FR0014018VR6,"USD 4,375 AFD (REGS) 26-2",1.80,CBF&CBL
DE000LB64G19,"EUR 3,50 LBK BADEN-WUERTT",33.71,CBF&CBL
ES0000093502,"EUR 3,50 COM AUTO CANARIA",3.64,CBF&CBL
XS1918006641,"EUR 0,71 LANDWIRT.RENTENB",0.85,CBF&CBL
DE000MHB4024,"EUR FL.R MUENCHENER HYPOB",0.44,CBF&CBL
ES00000129D2,"EUR 0,00 SPAIN, KINGDOM O",3.94,CBF&CBL
XS2447602793,"EUR 2,75 POLAND, REP.OF (",4.26,CBF&CBL
XS2577042893,"EUR 3,625 DEUTSCHE BAHN A",20.22,CBF&CBL
DE000NWB9114,"EUR 3,125 NRW.BANK (REGS/",0.94,CBF&CBL
CZ0001007421,"EUR 0,00 CZECH REPUBLIC 2",0.75,CBF&CBL
FR0010482570,"EUR 0,00 FRANCE (OAT STRI",1.92,CBF&CBL
XS1403015156,"EUR 1,125 UNILEVER FIN BV",5.00,CBF&CBL
IT0005247876,"EUR 0,00 ITALY, REP.OF (B",7.38,CBF&CBL
DE000CZ45VF8,"EUR 0,05 COMMERZBK AG (RE",0.93,CBF&CBL
DE000NWB0AJ5,"EUR 0,00 NRW.BANK (REGS) ",1.68,CBF&CBL
IT0005437733,"EUR 0,125 CA ITALIA SPA (",2.16,CBF&CBL
DE000MHB65A6,"EUR 0,08 MUENCHENER HYPOB",7.50,CBF&CBL
IT0005508590,"EUR 4,00 ITALY, REP.OF (1",3.18,CBF&CBL
AT0000A33TM1,"EUR 3,10 RAIFFEISEN BANK ",7.50,CBF&CBL
DE000LB389R6,"EUR FL.R LBK BADEN-WUERTT",7.50,CBF&CBL
DE000NLB4XM6,"EUR 3,50 NORD/LB GZ 24-20",15.80,CBF&CBL
XS0726582488,"EUR FL.R KFW 11-2026",0.39,CBF&CBL
XS1265350238,"EUR 2,126 ABN AMRO BK NV ",7.50,CBF&CBL
XS1691891706,"EUR FL.R DEUT.APOTHEKER (",7.50,CBF&CBL
SK4000017166,"EUR 1,00 SLOVAK, REP. (RE",4.38,CBF&CBL
XS2227050023,"EUR 0,375 ROYAL SCHIPHOL ",5.00,CBF&CBL
DE000MHB62Z0,"EUR 0,125 MUENCHENER HYPO",13.63,CBF&CBL
DE000NWB9080,"EUR 0,25 NRW.BANK (REGS/9",0.50,CBF&CBL
FR001400DKT2,"EUR 3,25 CREDIT MUTUEL H ",1.06,CBF&CBL
DE000A3MQT71,"EUR 2,875 SAECHS.AUFBAUBK",22.01,CBF&CBL
AT000B049960,"EUR FL.R UNICREDIT BK AT ",0.67,CBF&CBL
ES0001351610,"EUR 2,90 CASTILLA Y LEON ",2.32,CBF&CBL
XS3376355122,"EUR 3,25 OP CORPOR BK PL ",14.32,CBF&CBL
DE000A3827A0,"EUR 3,125 DT. PFANDBRIEFB",1.31,CBF&CBL
XS0332257335,"EUR 4,75 DEV.BK OF JAPAN ",7.50,CBF&CBL
DE000A0Z1UF0,"EUR FL.R BAYERISCHE LANDB",0.38,CBF&CBL
FR0013406154,"EUR 0,75 AXA BK EUROPE SC",0.86,CBF&CBL
FR0013464534,"EUR 0,712 REG CENTRE-VAL ",7.95,CBF&CBL
DE000LB2BJ89,"EUR 0,25 LBK BADEN-WUERTT",14.21,CBF&CBL
AT0000A2ZQF8,"EUR FL.R ERSTE GR.BK AG 2",8.60,CBF&CBL
FR001400HF42,"EUR 3,125 LA BANQUE POSTA",0.83,CBF&CBL
FR001400Q6Q8,"EUR 3,125 BPCE (REGS) 24-",2.21,CBF&CBL
IT0005611055,"EUR 3,00 ITALY, REP.OF (B",1.63,CBF&CBL
AT0000A3MXT1,"EUR 2,75 ERSTE GR.BK AG (",12.89,CBF&CBL
DE000A3H2549,"EUR FL.R BADEN-WUERTTEMBE",0.39,CBF&CBL
DE000CZ457A0,"EUR FL.R COMMERZBK AG (RE",1.02,CBF&CBL
BE6368508709,"EUR 3,656 COMMUNAUT FRANC",5.22,CBF&CBL
DE000BU0E360,"EUR 0,00 BUNDES DEUTSCH 1",0.08,CBF&CBL
DE000LB6R0L1,"EUR 3,15 LBK BADEN-WUERTT",24.10,CBF&CBL
DE000NLB5628,"EUR 3,20 NORD/LB GZ 26-20",18.42,CBF&CBL
FR0000187635,"EUR 5,75 FRANCE (REGS OAT",1.28,CBF&CBL
BE0008065147,"EUR 0,00 BELGIUM, KINGDOM",2.39,CBF&CBL
XS0206692419,"EUR 5,31 EUROP.INVEST.BK ",1.12,CBF&CBL
IT0004548407,"EUR 0,00 ITALY, REP.OF (S",5.93,CBF&CBL
DE000DK0JRQ3,"EUR FL.R DEKABANK 18-2028",7.50,CBF&CBL
FR0013296399,"EUR 1,643 MARSEILLE, VILL",6.01,CBF&CBL
ES0000012A71,"EUR 0,00 SPAIN, KINGDOM O",11.72,CBF&CBL
DE000NLB3CL4,"EUR FL.R NORD/LB GZ 20-20",7.50,CBF&CBL
DE000DL19V97,"EUR 0,70 DEUTSCHE BANK AG",16.77,CBF&CBL
AT0000A31KR3,"EUR 2,75 ERSTE GR.BK AG (",7.50,CBF&CBL
DE000LFA2162,"EUR 2,875 LFA FRDRBK.BAYE",1.30,CBF&CBL
XS2588099981,"EUR 3,375 SVENSKA HBN.(PU",7.50,CBF&CBL
XS2589727168,"EUR 5,125 BANK GOSPODARST",18.77,CBF&CBL
FR001400LPZ1,"EUR 3,50 BPIFRANCE (REGS)",0.72,CBF&CBL
ES0000090938,"EUR 4,10 JUNTA DE ANDALUC",9.01,CBF&CBL
DE000A1RQEV4,"EUR FL.R HESSEN LAND 24-2",0.39,CBF&CBL
DE000A2YNWE3,"EUR 2,75 ING DIBA AG (REG",1.02,CBF&CBL
DE000A3828G5,"EUR 2,25 INVESTITIONSBK (",1.45,CBF&CBL
DE000LB4W6M1,"EUR FL.R LBK BADEN-WUERTT",7.50,CBF&CBL
AT000B122361,"EUR 2,20 VOLKSBANK WIEN 2",1.10,CBF&CBL
DE000LB66490,"EUR 2,50 LBK BADEN-WUERTT",7.50,CBF&CBL
DE000DP9BLK2,"EUR FL.R DZ BANK AG - FFT",23.57,CBF&CBL
DE000A0E83N1,"EUR 0,00 KREDITANSTALT WI",1.21,CBF&CBL
XS1378944836,"EUR 1,331 NATIONWIDE BS 1",3.18,CBF&CBL
ES0000012F43,"EUR 0,60 SPAIN, KINGDOM O",1.45,CBF&CBL
XS2053057696,"EUR 0,043 BNG BANK N.V. 1",2.48,CBF&CBL
FR001400IFX3,"EUR 3,875 BQUE FED.CRED.M",7.50,CBF&CBL
DE000HV2AZ03,"EUR 2,75 UNICREDIT BANK 2",7.50,CBF&CBL
ES0422714180,"EUR FL.R CAJAMAR 23-2029",1.39,CBF&CBL
IT0005599904,"EUR 3,45 ITALY, REP.OF 24",0.38,CBF&CBL
DE000A4DE9Q9,"EUR 2,50 INV.UND STR.BK I",7.50,CBF&CBL
DE000LB619N5,"EUR 2,75 LBK BADEN-WUERTT",12.26,CBF&CBL
FR0014013O09,"EUR FL.R EDF 25-2045",31.32,CBF&CBL
FR0014015PC6,"EUR 3,00 LA BANQUE POSTAL",1.88,CBF&CBL
DE000DP9BF34,"EUR 2,00 DZ BANK AG - FFT",8.67,CBF&CBL
DE000NRW0QR6,"EUR 3,25 NORDRHEIN-WESTFA",2.28,CBF&CBL
FR0011524222,"EUR 2,63 BPCE SFH (REGS) ",0.68,CBF&CBL
IT0004976533,"EUR 0,00 ITALY, REP.OF (B",1.50,CBF&CBL
DE000A1680R9,"EUR 0,50 BREMEN HANSTADT ",2.62,CBF&CBL
FR0013431137,"EUR 0,25 AFD (REGS) 19-20",1.96,CBF&CBL
FR0013510823,"EUR 2,50 ABERTIS FRANCE (",5.00,CBF&CBL
DE000A1RQDY0,"EUR 0,00 HESSEN LAND 20-2",0.40,CBF&CBL
XS2199266268,"EUR 1,125 BAYER AG (REGS)",9.87,CBF&CBL
FR0014003CJ5,"EUR 0,875 SOCIETE GRAND (",6.78,CBF&CBL
FR001400CN54,"EUR 3,125 LA POSTE 22-203",14.95,CBF&CBL
FR001400G5Z3,"EUR 3,25 CREDIT AGR HOME ",1.78,CBF&CBL
EU000A3K4ED6,"EUR 3,00 EUROP.INVEST.BK ",0.52,CBF&CBL
XS2744125266,"EUR 2,75 ING BANK N.V. (R",1.60,CBF&CBL
XS2757519280,"USD 4,25 MUNICIPALITY FIN",7.63,CBF&CBL
XS3104553931,"EUR 3,625 ORLEN S.A. (REG",15.45,CBF&CBL
DE000A3MQT97,"EUR 2,75 SAECHS.AUFBAUBK ",20.28,CBF&CBL
DE000A2GSMJ9,"EUR 1,132 DEUT.GENOSS-HYP",1.68,CBF&CBL
XS1767087866,"EUR 1,50 ACEA SPA (REGS/4",5.00,CBF&CBL
XS1851229218,"EUR 0,875 QUEBEC,PROVINCE",1.26,CBF&CBL
BE0002634153,"EUR 1,62 BRUSSELS, REG. O",9.15,CBF&CBL
XS2190255211,"EUR 0,625 ENEXIS HOLDING ",14.30,CBF&CBL
EU000A3KSXE1,"EUR 0,00 EUROPEAN UNION (",1.06,CBF&CBL
XS2388495942,"EUR 0,00 EUROP.INVEST.BK ",0.05,CBF&CBL
DE000A30VKV3,"EUR 2,50 HAMBURGER SPARK.",7.50,CBF&CBL
DE000NLB33U2,"EUR 3,60 NORD/LB GZ 23-20",19.24,CBF&CBL
FI4000522974,"EUR 1,50 OMA SAVINGS BANK",0.40,CBF&CBL
FR001400BB83,"EUR 2,125 BPIFRANCE (REGS",0.83,CBF&CBL
DE000NLB4U38,"EUR FL.R NORD/LB GZ 23-20",7.50,CBF&CBL
FR001400JMD9,"EUR 3,386 CREDIT AGRICOLE",2.08,CBF&CBL
AT0000A2TKB3,"EUR 0,20 ERSTE GR.BK AG (",7.51,CBF&CBL
ES0201001189,"EUR 3,674 AYUNTAM MADRID ",4.77,CBF&CBL
DE000HEL0CY8,"EUR 2,00 LANDESBANK HESS-",7.50,CBF&CBL
DE000LFA2378,"EUR 2,75 LFA FRDRBK.BAYER",2.06,CBF&CBL
DE000CZ45ZG7,"EUR FL.R COMMERZBK AG (RE",0.86,CBF&CBL
DE000LB6K5X2,"EUR 2,90 LBK BADEN-WUERTT",19.60,CBF&CBL
XS3336964369,"EUR 3,25 BNG BANK N.V. (R",2.95,CBF&CBL
XS3515071440,"EUR 0,00 EUROP.INVEST.BK ",0.16,CBF&CBL
FR0000471930,"EUR 8,125 ORANGE 03-2033",15.45,CBF&CBL
FR0013020450,"EUR 1,25 UNEDIC (REGS) 15",0.48,CBF&CBL
IT0003748917,"EUR 0,00 ITALY, REP.OF (S",3.77,CBF&CBL
DE000A2GSCP7,"EUR 0,80 KSPK. LUDWIGSBUR",0.47,CBF&CBL
FR0013291705,"EUR 1,375 HOPITAUX PARIS ",4.94,CBF&CBL
DE000DK0T0C2,"EUR 0,78 DEKABANK 19-2035",27.59,CBF&CBL
FR0013478898,"EUR 0,125 CREDIT MUTUEL H",1.19,CBF&CBL
DE000DDA0Y20,"EUR FL.R DZ BANK AG - FFT",11.48,CBF&CBL
DE000A2GSSF4,"EUR 0,321 WIRTSCHAFTS-INF",6.08,CBF&CBL
DE000CB0HRZ0,"EUR 0,42 COMMERZBK AG (RE",8.72,CBF&CBL
DE000NLB4SS3,"EUR 3,90 NORD/LB GZ 23-20",18.79,CBF&CBL
DE000A3E5SL5,"EUR 2,50 LAND, BRANDENBUR",0.78,CBF&CBL
FI4000549605,"EUR 3,625 SUOMEN HYPOTEEK",0.76,CBF&CBL
XS2624502105,"EUR 3,00 SPAREBNK 1 BOLIK",1.25,CBF&CBL
DE000DB9VTH5,"EUR 2,95 DEUTSCHE BANK AG",7.50,CBF&CBL
EU000A4EPCA0,"EUR 2,625 EUROP.INVEST.BK",1.01,CBF&CBL
DE000LB6XEH9,"EUR 3,70 LBK BADEN-WUERTT",15.78,CBF&CBL
DE000LB6XKS3,"EUR 3,20 LBK BADEN-WUERTT",7.50,CBF&CBL
FR0013154200,"EUR 0,00 FRANCE (OAT STRI",6.76,CBF&CBL
FR0013260759,"EUR 1,70 DEPART DES BOUCH",7.20,CBF&CBL
DE000SLB8361,"EUR 0,65 LANDESBK SAAR 19",11.20,CBF&CBL
DE000A254RB5,"EUR 0,00 NIEDERSACHSEN LA",0.34,CBF&CBL
XS2355165866,"USD 1,00 DZ BK AG (REGS/A",7.50,CBF&CBL
XS2541314584,"EUR 3,125 UNICREDIT BK CZ",0.48,CBF&CBL
XS2573952517,"EUR 3,00 BNG BANK N.V. (R",2.07,CBF&CBL
XS2747616105,"EUR FL.R ABN AMRO BK NV (",7.50,CBF&CBL
XS2922061861,"EUR 2,424 L-BANK (REGS/56",0.52,CBF&CBL
DE000LB5X956,"EUR 2,50 LBK BADEN-WUERTT",12.66,CBF&CBL
XS3524457036,"EUR 0,00 AUSTRIA, REP.OF ",0.54,CBF&CBL
BE0001727784,"EUR 2,21 WALLONE, REGION ",2.45,CBF&CBL
FR0013108222,"EUR 1,60 SEMAPA 16-2028",1.09,CBF&CBL
DE0001142842,"EUR 0,00 BUNDES DEUTSCH 1",0.09,CBF&CBL
IT0005248247,"EUR 0,00 ITALY, REP.OF (B",12.46,CBF&CBL
DE000DDA0T84,"EUR FL.R DZ BANK AG - FFT",56.98,CBF&CBL
XS2083147343,"EUR 1,625 ALBEMARLE  HLD ",6.65,CBF&CBL
BE0002771526,"EUR 0,037 WALLONE, REGION",3.42,CBF&CBL
XS2333391485,"EUR 0,75 ROYAL SCHIPHOL (",16.13,CBF&CBL
FR00140052L9,"EUR 0,64 RATP 21-2041",31.25,CBF&CBL
BE6345393415,"EUR 3,944 BRUSSELS, REG. ",9.82,CBF&CBL
AT0000A3E6Z1,"EUR 2,90 ERSTE GR.BK AG 2",7.50,CBF&CBL
XS3176708694,"EUR 2,442 TOR-DOMINION BK",0.76,CBF&CBL
SK4000027918,"EUR 2,875 TATRA BANKA A.S",1.69,CBF&CBL
SK4000028809,"EUR 2,75 TATRA BANKA A.S.",1.65,CBF&CBL
FR0013210838,"EUR 0,90 AUVERGNE- RHONE ",3.26,CBF&CBL
DE0001102416,"EUR 0,25 BUNDES DEUTSCH (",0.06,CBF&CBL
DE000A2E4UX0,"EUR 1,10 DEUT.GENOSS-HYPO",1.10,CBF&CBL
DE000A2GSP64,"EUR 1,39 DEUT.GENOSS-HYPO",2.40,CBF&CBL
AT0000A28677,"EUR 0,70 ERSTE GR.BK AG (",7.50,CBF&CBL
XS2021159186,"EUR 0,34 HYPO NOE LANDES ",3.08,CBF&CBL
DE000NLB3WD9,"EUR 0,75 NORD/LB GZ 21-20",16.70,CBF&CBL
XS2435663393,"EUR 0,25 MUNICIPALITY FIN",17.21,CBF&CBL
XS2480922389,"EUR 1,50 MUNICIPALITY FIN",8.79,CBF&CBL
DE000DJ9AC49,"EUR 2,90 DZ BANK AG - FFT",7.50,CBF&CBL
DE000DJ9AK23,"EUR 2,70 DZ BANK AG - FFT",7.50,CBF&CBL
DE000LB4ZP81,"USD 4,00 LBK BADEN-WUERTT",7.50,CBF&CBL
XS3057123617,"EUR 2,125 NORDIC INVEST.B",0.40,CBF&CBL
DE000LB5X964,"EUR 2,65 LBK BADEN-WUERTT",15.53,CBF&CBL
DE000LB5X923,"EUR 1,90 LBK BADEN-WUERTT",7.50,CBF&CBL
DE000CZ46C19,"EUR FL.R COMMERZBK AG 26-",14.33,CBF&CBL
XS1192872866,"EUR 0,625 LANDWIRT.RENTEN",1.32,CBF&CBL
XS1556818372,"EUR 1,533 DNB BOLIGKREDIT",4.51,CBF&CBL
DE000DDA0MD9,"EUR FL.R DZ BANK AG - FFT",7.50,CBF&CBL
ES0000106627,"EUR 2,35 BASQUE COUNTRY 1",10.21,CBF&CBL
XS2078734626,"EUR 0,125 SHELL INTL.FIN.",5.00,CBF&CBL
XS2190979489,"EUR 1,625 EUSTREAM A.S. (",5.00,CBF&CBL
FR0014001QL5,"EUR 0,01 SOCIETE GEN.SFH ",1.55,CBF&CBL
SI0002104253,"EUR 1,175 SLOVENIA REP.OF",17.55,CBF&CBL
DE0001102614,"EUR 1,80 BUNDES DEUTSCH (",4.04,CBF&CBL
DE000A4MS0U3,"EUR FL.R AAREAL BK AG. 25",0.95,CBF&CBL
XS3388204458,"USD 4,25 MUNICIPALITY FIN",13.96,CBF&CBL
BE0390316850,"EUR 3,815 BELFIUS BANK SA",4.15,CBF&CBL
XS0200950326,"GBP 4,875 KFW 04-2037",2.96,CBF&CBL
FR0010809640,"EUR 0,00 FRANCE (OAT STRI",6.50,CBF&CBL
DE000NLB9A52,"EUR FL.R NORD/LB GZ (REGS",7.50,CBF&CBL
XS1586702679,"EUR 0,875 AB SVERIGES SAK",0.36,CBF&CBL
FR0013329216,"EUR 1,375 AXA BK EUROPE S",2.02,CBF&CBL
DE000A2LQK07,"EUR 0,725 INVESTITIONSBK ",0.82,CBF&CBL
DE000LB2CLB0,"EUR 0,415 LBK BADEN-WUERT",1.88,CBF&CBL
FR0014005SC1,"EUR 0,125 PR FINANCE S.A.",9.23,CBF&CBL
BE0002845262,"EUR 1,13 WALLONE, REGION ",3.95,CBF&CBL
DE000DW6C3C4,"EUR 3,40 DZ BANK AG - FFT",19.61,CBF&CBL
IT0005549362,"EUR 3,375 UNICREDIT SPA (",0.37,CBF&CBL
FR001400N327,"EUR 2,75 CREDIT AGR HOME ",0.45,CBF&CBL
DE000LFA2303,"EUR 2,875 LFA FRDRBK.BAYE",2.39,CBF&CBL
DE000DJ9AGX5,"EUR FL.R DZ BANK AG - FFT",24.29,CBF&CBL
XS2912487647,"EUR 3,067 PROVINCE OF NL ",4.91,CBF&CBL
XS3010596800,"EUR 2,50 L-BANK (REGS/569",1.18,CBF&CBL
XS3116722664,"EUR FL.R VOLKSWAGEN FIN(N",5.00,CBF&CBL
BE6371731926,"EUR FL.R COMMUNAUT FRANCA",1.14,CBF&CBL
XS0223484345,"EUR 4,019 MILAN, CITY OF ",4.19,CBF&CBL
XS0819129395,"EUR 3,086 POHJOLA BANK PL",7.50,CBF&CBL
FR0013234556,"EUR 0,00 FRANCE (OAT STRI",1.26,CBF&CBL
DE000A0Z1UR5,"EUR 3,25 BAYERISCHE LANDB",0.47,CBF&CBL
ES00000128Z7,"EUR 0,00 SPAIN, KINGDOM O",2.76,CBF&CBL
DE000LB13WC3,"EUR 0,30 LBK BADEN-WUERTT",21.17,CBF&CBL
XS2385121749,"EUR 1,104 E.JP.RAIL CO. (",27.49,CBF&CBL
DE000HV2A037,"EUR 2,35 UNICREDIT BANK 2",13.75,CBF&CBL
IT0004288624,"EUR 0,00 ITALY, REP.OF (B",4.90,CBF&CBL
SK4120005547,"EUR 5,00 VSEOB. UVEROVA B",2.30,CBF&CBL
BE0002427020,"EUR 2,77 BELFIUS BANK SA/",1.67,CBF&CBL
BE6282188802,"EUR 1,941 WALLONE, REGION",5.93,CBF&CBL
XS1799621369,"EUR FL.R FERROVIE DEL STA",9.42,CBF&CBL
DE000A3H3F67,"EUR 0,01 EMISSIONS K DE (",1.49,CBF&CBL
DE000BHY0HS7,"EUR 0,50 LBK BADEN-WUERTT",11.37,CBF&CBL
FR0014004J31,"EUR 0,75 FRANCE (OAT) 21-",5.01,CBF&CBL
XS2774408574,"USD 4,375 NEDERLAND.WATER",0.89,CBF&CBL
DE000LB4W886,"EUR 3,44 LBK BADEN-WUERTT",22.95,CBF&CBL
DE000HEL0J58,"EUR 1,75 LANDESBANK HESS-",7.50,CBF&CBL
DE000NLB54F9,"EUR FL.R NORD/LB GZ 26-20",1.37,CBF&CBL
DE000A1G85D0,"GBP 3,75 SIEMENS FIN.NL (",24.03,CBF&CBL
FR0013396736,"EUR 1,558 BPCE (REGS) 19-",3.76,CBF&CBL
DE000MHB4164,"EUR FL.R MUENCHENER HYPOB",0.39,CBF&CBL
DE000A254YJ4,"EUR 0,102 BREMEN HANSTADT",2.20,CBF&CBL
DE000A30V216,"EUR 3,125 INVESTITIONSBK ",2.72,CBF&CBL
XS2626268069,"USD 3,75 CADES (REGS/36) ",0.76,CBF&CBL
IT0005550253,"EUR 0,00 ITALY, REP.OF (B",5.78,CBF&CBL
DE000A351XZ6,"EUR FL.R DZ HYP AG 24-202",0.39,CBF&CBL
XS2915525369,"USD 3,75 NED.FIN.MAATSCH.",1.12,CBF&CBL
DE000LB6XJP1,"EUR 3,43 LBK BADEN-WUERTT",7.50,CBF&CBL
FR0013210481,"EUR 0,00 FRANCE (OAT STRI",4.09,CBF&CBL
XS1567980377,"EUR 1,12 SWEDBANK AB (REG",7.50,CBF&CBL
FR0013242336,"EUR 1,375 REG. ILE DE FRA",1.17,CBF&CBL
XS2055651918,"EUR 1,125 ABERTIS INFRAES",5.00,CBF&CBL
DE000CZ45V82,"EUR 0,375 COMMERZBK AG (R",7.50,CBF&CBL
FR0014000UE4,"EUR 0,432 DEPART DES BOUC",11.31,CBF&CBL
DE000HLB43H0,"EUR 3,40 LANDESBANK HESS-",2.56,CBF&CBL
DE000DW6C698,"EUR 4,27 DZ BANK AG - FFT",28.94,CBF&CBL
DE000LB5LJ43,"EUR 2,25 LBK BADEN-WUERTT",7.50,CBF&CBL
DE000HEL0GW3,"EUR FL.R LANDESBANK HESS-",11.51,CBF&CBL
XS3065236609,"EUR 2,375 SEB (REGS/345) ",1.25,CBF&CBL
XS3120975753,"EUR FL.R BMW FIN.NV (REGS",5.00,CBF&CBL
DE000RLP1668,"EUR 2,625 RHEINLAND-PFALZ",1.88,CBF&CBL
FR0014017VA4,"EUR 4,543 HOPITAUX PARIS ",9.99,CBF&CBL
XS0740661516,"EUR FL.R ITALY, REP.OF (R",15.95,CBF&CBL
LU0905090048,"EUR 2,25 LUXEMBOURG, G-D ",0.55,CBF&CBL
DE000NLB28G1,"EUR 0,25 NORD/LB GZ 19-20",7.50,CBF&CBL
FR0013520210,"EUR 0,125 AXA HOME LOAN (",2.78,CBF&CBL
DE000A30V9A9,"EUR 2,85 LAND SACHSEN ANH",2.14,CBF&CBL
ES0000012L11,"EUR 0,00 SPAIN, KINGDOM O",5.19,CBF&CBL
DE000DJ9AAC2,"EUR 3,50 DZ BANK AG - FFT",7.50,CBF&CBL
DE000A30V6Y5,"EUR FL.R LAND, BRANDENBUR",0.66,CBF&CBL
FR001400TEW5,"EUR 3,239 BPCE SFH (REGS)",3.20,CBF&CBL
FR001400U8E4,"EUR FL.R BQUE FED.CRED.MU",7.50,CBF&CBL
XS3232920275,"EUR FL.R NOVO NORDISK NL ",5.00,CBF&CBL
DE000NLB5644,"EUR 3,25 NORD/LB GZ 26-20",20.79,CBF&CBL
NL0015074CG7,"EUR 0,00 DUTCH STATE 2502",0.39,CBF&CBL
DE000NRW0CQ8,"EUR 3,30 NORDRHEIN-WESTFA",5.04,CBF&CBL
DE000A12T0J5,"EUR 1,55 LAND BERLIN 14-2",1.44,CBF&CBL
FR0013154291,"EUR 0,00 FRANCE (OAT STRI",8.18,CBF&CBL
DE000A2GSE59,"EUR 1,125 KFW (REGS) 17-2",2.06,CBF&CBL
BE0000348574,"EUR 1,70 BELGIUM, KINGDOM",10.59,CBF&CBL
IE00BH3SQB22,"EUR 1,50 IRELAND, REP OF ",9.90,CBF&CBL
DE000LB2CMY0,"EUR 0,01 LBK BADEN-WUERTT",0.70,CBF&CBL
DE000DDA0T27,"EUR 0,01 DZ BANK AG - FFT",7.50,CBF&CBL
DE000A2LQK98,"EUR 0,01 INVESTITIONSBK 1",1.56,CBF&CBL
DE000NLB3VG4,"EUR 0,25 NORD/LB GZ 22-20",7.81,CBF&CBL
AT0000A326N4,"EUR 3,125 HYPO TIROL BANK",0.52,CBF&CBL
DE000A351PG2,"EUR FL.R LAND BERLIN 23-2",0.67,CBF&CBL
DE000NLB4738,"EUR 2,00 NORD/LB GZ 25-20",7.50,CBF&CBL
FR0011575810,"EUR FL.R CAISSE DES DEPOT",0.72,CBF&CBL
XS1309718572,"EUR 2,058 UTD.UTIL.WATER.",11.92,CBF&CBL
FR0013154309,"EUR 0,00 FRANCE (OAT STRI",8.40,CBF&CBL
FR0013359239,"EUR 1,875 ORANGE (REGS) 1",11.63,CBF&CBL
FR0013458601,"EUR 0,504 BQUE FED.CRED.M",10.92,CBF&CBL
DE000NLB3B16,"EUR 0,50 NORD/LB GZ 20-20",7.50,CBF&CBL
EU000A283859,"EUR 0,00 EUROPEAN UNION (",0.90,CBF&CBL
DE000A289CL2,"EUR 0,01 L-BANK (REGS/561",2.14,CBF&CBL
XS2340854848,"EUR 0,10 BAWAG (AT) (REGS",1.64,CBF&CBL
DE000DW6C9Z2,"EUR 3,40 DZ BANK AG - FFT",15.81,CBF&CBL
DE000A3H3GN8,"EUR FL.R SAARLAND 24-2027",0.38,CBF&CBL
DE000NLB4Z66,"EUR 3,80 NORD/LB GZ 24-20",24.46,CBF&CBL
FR001400ZBI7,"EUR 3,307 CREDIT MUTU ARK",17.49,CBF&CBL
DE000NLB51L3,"EUR 2,45 NORD/LB GZ 26-20",11.29,CBF&CBL
ES0L02701156,"EUR 0,00 SPAIN, KINGDOM O",0.15,CBF&CBL
XS0130092793,"GBP 5,375 NED.WATERSCHAPS",2.03,CBF&CBL
XS0182749738,"EUR FL.R MILAN, PROVINCE ",6.66,CBF&CBL
XS1061430051,"EUR 3,234 RESEAU FERRE FR",8.84,CBF&CBL
XS1091799061,"EUR 3,00 PGE SWEDEN AB (R",8.50,CBF&CBL
DE000A2GSFA2,"EUR 0,50 KFW 17-2027",0.39,CBF&CBL
DE000A2NB9T6,"EUR 0,625 LAND BERLIN (RE",4.17,CBF&CBL
XS2435783613,"EUR 0,125 RAIFFEISEN BANK",0.49,CBF&CBL
DE000LB39BE8,"EUR 3,36 LBK BADEN-WUERTT",16.80,CBF&CBL
AT0000A39GD4,"EUR 2,875 ERSTE GR.BK AG ",1.46,CBF&CBL
DE000LFA2329,"EUR 2,75 LFA FRDRBK.BAYER",2.59,CBF&CBL
DE000A4DFU14,"EUR 2,00 SPARKASS.PFORZHE",7.50,CBF&CBL
DE000LB619U0,"EUR 3,30 LBK BADEN-WUERTT",26.29,CBF&CBL
DE000NLB5545,"EUR 3,375 NORD/LB GZ 26-2",14.53,CBF&CBL
XS1061030034,"EUR 2,95 FINGRID OYJ 14-2",6.73,CBF&CBL
SK4120010364,"EUR 2,25 VSEOB. UVEROVA B",1.43,CBF&CBL
IT0004548282,"EUR 0,00 ITALY, REP.OF (S",4.25,CBF&CBL
BE6324862745,"EUR 0,05 WALLONE, REGION ",4.10,CBF&CBL
SK4000019634,"EUR 0,01 PRIMA BANKA SLO ",0.40,CBF&CBL
DE000LB364F4,"EUR 2,72 LBK BADEN-WUERTT",7.50,CBF&CBL
DE000DB9VJL8,"EUR 3,80 DEUTSCHE BANK AG",7.50,CBF&CBL
XS2696749626,"EUR 4,00 TOYOTA MOTO.FIN.",5.00,CBF&CBL
BE0002982636,"EUR 3,50 BELFIUS BANK SA/",2.38,CBF&CBL
DE000A3828F7,"EUR 2,875 INVESTITIONSBK ",2.49,CBF&CBL
IT0005600181,"EUR FL.R UNICREDIT SPA 24",0.40,CBF&CBL
DE000BYL0CX2,"EUR 2,00 BAYERISCH.LANDES",7.50,CBF&CBL
IT0005689994,"EUR 3,15 ITALY, REP.OF 26",2.70,CBF&CBL
XS3454380257,"EUR FL.R LEASYS S.P.A. (R",5.00,CBF&CBL
ES0000012981,"EUR 0,00 SPAIN, KINGDOM O",3.19,CBF&CBL
DE000NRW0DB8,"EUR 2,92 NORDRHEIN-WESTFA",7.10,CBF&CBL
DE0001040756,"EUR 3,795 BADEN-WUERTTEMB",2.74,CBF&CBL
ES0000101784,"EUR 1,771 COMUN.DE MADRID",0.72,CBF&CBL
XS2432361421,"EUR 0,875 NIBC BANK NV. (",7.50,CBF&CBL
XS2474955924,"GBP 2,125 LANDWIRT.RENTEN",1.00,CBF&CBL
FR001400E7I7,"EUR 3,875 CREDIT AGRICOLE",23.02,CBF&CBL
FR001400OFN2,"USD 4,50 AFD (REGS) 24-20",1.67,CBF&CBL
DE000BHY0J57,"EUR 3,50 LBK BADEN-WUERTT",8.44,CBF&CBL
XS2842049053,"EUR FL.R ITALY, REP.OF (R",7.34,CBF&CBL
DE000DP9BE68,"EUR 3,30 DZ BANK AG - FFT",25.75,CBF&CBL
IT0005733636,"EUR 3,95 ITALY, REP.OF (B",2.64,CBF&CBL
ES00000129U6,"EUR 0,00 SPAIN, KINGDOM O",8.00,CBF&CBL
XS2023679843,"EUR 0,05 MUNICIPALITY FIN",9.87,CBF&CBL
IT0005397036,"EUR 1,00 CA ITALIA SPA (R",5.05,CBF&CBL
DE000LB3Z6R8,"EUR 2,95 LBK BADEN-WUERTT",14.92,CBF&CBL
DE000NLB4ZT6,"EUR 3,15 NORD/LB GZ 24-20",11.13,CBF&CBL
XS2745126792,"EUR 2,625 CNCL.EU DEV.BK ",1.47,CBF&CBL
DE000SLB9120,"EUR FL.R LANDESBK SAAR 25",19.45,CBF&CBL
AT0000A3VW58,"EUR 0,00 AUSTRIA, REP.OF ",0.54,CBF&CBL
FR0129982437,"EUR 0,00 OEST.KONTROLLBK ",0.56,CBF&CBL
XS3524456491,"GBP 0,00 AUSTRIA, REP.OF ",0.61,CBF&CBL
FR0010070086,"EUR 0,00 FRANCE (OAT STRI",0.88,CBF&CBL
IT0004976566,"EUR 0,00 ITALY, REP.OF (B",2.21,CBF&CBL
DE000A1RQB60,"EUR 1,84 HESSEN LAND 14-2",1.39,CBF&CBL
XS1297734722,"EUR 1,637 BK.NOVA SCOTIA ",3.00,CBF&CBL
FR0013247681,"EUR 1,179 HSBC CONTINENTA",7.50,CBF&CBL
XS2480519656,"EUR 2,25 NATIONWIDE BS (R",2.86,CBF&CBL
FR001400KT58,"EUR 4,25 BPCE (BANQUE PO ",10.85,CBF&CBL
DE000A3824M2,"EUR FL.R INV.UND STR.BK I",12.49,CBF&CBL
DE000A383E90,"EUR 3,375 SPARKASS.PFORZH",7.50,CBF&CBL
DE000LB60196,"EUR 2,65 LBK BADEN-WUERTT",12.10,CBF&CBL
DE000LB66YG8,"EUR 2,85 LBK BADEN-WUERTT",12.98,CBF&CBL
DE000A46Z759,"EUR 3,45 LAND SACHSEN ANH",0.98,CBF&CBL
FR0011175587,"EUR 4,00 PARIS, VILLE DE ",0.72,CBF&CBL
XS0773649438,"EUR 3,22 ABN AMRO BK NV (",0.40,CBF&CBL
EU000A1G0DJ1,"EUR 1,375 EFSF (REGS) 16-",10.80,CBF&CBL
DE000NRW0MJ2,"EUR 0,375 NORDRHEIN-WESTF",7.44,CBF&CBL
BE0002800812,"EUR 0,625 COMMUNAUT FRANC",3.73,CBF&CBL
AT0000A30EL1,"EUR 3,15 ERSTE GR.BK AG (",7.50,CBF&CBL
FR001400FTZ5,"EUR 3,125 CAISSE DES DEPO",4.10,CBF&CBL
XS2630109226,"EUR 3,375 AKTIA BANK PLC ",0.40,CBF&CBL
DE000LFA2238,"EUR 3,125 LFA FRDRBK.BAYE",0.63,CBF&CBL
DE000NLB4XK0,"EUR 3,30 NORD/LB GZ 24-20",10.61,CBF&CBL
XS2744128369,"USD 5,50 HUNGARY, REP.OF ",9.06,CBF&CBL
XS2777428371,"USD 4,625 KOMMUNEKREDIT (",7.50,CBF&CBL
DE000BLB9XC0,"EUR 3,02 BAYERISCH.LANDES",7.50,CBF&CBL
DE000LB5L3Z2,"EUR 2,74 LBK BADEN-WUERTT",7.50,CBF&CBL
DE000LB6E335,"EUR 3,15 LBK BADEN-WUERTT",28.92,CBF&CBL
FR0014014A12,"EUR XXX BPCE (REGS) 25-20",4.66,CBF&CBL
FR001401ASU7,"EUR 3,875 PROMONTORIA (RE",5.96,CBF&CBL
XS1291270319,"EUR 1,50 ASFINAG(AT) (REG",1.96,CBF&CBL
AT0000A1K9C8,"EUR 0,75 AUSTRIA, REP.OF ",0.54,CBF&CBL
XS1721422068,"EUR 1,875 VODAFONE GROUP ",9.43,CBF&CBL
DE000BLB7UA4,"USD 0,00 BAYERISCH.LANDES",19.83,CBF&CBL
FR001400GGZ0,"EUR 4,125 BQUE FED.CRED.M",8.54,CBF&CBL
DE000A352BZ0,"EUR 3,375 SPARKASSE HANNO",0.83,CBF&CBL
BE0390103662,"EUR 3,00 WALLONE, REGION ",2.39,CBF&CBL
DE000SHFM949,"EUR 2,875 SCHLESWIG-HOLST",0.92,CBF&CBL
AT0000A3GE67,"EUR 2,40 ERSTE GR.BK AG 2",7.50,CBF&CBL
DE000DJ9AR18,"EUR 1,85 DZ BANK AG - FFT",7.50,CBF&CBL
DE000HEL0GH4,"EUR 3,00 LANDESBANK HESS-",17.55,CBF&CBL
NL0015002G06,"EUR 3,00 NATIONALE NL BAN",1.52,CBF&CBL
XS3062797421,"USD 3,25 DZ BK AG (REGS/A",7.50,CBF&CBL
DE000SLB9112,"EUR FL.R LANDESBK SAAR (R",12.07,CBF&CBL
DE000HEL0MC3,"EUR 2,50 LANDESBANK HESS-",13.38,CBF&CBL
DE000DB9WJA9,"EUR 2,00 DEUTSCHE BANK AG",7.50,CBF&CBL
DE000LB6R0D8,"EUR 2,15 LBK BADEN-WUERTT",7.50,CBF&CBL
DE000HEL0WF5,"EUR 2,55 LANDESBANK HESS-",7.50,CBF&CBL
FR0011519933,"EUR FL.R SOCIETE GEN.SFH ",0.39,CBF&CBL
FR0012369288,"EUR 1,775 BPCE SFH 14-204",4.44,CBF&CBL
DE000A11QE78,"EUR 0,75 LAND, BRANDENBUR",2.91,CBF&CBL
FR0013267374,"EUR 1,613 CAISSE FCSE DE ",3.34,CBF&CBL
BE6301948525,"EUR 1,19 WALLONE, REGION ",1.04,CBF&CBL
FR0013364817,"EUR 1,151 GRENOBLE METROP",2.78,CBF&CBL
DE000A168528,"EUR 0,80 HAMBURG HANSESTA",2.25,CBF&CBL
EU000A28X702,"EUR 0,125 EUROPEAN UNION ",1.93,CBF&CBL
XS2197945251,"EUR 0,01 COOP RABOBK UA (",1.34,CBF&CBL
DE000NRW0MK0,"EUR 0,00 NORDRHEIN-WESTFA",0.91,CBF&CBL
XS2287879733,"EUR 0,01 EUROP.INVEST.BK ",3.05,CBF&CBL
FR0014005DU5,"EUR 0,36 SOCIETE GEN.SFH ",2.21,CBF&CBL
DE000DW6C1N5,"EUR 2,59 DZ BANK AG - FFT",7.50,CBF&CBL
BE0002949304,"EUR 3,435 ING BK(BELGIUM)",0.40,CBF&CBL
DE000A3MQT63,"EUR 2,512 SAECHS.AUFBAUBK",7.50,CBF&CBL
DE000RLP1627,"EUR 2,00 RHEINLAND-PFALZ ",0.34,CBF&CBL
BE0390261304,"EUR FL.R BRUSSELS, REG. O",3.71,CBF&CBL
DE000DB9WPF5,"EUR 2,70 DEUTSCHE BANK AG",7.50,CBF&CBL
DE000A1K0LZ5,"EUR 5,55 LAND BERLIN (REG",0.95,CBF&CBL
FR0012174399,"EUR 2,103 LA BQE POST HOM",3.06,CBF&CBL
XS1451306036,"EUR 0,738 NORDEA EIENDOMS",1.87,CBF&CBL
NL0015000B11,"EUR 0,00 DUTCH STATE 21-2",3.74,CBF&CBL
AT0000A2HB37,"EUR FL.R ERSTE GR.BK AG (",0.35,CBF&CBL
XS2464091029,"EUR 1,00 SR-BOLIGKREDITT ",0.89,CBF&CBL
XS2520339800,"USD FL.R ASIAN INFRA INV ",7.50,CBF&CBL
DE000A3MQVV5,"EUR 1,25 KFW (REGS) 22-20",0.39,CBF&CBL
FR001400FIM6,"EUR 3,05 STIF (REGS) 23-2",2.59,CBF&CBL
XS2694872594,"EUR 4,625 VOLKSWAGEN LEAS",7.46,CBF&CBL
DE000DJ9AK56,"EUR 2,80 DZ BANK AG - FFT",22.79,CBF&CBL
DE000DJ9AK98,"EUR 3,15 DZ BANK AG - FFT",22.45,CBF&CBL
FR0014016CV2,"EUR 4,40 FRANCE (REGS) 26",3.72,CBF&CBL
IT0004002843,"EUR 0,00 ITALY, REP.OF (B",4.23,CBF&CBL
BE0002466416,"EUR 3,00 ELIA SYS.OP. (RE",7.64,CBF&CBL
ES0000106585,"EUR 1,703 BASQUE COUNTRY ",0.72,CBF&CBL
DE000BLB4X89,"EUR FL.R BAYERISCH.LANDES",7.50,CBF&CBL
FR0013416450,"EUR 1,27 CRED.FONCIER 19-",3.89,CBF&CBL
DE000MHB4305,"EUR FL.R MUENCHENER HYPOB",0.52,CBF&CBL
XS2234711294,"EUR 0,01 EIKA BOLIGKREDI ",0.52,CBF&CBL
FR001400A4J6,"EUR 1,50 SOCIETE DE FINAN",3.55,CBF&CBL
DE000LFA2014,"EUR 1,875 LFA FRDRBK.BAYE",2.14,CBF&CBL
AT0000A2YD34,"EUR 2,85 ERSTE GR.BK AG 2",7.50,CBF&CBL
DE000A3MQYQ9,"EUR 2,875 LAND BERLIN 23-",0.98,CBF&CBL
FR001400H8C5,"EUR 3,25 RATP (REGS) 23-2",13.66,CBF&CBL
BE0002970516,"EUR 3,625 BELFIUS BANK SA",0.72,CBF&CBL
XS2736443933,"EUR 3,603 OTP MORTG.BK LT",1.68,CBF&CBL
XS3033154629,"EUR 2,75 LANSFORSAKRINGAR",1.20,CBF&CBL
DE000BYL0DV4,"EUR FL.R BAYERISCH.LANDES",18.08,CBF&CBL
XS3391836510,"USD 4,25 FINNVERA PLC (RE",10.08,CBF&CBL
ES00000126U2,"EUR 0,00 SPAIN, KINGDOM O",5.85,CBF&CBL
XS1190974011,"EUR 1,573 BP CAPITAL MARK",5.00,CBF&CBL
BE6278433113,"EUR 1,961 WALLONE, REGION",9.27,CBF&CBL
DE000LB123R9,"EUR FL.R LBK BADEN-WUERTT",7.50,CBF&CBL
XS1940987313,"EUR 1,53 DNB BOLIGKREDIT ",3.78,CBF&CBL
DE000LB38200,"EUR FL.R LBK BADEN-WUERTT",7.50,CBF&CBL
XS2534912485,"EUR 2,50 ING BANK N.V. (R",1.18,CBF&CBL
FR001400XFB8,"EUR 3,125 CAISSE DES DEPO",5.12,CBF&CBL
XS3276197137,"GBP 4,125 DEXIA S.A (REGS",10.27,CBF&CBL
FR0014015NK4,"GBP 4,50 BQUE FED.CRED.MU",13.44,CBF&CBL
FI4000598776,"EUR 3,55 FINLAND REP.OF 2",5.43,CBF&CBL
DE000LB67YN2,"EUR 3,05 LBK BADEN-WUERTT",13.11,CBF&CBL
DE0001040228,"EUR 5,75 LKB BADEN-WUERTT",0.44,CBF&CBL
XS0109077486,"EUR 0,00 EUROP.INVEST.BK ",0.80,CBF&CBL
DE000NRW0FP3,"EUR 1,88 NORDRHEIN-WESTFA",0.89,CBF&CBL
FR0013139458,"EUR 1,27 COMP.FINA.FONCIE",1.73,CBF&CBL
BE0008542061,"EUR 0,00 BELGIUM, KINGDOM",16.87,CBF&CBL
FR0013257722,"EUR 1,875 HSBC CONTINENTA",26.35,CBF&CBL
FR0013269321,"EUR 1,35 HSBC CONTINENTA ",7.50,CBF&CBL
FR0014001GD3,"EUR 0,368 AFD 21-2046",11.40,CBF&CBL
FR00140060T5,"EUR 0,753 ALPES COTE D AZ",6.37,CBF&CBL
BE6343516074,"EUR FL.R COMMUNAUT FRANCA",4.64,CBF&CBL
DE000LB5DV21,"EUR 2,70 LBK BADEN-WUERTT",21.33,CBF&CBL
DE000HEL0DJ7,"EUR 2,50 LANDESBANK HESS-",11.55,CBF&CBL
DE000LB5US90,"EUR 2,35 LBK BADEN-WUERTT",7.50,CBF&CBL
XS3030309135,"GBP FL.R DZ BANK AG - FFT",7.50,CBF&CBL
DE000DJ9AV61,"EUR 2,10 DZ BANK AG - FFT",12.40,CBF&CBL
SK4000027876,"EUR 2,75 SLOVENSKA SPORIT",1.50,CBF&CBL
DE000LB4XCP1,"EUR FL.R LBK BADEN-WUERTT",21.06,CBF&CBL
DE000LB6GJX0,"EUR 2,10 LBK BADEN-WUERTT",7.50,CBF&CBL
DE000LB6GM85,"EUR 3,00 LBK BADEN-WUERTT",24.03,CBF&CBL
XS3393867224,"EUR FL.R SAP SE (REGS) 26",5.00,CBF&CBL
BE0008547110,"EUR 0,00 BELGIUM, KINGDOM",18.88,CBF&CBL
DE000HLB5K72,"EUR FL.R LANDESBANK HESS-",7.50,CBF&CBL
IT0005363004,"EUR FL.R INTESA SANPAOLO ",1.85,CBF&CBL
XS2050448336,"EUR 1,125 FASTIGHETS AB B",5.00,CBF&CBL
FR0013450632,"GBP 1,50 BQUE FED.CRED.MU",7.50,CBF&CBL
XS2099128055,"EUR 0,875 CA IMMO. ANLAGE",5.00,CBF&CBL
IT0005416570,"EUR 0,95 ITALY, REP.OF (B",0.46,CBF&CBL
DE000MHB25J1,"EUR 0,125 MUENCHENER HYPO",2.84,CBF&CBL
DE000A3H2TK9,"EUR 0,01 DZ HYP AG (REGS)",1.25,CBF&CBL
DE000NLB30B8,"EUR 3,25 NORD/LB GZ 22-20",7.50,CBF&CBL
FR001400JHS7,"EUR 3,375 SOCIETE GENERAL",1.31,CBF&CBL
XS3028070608,"GBP 4,375 NORDRHEIN-WESTF",0.93,CBF&CBL
XS3311914850,"EUR 3,375 ABN AMRO BK NV ",11.90,CBF&CBL
XS0224427160,"EUR 4,25 POLAND, REP.OF (",12.33,CBF&CBL
ES0000095986,"EUR FL.R GENERALITAT CATA",1.16,CBF&CBL
XS0904229795,"EUR 3,70 VOLVO TREAS.AB (",5.00,CBF&CBL
FR0012612661,"EUR 1,142 REGION BRETAGNE",1.74,CBF&CBL
FR0013409679,"EUR 2,062 SOCIETE GRAND 1",9.27,CBF&CBL
DE000A2TR6H3,"EUR 0,50 LAND, BRANDENBUR",3.64,CBF&CBL
DE000A289XG8,"EUR FL.R MERCEDES-BENZ (R",9.34,CBF&CBL
FR0014000WC4,"EUR 0,39 REG CENTRE-VAL (",9.80,CBF&CBL
FR001400X656,"EUR 3,50 PARIS, VILLE DE ",3.68,CBF&CBL
DE000LB6K621,"EUR 3,40 LBK BADEN-WUERTT",33.41,CBF&CBL
XS3455113186,"USD 4,375 L-BANK (REGS/57",1.33,CBF&CBL
DE000HEL0ZL6,"EUR 2,65 LANDESBANK HESS-",7.50,CBF&CBL
BE6302025323,"EUR 1,976 COMMUNAUT FRANC",10.07,CBF&CBL
XS1938391262,"EUR 1,564 ING BANK N.V. (",3.77,CBF&CBL
XS2251330184,"EUR 0,125 IBRD-WORLD BANK",5.12,CBF&CBL
DE000DK0YUH5,"EUR 0,01 DEKABANK (REGS) ",0.41,CBF&CBL
DE000LB38EU0,"EUR 2,65 LBK BADEN-WUERTT",7.50,CBF&CBL
DE000DW6C5B1,"EUR 3,70 DZ BANK AG - FFT",12.22,CBF&CBL
FI4000577952,"EUR 2,50 FINLAND REP.OF 2",1.84,CBF&CBL
DE000BYL0FY3,"EUR 2,30 BAYERISCH.LANDES",7.86,CBF&CBL
IT0005697591,"EUR 2,875 ICCREA BANCA SP",2.00,CBF&CBL
XS1709509258,"EUR 0,75 STADSHYP AB (PUB",0.38,CBF&CBL
DE000HLB4UH0,"EUR FL.R LANDESBANK HESS-",7.50,CBF&CBL
DE000A2TR6G5,"EUR 0,30 LAND, BRANDENBUR",6.18,CBF&CBL
DE000A254YH8,"EUR 0,55 BREMEN HANSTADT ",5.99,CBF&CBL
FR0013524642,"EUR 0,201 CREDIT AGRICOLE",7.50,CBF&CBL
DE000A30VH59,"EUR 2,00 BAUSPARK. SCHWA ",2.28,CBF&CBL
DE000MHB37J6,"EUR 3,25 MUENCHENER HYPOB",0.75,CBF&CBL
XS2748970402,"EUR 3,75 LANSFORSAKRINGA ",8.07,CBF&CBL
AT0000A3AWD2,"EUR 3,25 HYPO TIROL BANK ",0.94,CBF&CBL
FR001400QCS3,"EUR 3,125 CRH (REGS) 24-2",2.70,CBF&CBL
DE000A1RQEZ5,"EUR 2,50 HESSEN LAND (REG",1.73,CBF&CBL
FRCASA010613,"EUR 0,00 CREDIT AGRICOLE ",27.18,CBF&CBL
IT0005671273,"EUR 2,85 ITALY, REP.OF 25",2.13,CBF&CBL
DE000LB6K5Z7,"EUR 3,10 LBK BADEN-WUERTT",24.01,CBF&CBL
BE0000367764,"EUR 4,35 BELGIUM, KINGDOM",9.22,CBF&CBL
XS0709555634,"EUR 4,125 ORANGE (REGS/11",5.00,CBF&CBL
ES0001353392,"EUR 2,128 COMUNIDAD NAVAR",0.69,CBF&CBL
FR0013426368,"EUR 1,125 AEROPORTS DE PA",20.95,CBF&CBL
NL0015614611,"EUR 0,05 NATIONALE NL BAN",2.87,CBF&CBL
XS2264193819,"EUR 0,872 NATL.GRID TR.PL",33.62,CBF&CBL
BE6329238859,"EUR 1,225 BRUSSELS, REG. ",14.16,CBF&CBL
FR001400H9H2,"EUR 3,125 CREDIT AGR HOME",1.38,CBF&CBL
XS2651652492,"USD 4,865 NED.FIN.MAATSCH",0.38,CBF&CBL
DE000NLB4YT9,"EUR 2,70 NORD/LB GZ 24-20",7.50,CBF&CBL
XS2746110498,"GBP 4,00 ASIAN INFRA INV ",7.50,CBF&CBL
SK4000025284,"EUR 3,375 CESKOSLOVENSKA ",1.06,CBF&CBL
DE000DJ9ASR2,"EUR 3,10 DZ BANK AG - FFT",27.63,CBF&CBL
XS3090124960,"EUR 2,50 SR-BOLIGKREDITT ",1.28,CBF&CBL
XS1288314799,"EUR 1,782 PROV OF ALBERTA",5.35,CBF&CBL
IT0005248049,"EUR 0,00 ITALY, REP.OF (B",9.39,CBF&CBL
FR0013345485,"EUR 1,50 CAISSE FCSE DE (",3.22,CBF&CBL
IT0005337867,"EUR FL.R UNICREDIT SPA (R",0.37,CBF&CBL
XS2342058117,"EUR 0,625 HOLDING D'INF. ",6.07,CBF&CBL
DE000SLB1499,"EUR 1,91 LANDESBK SAAR 22",0.71,CBF&CBL
DE000A3MP601,"EUR 0,183 DZ HYP AG (REGS",0.40,CBF&CBL
AT0000A38239,"EUR 3,45 AUSTRIA, REP.OF ",2.08,CBF&CBL
DE000MHB38J4,"EUR 3,00 MUENCHENER HYPOB",2.14,CBF&CBL
DE000LB4W647,"EUR 2,625 LBK BADEN-WUERT",1.17,CBF&CBL
DE000BHY4US2,"EUR 2,75 LBK BADEN-WUERTT",1.84,CBF&CBL
BE0390188549,"EUR 3,80 COMMUNAUT FRANCA",4.48,CBF&CBL
DE000A4DFLX2,"EUR 2,875 THUERINGEN, FRE",1.60,CBF&CBL
FR0014012I73,"EUR 2,875 CAISSE FCSE DE ",1.78,CBF&CBL
ES0000012957,"EUR 0,00 SPAIN, KINGDOM O",2.05,CBF&CBL
FR0013047446,"EUR 1,583 COMP.FINA.FONCI",3.15,CBF&CBL
FR0013210416,"EUR 0,927 VEOLIA ENVT. (R",6.98,CBF&CBL
XS1739831748,"EUR 0,00 IBRD-WORLD BANK ",7.57,CBF&CBL
FR0013347143,"EUR 1,53 CAISSE FCSE DE (",3.62,CBF&CBL
FR0013372299,"EUR 1,125 SOCIETE GRAND (",0.98,CBF&CBL
XS2090807293,"EUR 1,00 ITALGAS SPA (REG",14.94,CBF&CBL
AT0000A2KRX1,"EUR 0,285 OBEROEST.LBK AG",6.36,CBF&CBL
BE0002753342,"EUR 0,556 BRUSSELS, REG. ",16.44,CBF&CBL
XS2463550702,"EUR 1,25 BNG BANK N.V. (R",3.30,CBF&CBL
DE000A351223,"EUR 2,75 HAMBURGER SPARK.",11.56,CBF&CBL
IT0005550188,"EUR 0,00 ITALY, REP.OF (B",4.79,CBF&CBL
XS2856144576,"EUR 2,875 LANDWIRT.RENTEN",1.77,CBF&CBL
DE000LB5EW03,"EUR 2,45 LBK BADEN-WUERTT",7.50,CBF&CBL
XS3269554690,"EUR 4,25 HUNGARY, REP.OF ",7.25,CBF&CBL
FR0013312774,"EUR 1,00 AFD (REGS) 18-20",0.95,CBF&CBL
BE0001784389,"EUR 1,50 VLAAMS GEMEENSCH",4.50,CBF&CBL
XS1947578321,"EUR 0,625 NEDERLAND.WATER",0.92,CBF&CBL
DE000DDA0X21,"EUR 0,575 DZ BANK AG - FF",8.82,CBF&CBL
XS2237447961,"EUR 1,125 FRESENIUS SE + ",17.72,CBF&CBL
XS2386592302,"EUR 0,375 ASN BANK N.V. (",4.33,CBF&CBL
EU000A3K4DE6,"EUR 1,125 EUROPEAN UNION ",2.25,CBF&CBL
DE000CZ43ZX7,"EUR 3,125 COMMERZBK AG (R",0.89,CBF&CBL
DE000LB5JR62,"EUR 2,85 LBK BADEN-WUERTT",17.02,CBF&CBL
XS3293865625,"GBP 4,125 AAREAL BK AG. (",1.09,CBF&CBL
XS3294947216,"USD 3,875 NRW.BANK (REGS/",2.00,CBF&CBL
IT0003535157,"EUR 5,00 ITALY(BTP-ABI 35",2.92,CBF&CBL
DE000NRW0FB3,"EUR 2,205 NORDRHEIN-WESTF",1.33,CBF&CBL
XS1180130939,"EUR 1,375 RABOBANK (2925)",7.50,CBF&CBL
DE000DG4UC04,"EUR FL.R DZ BANK AG - FFT",7.50,CBF&CBL
BE6308190865,"EUR 1,972 COMMUNAUT FRANC",10.68,CBF&CBL
IT0004534605,"EUR 0,00 ITALY, REP.OF (B",5.31,CBF&CBL
DE000A2YNVY3,"EUR 0,10 DT. PFANDBRIEFBA",0.48,CBF&CBL
EU000A284469,"EUR 0,30 EUROPEAN UNION (",5.09,CBF&CBL
EU000A3KNYG5,"EUR 0,45 EUROPEAN UNION (",4.16,CBF&CBL
DE000LB3MY86,"EUR 2,75 LBK BADEN-WUERTT",7.50,CBF&CBL
XS2528170777,"EUR 3,245 E.JP.RAIL CO. (",9.92,CBF&CBL
DE000A3H25W0,"EUR 2,625 BADEN-WUERTTEMB",1.59,CBF&CBL
DE000DJ9ARR4,"EUR 2,75 DZ BANK AG - FFT",7.77,CBF&CBL
AT0000A3HU25,"EUR 2,95 AUSTRIA, REP.OF ",3.77,CBF&CBL
DE000LB5Y7H6,"EUR 1,75 LBK BADEN-WUERTT",7.50,CBF&CBL
XS3091292451,"EUR 2,176 LAND SACHSEN AN",0.84,CBF&CBL
XS3222579610,"EUR 3,0025 AB SVENSK EXP ",4.16,CBF&CBL
DE000LB63W36,"EUR 3,45 LBK BADEN-WUERTT",26.38,CBF&CBL
FR0010809806,"EUR 0,00 FRANCE (OAT STRI",3.55,CBF&CBL
XS0913979190,"EUR 3,30 ORANGE (REGS/131",7.64,CBF&CBL
DE000A12T3S0,"EUR 0,215 SAECHS.AUFBAUBK",7.50,CBF&CBL
DE000A2AARF7,"EUR 0,556 LAND SACHSEN AN",0.50,CBF&CBL
ES0000012A63,"EUR 0,00 SPAIN, KINGDOM O",11.43,CBF&CBL
DE000HLB4XM4,"EUR 0,78 LANDESBANK HESS-",16.37,CBF&CBL
DE000A2TR109,"EUR 0,01 IB SCHLESWIG-HOL",9.79,CBF&CBL
DE000NLB3TX3,"EUR 0,50 NORD/LB GZ 21-20",16.06,CBF&CBL
FR0014005WO8,"EUR 0,267 CREDIT AGRICOLE",7.50,CBF&CBL
XS2408981103,"EUR 0,25 BNG BANK N.V. (R",2.99,CBF&CBL
BE0002848290,"EUR 1,71 BRUSSELS, REG. O",10.10,CBF&CBL
EU000A2SCAG3,"EUR 2,875 EFSF (REGS) 23-",3.99,CBF&CBL
XS2714464117,"EUR 3,505 KNAB N.V. 23-20",1.07,CBF&CBL
DE000BU25026,"EUR 2,10 BUNDES DEUTSCH 2",0.57,CBF&CBL
XS2765024414,"EUR 2,90 IBRD-WORLD BANK ",1.48,CBF&CBL
DE000LB5JDH2,"EUR 2,85 LBK BADEN-WUERTT",16.62,CBF&CBL
XS3180073572,"EUR 2,375 NATIONWIDE BS (",0.81,CBF&CBL
DE000DB9WJJ0,"EUR 2,00 DEUTSCHE BANK AG",7.61,CBF&CBL
IT0003748768,"EUR 0,00 ITALY, REP.OF (B",0.26,CBF&CBL
DE000LB1P2H2,"EUR FL.R LBK BADEN-WUERTT",7.50,CBF&CBL
BE0002586643,"EUR 0,875 BNP PARIBAS FOR",0.52,CBF&CBL
XS1984322450,"EUR 1,312 BRITISH COLUMBI",11.27,CBF&CBL
FR0013433828,"EUR 0,53 DEPART DES BOUCH",5.76,CBF&CBL
XS2156598281,"EUR 1,625 AKZO NOBEL NV (",10.56,CBF&CBL
XS2364196571,"EUR 0,66 NIBC BANK NV. (R",16.21,CBF&CBL
DE000A3E5SJ9,"EUR 0,125 LAND, BRANDENBU",1.15,CBF&CBL
DE000BLB9TM7,"EUR 3,05 BAYERISCH.LANDES",0.40,CBF&CBL
LU2591861021,"EUR 3,25 LUXEMBOURG, G-D ",4.05,CBF&CBL
DE000BLB9XN7,"EUR 2,85 BAYERISCH.LANDES",7.50,CBF&CBL
FR0010809707,"EUR 0,00 FRANCE (OAT STRI",2.69,CBF&CBL
XS1692485912,"EUR 0,75 MUNICIPALITY FIN",7.50,CBF&CBL
DE000LFA1834,"EUR 0,30 LFA FRDRBK.BAYER",2.07,CBF&CBL
DE000DFK0DU8,"EUR 0,20 DZ BANK AG - FFT",11.98,CBF&CBL
AT0000A35A67,"EUR 3,25 ERSTE GR.BK AG 2",7.50,CBF&CBL
XS2790172006,"EUR 2,875 STADSHYP AB (PU",0.86,CBF&CBL
DE000A30V380,"EUR 2,875 BREMEN HANSTADT",2.10,CBF&CBL
DE000A4PU1V2,"EUR 3,17 KFW 25-2035",2.73,CBF&CBL
XS3526057354,"USD 0,00 AUSTRIA, REP.OF ",0.53,CBF&CBL
ES0443307022,"EUR 3,68 KUTXABANK S.A. 1",3.85,CBF&CBL
IT0004976590,"EUR 0,00 ITALY, REP.OF (B",2.86,CBF&CBL
AT000B049663,"EUR 0,50 UNICREDIT BK AT ",1.24,CBF&CBL
FR0013373065,"EUR 1,50 AFD (REGS) 18-20",5.10,CBF&CBL
BE0001787408,"EUR 1,506 BRUSSELS, REG. ",7.18,CBF&CBL
XS2010044209,"EUR 0,50 SCHLUMBERGER FIN",12.79,CBF&CBL
XS2052313827,"EUR 1,625 LYB INT FIN II ",14.16,CBF&CBL
DE000DDA0W89,"EUR 0,95 DZ BANK AG - FFT",7.50,CBF&CBL
FR0013507878,"EUR 2,375 CAPGEMINI (REGS",15.36,CBF&CBL
FR0013518487,"EUR 0,25 UNEDIC (REGS) 20",1.45,CBF&CBL
DE000RLP1288,"EUR 0,375 RHEINLAND-PFALZ",4.03,CBF&CBL
DE000A3H2Y57,"EUR 0,125 LAND BERLIN 21-",1.83,CBF&CBL
XS2418730995,"EUR 0,125 ING BANK N.V. (",1.66,CBF&CBL
DE000A30VPD0,"EUR 2,50 DEUTSCHE BANK AG",1.80,CBF&CBL
FR001400JMA5,"EUR 3,373 CREDIT AGRICOLE",1.70,CBF&CBL
FR001400JMB3,"EUR 3,37 CREDIT AGRICOLE ",1.58,CBF&CBL
DE000DW6DAD3,"EUR FL.R DZ BANK AG - FFT",12.37,CBF&CBL
FR001400M402,"EUR 3,731 HOPITAUX PARIS ",4.66,CBF&CBL
XS2768185030,"EUR 3,125 SR-BOLIGKREDITT",1.62,CBF&CBL
DE000LB6JC19,"EUR 1,90 LBK BADEN-WUERTT",7.50,CBF&CBL
BE0008069180,"EUR 0,00 BELGIUM, KINGDOM",4.82,CBF&CBL
ES00000120W1,"EUR 0,00 SPAIN, KINGDOM O",4.79,CBF&CBL
IT0004976558,"EUR 0,00 ITALY, REP.OF (B",1.98,CBF&CBL
DE000DK0EWS0,"EUR FL.R DEKABANK 17-2027",7.50,CBF&CBL
XS1664627467,"EUR 1,628 ASN BANK N.V. (",3.38,CBF&CBL
FR0013327988,"EUR 1,75 CAPGEMINI (REGS)",5.00,CBF&CBL
FR0013336229,"EUR 1,50 CREDIT MUT ARK S",2.05,CBF&CBL
DE000DK0JSG2,"EUR FL.R DEKABANK 18-2028",7.50,CBF&CBL
FR0013350279,"EUR 1,52 COMP.FINA.FONCIE",3.64,CBF&CBL
XS2022175249,"EUR 0,076 DEUT.APOTHEKER ",0.69,CBF&CBL
DE000HLB4YK6,"EUR 0,375 LANDESBANK HESS",7.50,CBF&CBL
DE000NLB2815,"EUR 0,50 NORD/LB GZ 20-20",7.50,CBF&CBL
FR0013508686,"EUR 0,625 LA POSTE (REGS)",5.00,CBF&CBL
FR0013534435,"EUR 0,1998 ALPES COTE D A",2.82,CBF&CBL
FR0014000AU2,"EUR 0,00 AFD (REGS) 20-20",0.76,CBF&CBL
DE000LB5C5W5,"EUR 2,55 LBK BADEN-WUERTT",10.38,CBF&CBL
XS2897406513,"EUR 2,625 KOMMUNEKREDIT (",15.74,CBF&CBL
XS3218654880,"EUR 3,304 NORDEA BK ABP (",29.05,CBF&CBL
DE0001142636,"EUR 0,00 BRD (STRIPS COUP",0.81,CBF&CBL
FR0011470889,"EUR FL.R PARIS, VILLE DE ",2.06,CBF&CBL
XS1432384409,"EUR 1,875 TENNET NETHERLA",18.77,CBF&CBL
DE000A2E4DS6,"EUR 0,75 LAND SACHSEN ANH",0.42,CBF&CBL
BE0002598762,"EUR 1,00 BELFIUS BANK SA/",0.60,CBF&CBL
DE000A289DC9,"EUR 0,25 BASF SE (REGS) 2",5.00,CBF&CBL
DE000LB3RHH1,"EUR 2,89 LBK BADEN-WUERTT",8.90,CBF&CBL
XS2534984716,"EUR 2,625 COVENTRY BLD.SO",0.36,CBF&CBL
DE000A383C19,"EUR FL.R INVESTITIONSBK D",8.56,CBF&CBL
DE000LB5EVM5,"EUR 3,19 LBK BADEN-WUERTT",23.24,CBF&CBL
XS2895483787,"EUR FL.R TOR-DOMINION BK(",0.39,CBF&CBL
DE000HEL0PN3,"EUR 2,15 LANDESBANK HESS-",7.60,CBF&CBL
XS3478188876,"EUR 3,805 OP CORPOR BK PL",25.04,CBF&CBL
DE000A168Y48,"EUR 1,25 KFW (REGS) 16-20",3.25,CBF&CBL
DE000A2GSMK7,"EUR 1,50 DEUT.GENOSS-HYPO",3.52,CBF&CBL
DE000A2G8W08,"EUR 1,316 BREMEN HANSTADT",2.81,CBF&CBL
DE000A2G9HD6,"EUR 0,75 DEUT.GENOSS-HYPO",0.36,CBF&CBL
FR0013404464,"EUR 1,21 BPCE (REGS) 19-2",8.55,CBF&CBL
XS2169243479,"EUR 0,375 SWISSCOM FIN (R",5.71,CBF&CBL
XS2331271242,"EUR 0,625 DEUTSCHE BAHN A",20.38,CBF&CBL
XS2454764429,"EUR 0,125 CNCL.EU DEV.BK ",0.10,CBF&CBL
DE000DW6DAL6,"EUR 3,80 DZ BANK AG - FFT",10.54,CBF&CBL
XS2708405662,"USD 5,125 FINNVERA PLC (R",5.00,CBF&CBL
DE000A3512S0,"EUR 2,625 EMISSIONSKONSOR",1.43,CBF&CBL
FR001400Q494,"EUR 3,125 CAISSE FCSE DE ",3.15,CBF&CBL
DE000WBP0BL7,"EUR 2,75 WUESTENROT BSPK ",1.53,CBF&CBL
DE000A460KA5,"EUR 2,50 HAMBURGER SPARK.",9.33,CBF&CBL
AT000B050018,"EUR FL.R UNICREDIT BK AT ",0.91,CBF&CBL
EU000A1G0DR4,"EUR 0,75 EFSF (REGS) 17-2",0.72,CBF&CBL
XS1679793353,"EUR 1,35 ASN BANK N.V. (2",2.07,CBF&CBL
ES0000106619,"EUR 1,45 BASQUE COUNTRY 1",0.76,CBF&CBL
DE000A1RQDD4,"EUR 1,30 HESSEN LAND (REG",4.15,CBF&CBL
XS2436159847,"EUR 0,125 ROYAL BK.CANADA",0.40,CBF&CBL
DE000SLB4SA6,"EUR 1,75 LANDESBK SAAR 22",1.96,CBF&CBL
DE000LB38986,"EUR 3,49 LBK BADEN-WUERTT",21.23,CBF&CBL
DE000HEL4BZ9,"EUR 4,00 LANDESBANK HESS-",24.97,CBF&CBL
IT0003745541,"EUR 2,35 ITALY (BTP ABI-3",6.53,CBF&CBL
IT0004976848,"EUR 0,00 ITALY, REP.OF (R",6.34,CBF&CBL
XS1585010074,"EUR 1,125 NOVARTIS FIN SA",5.00,CBF&CBL
XS1999841445,"EUR 0,01 KFW (REGS) 19-20",0.39,CBF&CBL
FR0013482841,"EUR 0,375 LVMH (REGS) 20-",10.30,CBF&CBL
DE000A3H25B4,"EUR 0,01 THUERINGEN, FREI",1.54,CBF&CBL
XS2348690350,"EUR 0,125 ASFINAG(AT) (RE",2.35,CBF&CBL
DE000A3E5VK1,"EUR XXX LEG IMMOBILIEN (R",13.99,CBF&CBL
XS2620722152,"EUR 3,25 DANSKE BANK AS (",0.36,CBF&CBL
ES0000012M44,"EUR 0,00 SPAIN, KINGDOM O",5.53,CBF&CBL
DE000DJ9AQ92,"EUR 2,45 DZ BANK AG - FFT",24.27,CBF&CBL
BE0001769232,"EUR 1,392 VLAAMS GEMEENSC",8.45,CBF&CBL
XS1852086211,"EUR 0,75 DEUT.APOTHEKER (",0.62,CBF&CBL
DE000LB13AQ9,"EUR 1,02 LBK BADEN-WUERTT",8.57,CBF&CBL
DE000NLB3A66,"EUR 0,65 NORD/LB GZ 20-20",12.23,CBF&CBL
XS2489808852,"EUR 2,689 ING BANK N.V. (",1.73,CBF&CBL
DE000NLB4TW3,"EUR 4,075 NORD/LB GZ 23-2",26.37,CBF&CBL
EU000A2SCAH1,"EUR 3,00 EFSF (REGS) 23-2",1.55,CBF&CBL
IT0005549396,"EUR 3,50 CA ITALIA SPA (R",1.18,CBF&CBL
DE000A383F73,"EUR 2,50 HAMBURGER SPARK.",7.50,CBF&CBL
DE000SLB1655,"EUR FL.R LANDESBK SAAR 25",0.71,CBF&CBL
DE000NLB50J9,"EUR 2,20 NORD/LB GZ 25-20",7.50,CBF&CBL
DE000BU0E345,"EUR 0,00 BUNDES DEUTSCH 1",0.05,CBF&CBL
DE000HEL0SP2,"EUR 1,90 LANDESBANK HESS-",7.50,CBF&CBL
DE000NLB54K9,"EUR FL.R NORD/LB GZ 26-20",0.92,CBF&CBL
IT0003269039,"EUR 0,00 ITALY, REP.OF (B",3.01,CBF&CBL
BE0002484591,"EUR 1,296 BELFIUS BANK SA",4.10,CBF&CBL
FR0013436821,"EUR 0,5855 AGENCE FRAN.LO",5.07,CBF&CBL
XS2177441990,"EUR 1,201 TEL.EMISIONES S",5.00,CBF&CBL
XS2251782160,"EUR 0,01 KOMMUNEKREDIT (R",22.49,CBF&CBL
DE000SLB8635,"EUR 0,25 LANDESBK SAAR 21",7.50,CBF&CBL
FR0014003LY5,"EUR 0,895 BOURGOGNE FRANC",7.05,CBF&CBL
XS2391861064,"EUR 0,375 LINDE PLC (REGS",17.29,CBF&CBL
AT0000A2VB47,"EUR 0,00 AUSTRIA, REP.OF ",1.11,CBF&CBL
DE000DJ9AD55,"EUR 2,75 DZ BANK AG - FFT",7.96,CBF&CBL
XS2979655573,"EUR FL.R AKTIA BANK PLC (",7.50,CBF&CBL
DE000NLB5CM7,"EUR 3,00 NORD/LB GZ 25-20",20.00,CBF&CBL
FR001400ZAD0,"EUR 3,25 UNEDIC (REGS) 25",3.36,CBF&CBL
ES04139000B5,"EUR 2,875 BCO SANTANDER (",2.01,CBF&CBL
FR00140182G4,"EUR 3,25 CAISSE FCSE DE (",1.82,CBF&CBL
DE000HEL0Y91,"EUR FL.R LANDESBANK HESS-",14.73,CBF&CBL
DE000A11QAW2,"EUR 1,98 DT. PFANDBRIEFBA",1.31,CBF&CBL
BE0002245141,"EUR 1,55 BELFIUS BANK SA/",3.77,CBF&CBL
DE000BLB4QH4,"EUR FL.R BAYERISCH.LANDES",7.50,CBF&CBL
DE000LFA1800,"EUR 0,75 LFA FRDRBK.BAYER",1.70,CBF&CBL
FR0013418639,"EUR 1,186 BPCE SFH (REGS)",3.92,CBF&CBL
DE000LB520L9,"EUR 2,50 LBK BADEN-WUERTT",10.71,CBF&CBL
SK4000027090,"EUR 0,00 CESKOSLOVENSKA O",1.37,CBF&CBL
DE000WBP0BN3,"EUR 2,75 WUESTENROT BSPK ",1.73,CBF&CBL
DE000DP9BGL0,"EUR 2,89 DZ BANK AG - FFT",22.07,CBF&CBL
DE000A460NE1,"EUR 2,45 INVESTITIONSBK D",7.50,CBF&CBL
AT0000A3WQC0,"EUR 3,25 RAIFFEISEN-LAND ",1.64,CBF&CBL
AT0000A3WV33,"EUR 3,25 RAIFFEISENLANDES",1.83,CBF&CBL
FR001401AV48,"EUR 3,875 CARMILA SAS (RE",14.42,CBF&CBL
FR0010171975,"EUR 4,00 FRANCE (OAT) 05-",3.63,CBF&CBL
FR0013220266,"EUR 1,875 APRR (REGS) 16-",10.86,CBF&CBL
ES0000012C61,"EUR 0,00 SPAIN, KINGDOM O",6.75,CBF&CBL
DE000A1RQDV6,"EUR 0,10 HESSEN LAND 20-2",1.77,CBF&CBL
FR0013495181,"EUR 0,571 DANONE (REGS) 2",5.00,CBF&CBL
XS2199484929,"EUR 0,01 SPAREBANKEN NOR ",0.36,CBF&CBL
XS2303052695,"EUR 0,75 CTP N.V. (REGS/3",5.00,CBF&CBL
BE0008579436,"EUR 0,00 BELGIUM, KINGDOM",22.81,CBF&CBL
DE000BLB9S08,"EUR 3,35 BAYERISCH.LANDES",18.10,CBF&CBL
XS2679277587,"EUR 3,31 COOPERATIEVE RA ",3.37,CBF&CBL
XS3004243179,"EUR 2,625 SOR BOLIGKREDIT",1.50,CBF&CBL
XS3310478568,"EUR 3,00 ROYAL BK.CANADA ",2.15,CBF&CBL
XS3427413128,"EUR 3,00 ACHMEA BANK N.V ",1.99,CBF&CBL
XS1076263448,"EUR FL.R RED ELECTRICA FI",6.59,CBF&CBL
FR0012685691,"EUR 0,625 REG. ILE DE FRA",0.48,CBF&CBL
XS3170286283,"EUR 3,00 ING BANK N.V. (R",2.54,CBF&CBL
FR0014013E84,"EUR 2,50 BPCE SFH (REGS) ",1.06,CBF&CBL
DE000LB6GM10,"EUR 2,10 LBK BADEN-WUERTT",7.50,CBF&CBL
XS3273288244,"EUR FL.R AKTIA BANK PLC (",7.56,CBF&CBL
DE000HEL0WC2,"EUR 2,15 LANDESBANK HESS-",7.50,CBF&CBL
XS0138037733,"GBP 6,00 KFW (REGS) 01-20",0.97,CBF&CBL
DE0001142669,"EUR 0,00 BRD 05-2033",1.51,CBF&CBL
XS0877572346,"EUR 3,55 DEUT.TKOM.INT.FI",14.52,CBF&CBL
XS1048099367,"EUR 3,068 POHJOLA BANK PL",20.98,CBF&CBL
BE6301674691,"EUR FL.R COMMUNAUT FRANCA",4.41,CBF&CBL
DE000A2DAF77,"EUR 1,25 WIRTSCHAFTS-INFR",3.06,CBF&CBL
FR0013421799,"EUR 0,625 BPCE SFH (REGS)",1.64,CBF&CBL
XS2082333787,"EUR 0,30 DEKABANK (REGS/1",7.50,CBF&CBL
DE000HLB40S3,"EUR 0,70 LANDESBANK HESS-",23.29,CBF&CBL
XS2242193261,"EUR 0,25 HYPO VORARLBERG ",7.50,CBF&CBL
XS2397538252,"EUR 1,375 HOLCIM FIN.(LU)",25.39,CBF&CBL
FR0014006H15,"EUR 0,728 OCCITANIE, REG ",6.86,CBF&CBL
FR001400AKS0,"EUR 1,70 SOCIETE GENERALE",1.61,CBF&CBL
DE000DB9VFK8,"EUR 3,80 DEUTSCHE BANK AG",7.50,CBF&CBL
DE000A14JZ53,"EUR FL.R BADEN-WUERTTEMBE",0.39,CBF&CBL
EU000A3L72Y4,"EUR 2,875 EUROP.INVEST.BK",1.61,CBF&CBL
DE000A4D6AJ5,"EUR FL.R BMW US CAP.LLC (",5.00,CBF&CBL
DE000A383RG1,"EUR 2,75 KSPK.KOELN 25-20",1.29,CBF&CBL
EU000A4EJ3Q5,"EUR 0,00 EUROPEAN UNION 0",0.03,CBF&CBL
DE000LB696P8,"EUR 2,80 LBK BADEN-WUERTT",10.30,CBF&CBL
IT0004848443,"EUR 0,00 ITALY, REP.OF (B",0.08,CBF&CBL
BE0002464395,"EUR 2,864 BRUSSELS, REG. ",1.77,CBF&CBL
DE000NRW0JV3,"EUR 0,75 NORDRHEIN-WESTFA",4.73,CBF&CBL
DE000DG4UAU6,"EUR FL.R DZ BANK AG - FFT",7.50,CBF&CBL
XS1800563436,"EUR 1,445 SWEDBANK MORTGA",3.57,CBF&CBL
DE000DDA0WR8,"EUR FL.R DZ BANK AG - FFT",10.88,CBF&CBL
XS2619751576,"EUR 3,875 SEB (REGS/327) ",7.50,CBF&CBL
DE000A383TH5,"EUR FL.R KFW 25-2030",0.55,CBF&CBL
XS3036080367,"EUR 2,375 NORDEA MORTGAGE",0.59,CBF&CBL
DE000CZ457V6,"EUR 2,625 COMMERZBK AG (R",1.47,CBF&CBL
XS3412551551,"EUR 3,084 BK.NOVA SCOTIA ",1.41,CBF&CBL
DE0001108835,"EUR 0,00 BUNDES DEUTSCH (",4.86,CBF&CBL
DE000LB1P5R4,"EUR FL.R LBK BADEN-WUERTT",7.50,CBF&CBL
IT0005340606,"EUR FL.R UNICREDIT SPA (R",0.37,CBF&CBL
DE000RLP1171,"EUR 0,05 RHEINLAND-PFALZ ",1.14,CBF&CBL
FR0014005P24,"EUR 0,58 OCCITANIE, REG 2",6.29,CBF&CBL
DE000HLB42M2,"EUR 1,50 LANDESBANK HESS-",0.40,CBF&CBL
BE0002864453,"EUR 2,215 BRUSSELS, REG. ",7.80,CBF&CBL
DE0001108918,"EUR 0,00 BUNDES DEUTSCH 2",1.44,CBF&CBL
DE000DJ9AGN6,"EUR 3,15 DZ BANK AG - FFT",19.70,CBF&CBL
DE000A352AH0,"EUR 2,25 LAND SACHSEN ANH",0.85,CBF&CBL
XS3092023178,"EUR 2,625 MUNICIPALITY FI",17.14,CBF&CBL
DE000LB59A46,"EUR 2,70 LBK BADEN-WUERTT",18.52,CBF&CBL
DE000A46ZWZ6,"EUR 3,25 THUERINGEN, FREI",2.58,CBF&CBL
EU000A4E0ET7,"EUR 3,25 EUROP.INVEST.BK ",1.13,CBF&CBL
FR0000578601,"EUR 0,00 FRANCE (OAT STRI",1.58,CBF&CBL
XS0611783928,"EUR 4,25 RESEAU FERRE FR ",0.72,CBF&CBL
FR0011461482,"EUR 0,00 FRANCE (OAT STRI",0.90,CBF&CBL
XS1186684137,"EUR 1,125 SNCF RESEAU (RE",2.57,CBF&CBL
XS1652866002,"EUR 1,375 TERNA RETE. SPA",5.00,CBF&CBL
DE000A2G9HF1,"EUR 1,035 DZ HYP AG 18-20",1.64,CBF&CBL
FR0013462447,"EUR 0,26 AUVERGNE- RHONE ",2.27,CBF&CBL
FR0014000493,"EUR 0,487 CLLCTV EU ALSAC",11.06,CBF&CBL
FR0014000L31,"EUR 0,00 UNEDIC (REGS) 20",1.91,CBF&CBL
BE0000354630,"EUR 0,35 BELGIUM, KINGDOM",3.67,CBF&CBL
XS2590764713,"EUR 3,00 BNG BANK N.V. (R",0.54,CBF&CBL
BE6350223218,"EUR 1,00 ARGENTA SPAARBAN",2.15,CBF&CBL
AT0000A3J0L9,"EUR 2,625 RAIFFEISENVERBA",1.66,CBF&CBL
DE000SHFM1G4,"EUR 2,875 SCHLESWIG-HOLST",2.44,CBF&CBL
DE000NRW0P81,"EUR FL.R NORDRHEIN-WESTFA",0.81,CBF&CBL
XS3520589717,"USD 0,00 AUSTRIA, REP.OF ",0.53,CBF&CBL
DE0001142131,"EUR 0 BRD (STRIPS)00-2030",0.81,CBF&CBL
XS0440592748,"EUR 5,375 E.ON INTL.FIN. ",25.48,CBF&CBL
DE000NRW0B79,"EUR FL.R NORDRHEIN-WESTFA",1.17,CBF&CBL
DE000DK0JR40,"EUR FL.R DEKABANK 18-2027",7.50,CBF&CBL
DE000NRW0KW9,"EUR FL.R NORDRHEIN-WESTFA",1.61,CBF&CBL
DE000BLB7T41,"USD 0,00 BAYERISCH.LANDES",22.50,CBF&CBL
DE000SLB8536,"EUR 0,75 LANDESBK SAAR 20",13.95,CBF&CBL
FR001400CHQ6,"EUR 2,00 BPIFRANCE (REGS)",2.72,CBF&CBL
AT0000A33TK5,"EUR FL.R ERSTE GR.BK AG (",18.84,CBF&CBL
DE000LB5Y7S3,"EUR 3,00 LBK BADEN-WUERTT",24.96,CBF&CBL
FI4000592142,"EUR 2,625 SUOMEN HYPOTEEK",1.51,CBF&CBL
IT0005715724,"EUR 3,50 CA ITALIA SPA (R",2.87,CBF&CBL
XS3437584488,"GBP 4,279 NED.FIN.MAATSCH",1.22,CBF&CBL
XS0939098363,"EUR 3,38 RESEAU FERRE FR ",10.33,CBF&CBL
XS1107718279,"EUR 1,25 EUROP.INVEST.BK ",0.04,CBF&CBL
BE6301810113,"EUR 1,652 COMMUNAUT FRANC",6.61,CBF&CBL
FR001400FTI1,"EUR 3,625 ACTION LOGEMENT",7.76,CBF&CBL
XS2625207571,"USD 5,375 BANK GOSPODARST",18.83,CBF&CBL
DE0001053742,"EUR 3,372 BAYERN, FREISTA",4.94,CBF&CBL
XS2753429047,"EUR 4,00 HUNGARY, REP.OF ",3.49,CBF&CBL
AT0000A39M93,"EUR 2,75 ERSTE GR.BK AG 2",7.50,CBF&CBL
XS2853557374,"EUR 2,625 COVENTRY BLD.SO",1.04,CBF&CBL
XS3107187265,"EUR 3,35 NORDEA BK ABP (R",23.42,CBF&CBL
BE0390281500,"EUR 3,50 WALLONE, REGION ",3.98,CBF&CBL
DE000A4DFT90,"EUR FL.R IB SCHLESWIG-HOL",22.78,CBF&CBL
XS0215438705,"EUR 5,2975 AUSTRIA, REP.O",2.53,CBF&CBL
FR0010871053,"EUR 0,00 FRANCE (OAT STRI",7.71,CBF&CBL
AT0000A0VRQ6,"EUR 3,15 AUSTRIA, REP.OF ",6.41,CBF&CBL
ES00000126N7,"EUR 0,00 SPAIN, KINGDOM O",4.19,CBF&CBL
FR0012467942,"EUR 1,25 CAISSE FCSE DE (",2.53,CBF&CBL
DE000HSH4ZK0,"EUR FL.R HAMBURG COM BK (",11.94,CBF&CBL
XS1501560848,"EUR 0,125 AFRICAN DEV.BK ",0.34,CBF&CBL
DE000HLB4T74,"EUR FL.R LANDESBANK HESS-",7.50,CBF&CBL
DE000SLB8031,"EUR 1,25 LANDESBK SAAR 18",7.51,CBF&CBL
XS1952576475,"EUR 0,75 ING BANK N.V. (R",0.85,CBF&CBL
XS2109606603,"EUR 0,05 NEDERLAND.WATER.",1.30,CBF&CBL
FR0014000YF3,"EUR 0,498 MARSEILLE, VILL",8.66,CBF&CBL
ES0000012G75,"EUR 0,00 SPAIN, KINGDOM O",1.75,CBF&CBL
XS2586942448,"EUR 2,75 KFW (REGS) 23-20",2.11,CBF&CBL
DE000LB39DH7,"EUR 3,589 LBK BADEN-WUERT",23.99,CBF&CBL
IT0005622128,"EUR 2,70 ITALY, REP.OF (B",0.51,CBF&CBL
XS2972963883,"EUR FL.R VOLVO TREAS.AB (",5.00,CBF&CBL
XS3002396680,"EUR 2,471 KNAB N.V. (REGS",0.36,CBF&CBL
DE000LB57NC9,"EUR 3,00 LBK BADEN-WUERTT",22.96,CBF&CBL
DE000DJ9AZ42,"EUR 2,15 DZ BANK AG - FFT",10.85,CBF&CBL
AT0000A3TKA3,"EUR 3,00 ERSTE GR.BK AG 2",15.04,CBF&CBL
XS3408819749,"EUR 2,75 SWEDEN, KINGDOM ",1.16,CBF&CBL
AT0000A3VEB0,"EUR 3,50 ERSTE GR.BK AG 2",26.36,CBF&CBL
DE000HEL0X19,"EUR 2,50 LANDESBANK HESS-",7.50,CBF&CBL
XS0333688447,"EUR 5,215 ASN BANK N.V. (",7.50,CBF&CBL
ES00000128E2,"EUR 3,45 SPAIN, KINGDOM O",5.89,CBF&CBL
XS1855439276,"EUR 1,50 SWEDBANK MORTGAG",5.80,CBF&CBL
AT0000A2GH08,"EUR 0,875 ERSTE GR.BK AG ",7.50,CBF&CBL
XS2188802404,"EUR FL.R UNICREDIT BK CZ ",0.47,CBF&CBL
FR0013530482,"EUR 0,758 PARIS, VILLE DE",14.39,CBF&CBL
FR0014001IP3,"EUR 0,625 LA POSTE (REGS)",21.89,CBF&CBL
DE000HCB0BC0,"EUR 0,10 HAMBURG COM BK (",0.74,CBF&CBL
DE000A2YNWC7,"EUR 3,25 ING DIBA AG (REG",0.49,CBF&CBL
AT000B067251,"EUR 3,125 RAIFFEISENLANDE",0.51,CBF&CBL
DE000LB5R750,"EUR 2,25 LBK BADEN-WUERTT",7.50,CBF&CBL
DE000HEL0F52,"EUR FL.R LANDESBANK HESS-",11.31,CBF&CBL
DE000DJ9AXW2,"EUR 2,10 DZ BANK AG - FFT",10.03,CBF&CBL
IT0003748834,"EUR 0,00 ITALY, REP.OF (S",2.24,CBF&CBL
FR0013366945,"EUR 1,46 ALPES COTE D AZU",6.01,CBF&CBL
DE000A2LQ587,"EUR 0,875 NIEDERSACHSEN L",0.71,CBF&CBL
XS2681334962,"EUR 3,125 CNCL.EU DEV.BK ",0.49,CBF&CBL
DE000HV2AZ37,"EUR 3,24 UNICREDIT BANK (",2.04,CBF&CBL
IT0005566408,"EUR 4,10 ITALY, REP.OF (B",1.32,CBF&CBL
IT0005550212,"EUR 0,00 ITALY, REP.OF (B",5.36,CBF&CBL
DE000DJ9AUF3,"EUR 2,00 DZ BANK AG - FFT",7.50,CBF&CBL
FR00140114K9,"EUR 3,083 CREDIT AGRICOLE",16.59,CBF&CBL
ES0305229009,"EUR 3,38 PROSEGUR CA 25-2",11.58,CBF&CBL
XS1551914143,"EUR FL.R SPAREBNK 1 BOLIK",0.39,CBF&CBL
FR0013256369,"EUR 1,00 BPIFRANCE (REGS)",0.72,CBF&CBL
DE000NRW0KZ2,"EUR 1,65 NORDRHEIN-WESTFA",3.54,CBF&CBL
FR0013387255,"EUR 1,494 COMP.FINA.FONCI",3.75,CBF&CBL
DE000DK0Q4P9,"EUR 0,753 DEKABANK 19-202",7.50,CBF&CBL
FR0014005N34,"EUR 0,01 CAISSE FCSE DE (",1.07,CBF&CBL
XS2551280436,"EUR 3,75 SVENSKA HBN.(PUB",7.50,CBF&CBL
FRCASA010316,"EUR 0,00 CREDIT AGRICOLE ",24.98,CBF&CBL
DE000A383QB4,"EUR 3,419 NIEDERSACHSEN L",0.38,CBF&CBL
FR001400QN09,"EUR 3,00 CREDIT AGRICOLE ",1.27,CBF&CBL
DE000LB51CS1,"EUR 2,90 LBK BADEN-WUERTT",14.97,CBF&CBL
DE000LB5ZJJ1,"EUR 2,22 LBK BADEN-WUERTT",7.50,CBF&CBL
DE000DP9BHN4,"EUR 2,25 DZ BANK AG - FFT",7.50,CBF&CBL
FR0000578544,"EUR 0,00 FRANCE (OAT STRI",0.04,CBF&CBL
FR0010371401,"EUR 4,00 FRANCE (REGS OAT",2.21,CBF&CBL
IT0004848690,"EUR 0,00 ITALY, REP.OF (R",5.04,CBF&CBL
XS1023649962,"EUR 3,40 VOLKSWAGEN INTL.",18.75,CBF&CBL
DE000BLB41N5,"EUR FL.R BAYERISCH.LANDES",7.50,CBF&CBL
XS1716825507,"EUR 0,75 SEB (REGS/308) 1",0.40,CBF&CBL
DE000HLB4ZA4,"EUR 0,67 LANDESBANK HESS-",11.78,CBF&CBL
DE000SLB4238,"EUR 0,20 LANDESBK SAAR 21",1.83,CBF&CBL
ES0000090896,"EUR 2,40 JUNTA DE ANDALUC",2.35,CBF&CBL
DE000AAR0371,"EUR 3,00 AAREAL BK AG. (R",0.36,CBF&CBL
DE000BU4Z037,"EUR 0,00 BUNDES DEUTSCH 2",1.53,CBF&CBL
AT0000A38ND2,"EUR 3,59 ERSTE GR.BK AG 2",18.93,CBF&CBL
DE000DJ9AF87,"EUR 3,30 DZ BANK AG - FFT",7.50,CBF&CBL
XS2895769086,"EUR 2,75 AB SVENSK EXP (R",2.61,CBF&CBL
DE000DJ9APZ1,"EUR 2,68 DZ BANK AG - FFT",7.50,CBF&CBL
XS3101504952,"EUR 3,375 FERROVIE DEL ST",15.49,CBF&CBL
DE000LB664C4,"EUR 2,75 LBK BADEN-WUERTT",12.83,CBF&CBL
XS0731209341,"EUR 4,00 TELIASONERA  AB ",5.00,CBF&CBL
DE000LB0EC02,"EUR FL.R LBK BADEN-WUERTT",12.60,CBF&CBL
FR0012697977,"EUR 0,57 SOCIETE GEN.SFH ",0.73,CBF&CBL
DE000NLB85X6,"EUR 0,25 NORD/LB GZ (REGS",0.36,CBF&CBL
XS2069304033,"EUR 0,01 SOR BOLIGKREDITT",0.36,CBF&CBL
XS2388161650,"GBP 0,75 INTL.DEVEL..ASSO",0.87,CBF&CBL
DE000DJ9AFL2,"EUR FL.R DZ BANK AG - FFT",7.98,CBF&CBL
DE000BU4K070,"EUR 0,00 BUNDES DEUTSCH 2",1.97,CBF&CBL
XS2944915201,"EUR FL.R VOLVO TREAS.AB (",5.00,CBF&CBL
BE6365675501,"EUR 0,00 VLAAMS GEMEENSCH",1.78,CBF&CBL
IT0005669400,"EUR 3,50 DOLOMITI ENERGI ",11.46,CBF&CBL
AT0000A3TF46,"EUR 3,125 ERSTE GR.BK AG ",1.53,CBF&CBL
XS3364790611,"EUR 3,25 DEXIA S.A (REGS)",11.36,CBF&CBL
XS0162513211,"EUR 5,75 E.ON INTL.FIN. (",16.12,CBF&CBL
SK4120005505,"EUR 4,95 SLOVENSKA SPORIT",0.40,CBF&CBL
XS1138687592,"USD 5,01 SPAIN, KINGDOM O",7.58,CBF&CBL
FR0013291473,"EUR 1,53 BPCE SFH (REGS) ",3.44,CBF&CBL
DE000AAR0256,"EUR 0,01 AAREAL BK AG. (R",0.36,CBF&CBL
DE000HLB4Z92,"EUR 0,37 LANDESBANK HESS-",7.50,CBF&CBL
DE000A3MP684,"EUR 1,625 DZ HYP AG (REGS",1.61,CBF&CBL
XS2502402360,"EUR 2,125 DEKABANK (REGS)",1.99,CBF&CBL
FR001400KZZ2,"EUR 4,125 CREDIT MUTU ARK",14.55,CBF&CBL
XS2796662323,"GBP 4,125 NRW.BANK (REGS/",1.13,CBF&CBL
DE000DJ9AM88,"EUR 2,60 DZ BANK AG - FFT",7.50,CBF&CBL
XS2982106903,"USD FL.R MUNICIPALITY FIN",7.50,CBF&CBL
XS3002552134,"EUR FL.R NOVO NORDISK NL ",5.00,CBF&CBL
SI0002105326,"EUR FL.R SLOVENIA REP.OF ",3.70,CBF&CBL
BE0390360320,"EUR 3,50 BELFIUS BANK SA/",2.73,CBF&CBL
XS1419646317,"EUR 1,50 BNP PARIBAS (REG",7.50,CBF&CBL
ES0413679590,"EUR FL.R BANKINTER (REGS)",1.00,CBF&CBL
XS3195051647,"EUR 2,50 ABN AMRO BK NV (",1.05,CBF&CBL
DE000DP9BJR1,"EUR 2,30 DZ BANK AG - FFT",14.80,CBF&CBL
FI4000606223,"USD 0,00 FINLAND REP.OF 1",0.43,CBF&CBL
DE000DFK0CL9,"EUR 0,30 DZ BANK AG - FFT",13.32,CBF&CBL
ES0000090888,"EUR 0,70 JUNTA DE ANDALUC",2.96,CBF&CBL
EU000A1Z99Q7,"EUR 1,00 ESM (REGS) 22-20",0.16,CBF&CBL
IT0005500068,"EUR 2,65 ITALY, REP.OF (B",0.57,CBF&CBL
ES0465936054,"EUR 0,75 ABANCA CORP BAN ",0.94,CBF&CBL
EU000A1G0EP6,"EUR 0,125 EFSF (REGS) 22-",2.47,CBF&CBL
ES0000012L60,"EUR 3,90 SPAIN, KINGDOM O",3.72,CBF&CBL
DE000NLB4UC3,"EUR FL.R NORD/LB GZ 23-20",7.50,CBF&CBL
DE000DJ9ACS4,"EUR 4,00 DZ BANK AG - FFT",29.82,CBF&CBL
ES0000012M77,"EUR 2,50 SPAIN, KINGDOM O",0.29,CBF&CBL
DE000BYL0C56,"USD 4,225 BAYERISCH.LANDE",0.39,CBF&CBL
XS3099809306,"EUR 2,75 CNCL.EU DEV.BK (",1.71,CBF&CBL
FR0014016WI7,"EUR 3,71 BPCE SFH (REGS) ",4.59,CBF&CBL
DE000LB601C6,"EUR 2,95 LBK BADEN-WUERTT",20.00,CBF&CBL
ES0413900608,"EUR 0,10 BANCO SANTANDER ",1.74,CBF&CBL
DE000A289KU6,"EUR 0,125 BREMEN HANSTADT",1.23,CBF&CBL
FR0014000667,"EUR 0,00 UNEDIC (REGS) 20",0.99,CBF&CBL
ES0000012I32,"EUR 0,50 SPAIN, KINGDOM O",2.23,CBF&CBL
DE000LB3NEJ3,"EUR 2,97 LBK BADEN-WUERTT",16.39,CBF&CBL
DE000A289L96,"EUR 2,255 AAREAL BK AG. 2",0.40,CBF&CBL
XS2717426220,"EUR 3,375 DNB BOLIGKREDIT",0.74,CBF&CBL
IT0005550410,"EUR 0,00 ITALY, REP.OF (B",7.65,CBF&CBL
DE000LB5DUW8,"EUR 2,10 LBK BADEN-WUERTT",7.50,CBF&CBL
XS3017208235,"EUR 3,00 LANDESBANK HESS-",16.32,CBF&CBL
DE000LB52L57,"EUR 2,90 LBK BADEN-WUERTT",20.17,CBF&CBL
XS3295888237,"EUR 2,50 DANSKE BANK AS (",1.17,CBF&CBL
DE000HEL4BY2,"EUR 3,14 LANDESBANK HESS-",7.50,CBF&CBL
FR0011553684,"EUR 3,05 COMP.FINA.FONCIE",2.27,CBF&CBL
DE000A2AAZF0,"EUR 0,57 KSPSK HEILBRONN ",0.78,CBF&CBL
DE000LB12866,"EUR 0,95 LBK BADEN-WUERTT",7.50,CBF&CBL
DE000A2YPE68,"EUR 0,10 INVESTITIONSBK D",10.00,CBF&CBL
FR0014001TN5,"EUR 0,402 REGION HAUTS 21",9.90,CBF&CBL
AT000B093547,"EUR 0,50 RAIFFEISEN-LAND ",4.20,CBF&CBL
XS2532376949,"EUR 2,50 NORDEA MORTGAGE ",2.02,CBF&CBL
LU2591860569,"EUR 3,00 LUXEMBOURG, G-D ",2.02,CBF&CBL
IT0005550378,"EUR 0,00 ITALY, REP.OF (B",7.44,CBF&CBL
XS2812394737,"EUR 3,25 SP-MORTGAGE BK (",1.72,CBF&CBL
FR00140103L0,"EUR 2,625 CREDIT MUTUEL H",1.27,CBF&CBL
AT0000A3MEN4,"EUR 2,75 HYPO NOE LANDES ",1.89,CBF&CBL
XS0349975861,"EUR 4,9325 RABOBANK (1857",18.88,CBF&CBL
DE000A1HG1L4,"GBP 4,50 ALLIANZ FINANCE ",23.57,CBF&CBL
BE6315906428,"EUR 0,886 COMMUNAUT FRANC",13.62,CBF&CBL
SI0002104196,"EUR 0,125 SLOVENIA REP.OF",3.98,CBF&CBL
FR001400B314,"EUR 2,691 PARIS, VILLE DE",8.21,CBF&CBL
DE000DK01156,"EUR 3,73 DEKABANK 24-2034",21.38,CBF&CBL
DE000CZ45YG0,"EUR 3,127 COMMERZBK AG 24",6.67,CBF&CBL
XS2978001167,"GBP 4,625 MUNICIPALITY FI",7.50,CBF&CBL
DE000DP9BGS5,"EUR 2,25 DZ BANK AG - FFT",12.11,CBF&CBL
ES00000128Q6,"EUR 2,35 SPAIN, KINGDOM O",2.74,CBF&CBL
DE000A1X3JN4,"EUR 0,875 HAMBURGISCHE IN",7.50,CBF&CBL
FR0013383346,"EUR 0,75 BPCE SFH (REGS) ",0.36,CBF&CBL
FR0013517059,"EUR 0,80 VEOLIA ENVT. (RE",15.25,CBF&CBL
XS2259191273,"EUR 0,50 HUNGARY, REP.OF ",5.22,CBF&CBL
EU000A3K4DV0,"EUR 3,375 EUROPEAN UNION ",2.83,CBF&CBL
XS2708690685,"EUR 3,625 NORDEA MORTGAGE",0.80,CBF&CBL
DE000DJ9AFA5,"EUR FL.R DZ BANK AG - FFT",13.14,CBF&CBL
FR001400NXK3,"EUR 3,125 BPCE (REGS) 24-",2.63,CBF&CBL
IT0005550063,"EUR 0,00 ITALY, REP.OF (B",3.04,CBF&CBL
DE000NLB4787,"EUR 2,70 NORD/LB GZ 25-20",19.39,CBF&CBL
DE000LFA2402,"EUR 2,50 LFA FRDRBK.BAYER",1.26,CBF&CBL
DE000CZ45ZS2,"EUR FL.R COMMERZBK AG 25-",13.41,CBF&CBL
DE000LB57N84,"EUR 2,50 LBK BADEN-WUERTT",13.03,CBF&CBL
XS3471560519,"EUR 4,117 E.JP.RAIL CO. (",18.74,CBF&CBL
DE0001143402,"EUR 0,00 BUNDES DEUTSCH (",2.54,CBF&CBL
DE000A1R06V5,"EUR 1,925 LAND BERLIN (RE",2.93,CBF&CBL
DE000A14J5J4,"EUR 0,50 DEUT.GENOSS-HYPO",0.36,CBF&CBL
FR0013235199,"EUR 1,625 PARIS, VILLE DE",4.08,CBF&CBL
XS1615680151,"EUR 1,125 SNCF RESEAU (RE",0.48,CBF&CBL
XS1700578724,"EUR 1,00 DEXIA S.A (REGS/",5.00,CBF&CBL
DE000DJ9AK64,"EUR 3,00 DZ BANK AG - FFT",7.50,CBF&CBL
DE000DJ9AQ19,"EUR 2,80 DZ BANK AG - FFT",13.72,CBF&CBL
DE000LB56E45,"EUR 2,05 LBK BADEN-WUERTT",7.50,CBF&CBL
DE000DJ9A0K9,"EUR 2,29 DZ BANK AG - FFT",7.50,CBF&CBL
DE000LB6K5T0,"EUR 2,35 LBK BADEN-WUERTT",8.40,CBF&CBL
DE000DP9BGR7,"EUR 2,00 DZ BANK AG - FFT",8.82,CBF&CBL
DE000BYL0RC4,"EUR 3,32 BAYERISCH.LANDES",10.97,CBF&CBL
DE000LB69L41,"EUR 3,30 LBK BADEN-WUERTT",20.81,CBF&CBL
IT0004976517,"EUR 0,00 ITALY, REP.OF (B",0.76,CBF&CBL
SI0002103677,"EUR 1,75 SLOVENIA REP.OF ",9.36,CBF&CBL
DE000A2E4UD2,"EUR 3,00 L-BANK 17-2027",0.50,CBF&CBL
XS1737587581,"EUR 1,355 DNB BOLIGKREDIT",3.52,CBF&CBL
DE000HLB4T90,"EUR FL.R LANDESBANK HESS-",7.50,CBF&CBL
FR0013348919,"EUR 1,64 CAISSE FCSE DE (",5.74,CBF&CBL
DE000DDA0U40,"EUR 0,32 DZ BANK AG - FFT",7.54,CBF&CBL
DE000A14JZL1,"EUR 0,01 BADEN-WUERTTEMBE",2.10,CBF&CBL
XS2280845145,"EUR 0,20 BMW FIN.NV (REGS",15.77,CBF&CBL
AT0000A2QQB6,"EUR 0,70 AUSTRIA, REP.OF ",13.77,CBF&CBL
DE000BLB9U04,"EUR 4,19 BAYERISCH.LANDES",19.54,CBF&CBL
XS2808183649,"EUR 3,50 EQUITABLE BANK (",0.47,CBF&CBL
XS2820463003,"EUR 3,00 SPAREBNK 1 BOLIK",2.22,CBF&CBL
XS3291934209,"EUR 2,875 AKTIA BANK PLC ",2.13,CBF&CBL
FI4000602891,"EUR 3,35 FINLAND REP.OF 2",4.11,CBF&CBL
XS1406006798,"EUR 1,705 BUNDESIMMOBILIE",19.50,CBF&CBL
ES0413679418,"EUR 1,25 BANKINTER 18-202",0.48,CBF&CBL
DE000A2883V0,"EUR 0,78 DZ HYP AG 20-203",12.12,CBF&CBL
FR0013512621,"EUR 1,00 COFIROUTE (REGS)",11.87,CBF&CBL
DE000A289LA6,"EUR 0,35 LAND BERLIN 20-2",7.48,CBF&CBL
AT0000A2JZ60,"EUR 0,35 OBEROEST.LBK AG ",5.93,CBF&CBL
DE000NLB3W29,"EUR 0,75 NORD/LB GZ 22-20",8.52,CBF&CBL
XS2530208490,"EUR 4,00 BANK GOSPODARSTW",7.50,CBF&CBL
DE000LFA2246,"EUR 3,25 LFA FRDRBK.BAYER",0.38,CBF&CBL
XS2696829816,"USD FL.R ABN AMRO BK NV 2",7.50,CBF&CBL
DE000DB9VTT0,"EUR 2,95 DEUTSCHE BANK AG",7.50,CBF&CBL
DE000A46ZYW9,"EUR 3,25 SPK DORTMUND 26-",2.19,CBF&CBL
BE0000291972,"EUR 5,50 BELGIUM, KINGDOM",1.01,CBF&CBL
XS0147048762,"GBP 6,25 E.ON INTL.FIN. (",10.57,CBF&CBL
ES00000120D1,"EUR 0,00 SPAIN, KINGDOM O",3.98,CBF&CBL
XS1321423862,"EUR 1,55 NORDEA BK FINLAN",1.63,CBF&CBL
XS1722899918,"EUR 1,125 FINGRID OYJ (RE",5.00,CBF&CBL
BE6312738758,"EUR 1,60 WALLONE, REGION ",7.17,CBF&CBL
DE000A289K71,"EUR 0,05 LAND BERLIN 20-2",4.71,CBF&CBL
DE000DFK0AA6,"EUR FL.R DZ BANK AG - FFT",8.49,CBF&CBL
DE000BLB9SE6,"EUR FL.R BAYERISCH.LANDES",0.39,CBF&CBL
DE000DK01099,"EUR 3,53 DEKABANK (REGS) ",8.88,CBF&CBL
DE000DJ9AA82,"EUR 3,60 DZ BANK AG - FFT",10.83,CBF&CBL
DE000HLB55Z6,"EUR 2,75 LANDESBANK HESS-",8.85,CBF&CBL
DE000A1RQER2,"EUR 3,015 HESSEN LAND 24-",5.80,CBF&CBL
XS3084364895,"USD 4,25 FINNVERA PLC (RE",8.67,CBF&CBL
DE000A46Z8Q5,"EUR FL.R NIEDERSACHSEN LA",0.38,CBF&CBL
XS3274464794,"EUR 3,125 TOYOTA MOTOR CR",13.22,CBF&CBL
DE000DP9BME3,"EUR 2,50 DZ BANK AG - FFT",10.08,CBF&CBL
XS0755239471,"EUR 3,25 NEDERLAND.WATER.",0.39,CBF&CBL
BE0008515760,"EUR 0,00 BELGIUM, KINGDOM",1.18,CBF&CBL
XS1053602667,"EUR 2,5725 EUROP.INVEST.B",2.87,CBF&CBL
DE000DKB0457,"EUR 1,413 DEUTSCHE KREDIT",3.06,CBF&CBL
FR0013141074,"EUR 1,25 CREDIT AGR HOME ",1.56,CBF&CBL
SK4120012824,"EUR 1,05 VSEOB. UVEROVA B",0.47,CBF&CBL
FR0013352192,"EUR 1,47 BPCE SFH (REGS) ",3.66,CBF&CBL
XS2384580218,"EUR 0,01 SR-BOLIGKREDITT ",0.69,CBF&CBL
XS2558594391,"EUR 5,00 HUNGARY, REP.OF ",1.31,CBF&CBL
FR001400KT41,"EUR 4,25 BPCE (BANQUE PO ",10.85,CBF&CBL
XS2936665392,"GBP 4,50 NORDRHEIN-WESTFA",0.51,CBF&CBL
DE000DB9VXE4,"EUR 2,05 DEUTSCHE BANK AG",7.50,CBF&CBL
DE000LB5WXY8,"EUR 2,97 LBK BADEN-WUERTT",17.80,CBF&CBL
XS3099095773,"EUR 2,165 DZ BANK AG - FF",7.50,CBF&CBL
AT0000A3GRN8,"EUR 2,879 RAIF.LBK.OBEROS",0.73,CBF&CBL
XS2292545618,"EUR 0,41 NIBC BANK NV. (R",14.87,CBF&CBL
XS2345317510,"EUR 0,05 SVENSKA HBN.(PUB",7.50,CBF&CBL
IT0005451361,"EUR FL.R ITALY, REP.OF (R",2.91,CBF&CBL
DE000NLB3250,"EUR FL.R NORD/LB GZ 23-20",7.50,CBF&CBL
DE000NLB4QP3,"EUR 4,00 NORD/LB GZ 23-20",16.04,CBF&CBL
XS2493830827,"EUR 2,50 NATIONWIDE BS (R",0.36,CBF&CBL
BE0002962430,"EUR 3,25 WALLONE, REGION ",2.69,CBF&CBL
DE000A351PH0,"EUR 2,625 LAND BERLIN 24-",1.65,CBF&CBL
XS2920588618,"EUR 2,75 NATL BK CANADA (",0.80,CBF&CBL
DE000LB4W639,"EUR FL.R LBK BADEN-WUERTT",7.50,CBF&CBL
DE000DJ9AWW4,"EUR 2,05 DZ BANK AG - FFT",9.44,CBF&CBL
DE000LB4XEL6,"EUR 3,01 LBK BADEN-WUERTT",13.68,CBF&CBL
IT0003685093,"EUR 5,20 ITALY, REP.OF (M",3.04,CBF&CBL
FR0011461664,"EUR 0,00 FRANCE (OAT STRI",4.57,CBF&CBL
FR0011461615,"EUR 0,00 FRANCE (OAT STRI",3.34,CBF&CBL
FR0011461623,"EUR 0,00 FRANCE (OAT STRI",3.57,CBF&CBL
FR0012602779,"EUR 1,50 ENGIE (REGS) 15-",22.25,CBF&CBL
XS1785147098,"EUR 1,00 NEDERLAND.WATER.",0.55,CBF&CBL
DE000LB2CHG7,"USD 0,00 LBK BADEN-WUERTT",17.75,CBF&CBL
ES0413900566,"EUR 0,25 BCO SANTANDER (R",0.99,CBF&CBL
ES0000012C87,"EUR 0,00 SPAIN, KINGDOM O",7.19,CBF&CBL
DE000A14J0M9,"EUR 0,125 NATIXIS PFANDBR",1.81,CBF&CBL
DE000NLB3ZP6,"EUR 2,40 NORD/LB GZ 22-20",16.96,CBF&CBL
DE000BU4Z029,"EUR 0,00 BUNDES DEUTSCH 2",1.37,CBF&CBL
XS2587298204,"EUR 2,75 EUROP.INVEST.BK ",0.43,CBF&CBL
DE000DW6C4X8,"EUR 3,00 DZ BANK AG - FFT",10.85,CBF&CBL
ES0444251088,"EUR FL.R IBERCAJA BANCO S",0.79,CBF&CBL
XS2638444831,"EUR FL.R SWEDBANK MORTGAG",0.39,CBF&CBL
XS2796475999,"EUR 2,994 ING BANK N.V. (",2.18,CBF&CBL
SK4000026787,"EUR 2,75 SLOVENSKA SPORIT",0.91,CBF&CBL
XS3005537371,"EUR 3,09 BNG BANK N.V. (R",4.78,CBF&CBL
DE000CZ45ZL7,"EUR 2,875 COMMERZBK AG (R",2.42,CBF&CBL
DE000DP9BJ97,"EUR 3,265 DZ BANK AG - FF",22.46,CBF&CBL
DE000NWB17W8,"EUR 0,50 NRW.BANK 17-2027",0.50,CBF&CBL
XS1996420904,"EUR 1,08 DNB BOLIGKREDIT ",3.97,CBF&CBL
DE000HLB4Z43,"EUR 0,75 LANDESBANK HESS-",7.50,CBF&CBL
DE0001102556,"EUR 0,00 BUNDES DEUTSCH 2",0.50,CBF&CBL
DE000DHY5249,"EUR 0,16 NORD/LB GZ 21-20",7.50,CBF&CBL
AT000B093711,"EUR 2,13 RAIFFEISEN-LAND ",1.99,CBF&CBL
AT0000A32042,"EUR 3,95 ERSTE GR.BK AG 2",16.19,CBF&CBL
XS2902720171,"EUR 3,36 BP CAPITAL MRKT ",11.93,CBF&CBL
DE000A383SN5,"EUR 2,50 GEMEINSAME BUNDE",1.49,CBF&CBL
IT0005631608,"EUR 4,10 ITALY, REP.OF (B",4.70,CBF&CBL
DE000HEL0JD7,"EUR 2,25 LANDESBANK HESS-",9.68,CBF&CBL
DE000A4DE9N6,"EUR FL.R LAND BERLIN 26-2",1.16,CBF&CBL
DE000NWB0B24,"EUR XXX NRW.BANK (REGS) 2",3.87,CBF&CBL
ES00000127A2,"EUR 1,95 SPAIN, KINGDOM O",1.72,CBF&CBL
XS1600520404,"EUR 1,425 ASN BANK N.V. (",3.33,CBF&CBL
DE000A2G9HJ3,"EUR 1,25 DZ HYP AG 19-203",2.52,CBF&CBL
FR0013447604,"EUR 0,375 LA POSTE (REGS)",5.00,CBF&CBL
IT0005413171,"EUR 1,65 ITALY, REP.OF (R",2.10,CBF&CBL
EU000A1G0EM3,"EUR 0,05 EFSF (REGS) 21-2",15.47,CBF&CBL
XS2441055998,"EUR 0,50 SBAB BK AB (PUBL",7.50,CBF&CBL
BE6338352816,"EUR 3,45 BRUSSELS, REG. O",5.97,CBF&CBL
FR001400F091,"EUR 3,125 CREDIT AGR HOME",1.00,CBF&CBL
DE000DJ9AHF0,"EUR 3,455 DZ BANK AG - FF",7.50,CBF&CBL
DE000A3828K7,"EUR 2,50 INVESTITIONSBK (",1.75,CBF&CBL
DE000LB6F6Q1,"EUR 3,15 LBK BADEN-WUERTT",33.46,CBF&CBL
XS3398037146,"EUR 3,50 CA IMMO. ANLAGEN",8.30,CBF&CBL
FR0014019PT2,"EUR FL.R SOCIETE GENERALE",7.50,CBF&CBL
FR0010070102,"EUR 0,00 FRANCE (OAT STRI",1.21,CBF&CBL
DE000HLB0MD4,"EUR FL.R LANDESBANK HESS-",13.85,CBF&CBL
FR0013183142,"EUR 1,21 BPCE (REGS) 16-2",3.94,CBF&CBL
DE000NLB2NZ3,"EUR FL.R NORD/LB GZ 16-20",7.50,CBF&CBL
IT0005247934,"EUR 0,00 ITALY, REP.OF (B",7.73,CBF&CBL
FR0013267259,"EUR 1,7595 CAISSE FCSE DE",5.48,CBF&CBL
XS1982834282,"EUR 0,875 BNG BANK N.V. (",3.09,CBF&CBL
DE000HLB46B6,"EUR 2,75 LANDESBANK HESS-",7.50,CBF&CBL
FR001400CK81,"EUR 2,625 CCF SFH (REGS) ",1.79,CBF&CBL
AT000B067160,"EUR 4,333 RAIFFEISENLANDE",0.62,CBF&CBL
DE000A383QT6,"EUR 2,50 THUERINGEN, FREI",0.98,CBF&CBL
DE000LB51Y79,"EUR 3,39 LBK BADEN-WUERTT",32.31,CBF&CBL
XS3234003344,"EUR FL.R VOLVO TREAS.AB (",5.00,CBF&CBL
XS3327699289,"USD FL.R COMMERZBK AG (RE",8.06,CBF&CBL
AT0000A3VVZ3,"EUR 3,00 ERSTE GR.BK AG 2",18.12,CBF&CBL
XS3517390962,"EUR 0,00 AUSTRIA, REP.OF ",0.54,CBF&CBL
FR0010172601,"EUR 0,00 FRANCE (OAT STRI",5.96,CBF&CBL
XS1190624202,"EUR 1,625 STATOIL ASA (RE",17.57,CBF&CBL
DE000A2GSCW3,"EUR 1,50 MERCEDES-BENZ (R",7.27,CBF&CBL
XS1851278777,"EUR 1,594 BP CAPITAL MARK",5.00,CBF&CBL
XS2625968776,"EUR 3,625 BMW FIN.NV (REG",18.53,CBF&CBL
AT000B049952,"EUR 2,875 UNICREDIT BK AT",0.74,CBF&CBL
DE000LB5D7B4,"EUR 2,60 LBK BADEN-WUERTT",13.44,CBF&CBL
DE000A1RQE34,"EUR 3,125 HESSEN LAND (RE",2.72,CBF&CBL
DE000LB6E2X7,"EUR 2,60 LBK BADEN-WUERTT",13.69,CBF&CBL
XS3276327288,"EUR 2,625 LANDESBANK HESS",1.31,CBF&CBL
IT0003874523,"EUR 3,50 INFRASTRUTTURE S",8.23,CBF&CBL
DE000MHB9379,"EUR FL.R MUENCHENER HYPOB",9.87,CBF&CBL
EU000A1U9936,"EUR 1,85 ESM (REGS) 15-20",4.71,CBF&CBL
FR0013215688,"EUR 0,25 CREDIT AGRICOLE ",0.36,CBF&CBL
EU000A1Z99B9,"EUR 0,75 ESM (REGS) 17-20",0.10,CBF&CBL
DE000A19HCX8,"EUR 2,00 JAB HOLDINGS B.V",5.07,CBF&CBL
XS1829215562,"EUR 1,125 NATIONWIDE BS (",0.59,CBF&CBL
DE000DK0JS64,"EUR 1,50 DEKABANK 19-2034",22.62,CBF&CBL
DE000SLB4188,"EUR 0,60 LANDESBK SAAR 19",1.00,CBF&CBL
DE000A1RQEJ9,"EUR FL.R HESSEN LAND 23-2",0.39,CBF&CBL
IT0005579294,"EUR 3,25 CREDITO EMILIANO",0.92,CBF&CBL
DE000RLP1486,"EUR 3,00 RHEINLAND-PFALZ ",2.12,CBF&CBL
DE000BHY0SD6,"EUR 2,625 LBK BADEN-WUERT",1.66,CBF&CBL
XS2967933453,"EUR 2,75 JAPANFINANCE ORG",8.49,CBF&CBL
FR00140117I6,"EUR FL.R DEPART ESSONNE 2",0.72,CBF&CBL
DE000BU4Z169,"EUR 0,00 BUNDES DEUTSCH 2",3.54,CBF&CBL
DE000BU3F007,"EUR 2,60 BUNDES DEUTSCH (",2.52,CBF&CBL
DE000HV2A227,"EUR 3,22 UNICREDIT BANK 2",7.50,CBF&CBL
XS2082345955,"EUR 0,625 CC.HBC FIN.BV (",9.56,CBF&CBL
DE000CZ45VS1,"EUR 0,01 COMMERZBK AG (RE",1.23,CBF&CBL
BE0002713940,"EUR 0,844 BRUSSELS, REG. ",11.46,CBF&CBL
DE000A3H24G6,"EUR 0,01 BAUSPARK. SCHWA ",1.45,CBF&CBL
BE0008580442,"EUR 0,00 BELGIUM, KINGDOM",23.29,CBF&CBL
BE0002821024,"EUR 0,93 BRUSSELS, REG. O",11.25,CBF&CBL
IT0005484552,"EUR 1,10 ITALY, REP.OF (B",0.25,CBF&CBL
DE000LB38473,"EUR 3,52 LBK BADEN-WUERTT",22.65,CBF&CBL
XS2486449072,"EUR 1,375 LANSFORSAKRINGA",0.36,CBF&CBL
XS2532310682,"EUR 2,125 ASFINAG(AT) (RE",0.98,CBF&CBL
BE0000357666,"EUR 3,00 BELGIUM, KINGDOM",3.98,CBF&CBL
DE000NLB4T80,"EUR 3,75 NORD/LB GZ 23-20",14.92,CBF&CBL
XS2837840706,"EUR 3,423 SID SLOVENSKA (",14.54,CBF&CBL
DE000MHB4982,"EUR 2,46 MUENCHENER HYPOB",0.40,CBF&CBL
DE000LB51DA7,"EUR 3,10 LBK BADEN-WUERTT",22.26,CBF&CBL
AT0000A3KDZ4,"EUR 2,00 ERSTE GR.BK AG 2",0.71,CBF&CBL
ES00000128M5,"EUR 0,00 SPAIN, KINGDOM O",6.06,CBF&CBL
IT0005247926,"EUR 0,00 ITALY, REP.OF (B",7.64,CBF&CBL
FR0013445152,"EUR 1,125 RTE EDF TRANSPO",38.50,CBF&CBL
BE6318562798,"EUR 1,015 BRUSSELS, REG. ",12.15,CBF&CBL
DE000NLB4VX7,"EUR 4,30 NORD/LB GZ 23-20",19.61,CBF&CBL
FR001400P8C5,"EUR 4,00 SYND.MIXTE GRENO",23.14,CBF&CBL
XS2852993810,"EUR 3,375 DEKABANK (REGS)",7.50,CBF&CBL
DE000LFA2477,"EUR 2,875 LFA FRDRBK.BAYE",2.16,CBF&CBL
AT0000A3RVD8,"EUR 2,75 OBEROEST.LBK AG ",2.01,CBF&CBL
AT0000A3US30,"EUR 3,50 ERSTE GR.BK AG 2",26.13,CBF&CBL
IT0005247991,"EUR 0,00 ITALY, REP.OF (B",8.63,CBF&CBL
XS1824277641,"EUR FL.R COMP.DE SAINT-GO",16.36,CBF&CBL
DE000A162BD0,"EUR 0,375 LANDESBK BERLIN",1.91,CBF&CBL
DE000LB5Y7J2,"EUR 1,90 LBK BADEN-WUERTT",7.50,CBF&CBL
DE000LB6ETB0,"EUR 2,35 LBK BADEN-WUERTT",12.37,CBF&CBL
XS3230666128,"EUR 2,25 DANSKE MTG BK (R",0.70,CBF&CBL
DE000BU4Z177,"EUR 0,00 BUNDES DEUTSCH 2",3.73,CBF&CBL
DE000DP9BFS7,"EUR 2,50 DZ BANK AG - FFT",8.27,CBF&CBL
BE6244458830,"EUR 3,50 BRUSSELS, REG. O",3.79,CBF&CBL
BE6251917736,"EUR 3,45 WALLONE, REGION ",6.15,CBF&CBL
BE0000331406,"EUR 3,75 BELGIUM, KINGDOM",8.02,CBF&CBL
XS1209947271,"EUR 0,875 POLAND, REP.OF ",0.86,CBF&CBL
XS1518689242,"EUR 1,71 HYPO VORARLBERG ",16.74,CBF&CBL
DE000HLB4UN8,"EUR FL.R LANDESBANK HESS-",7.50,CBF&CBL
DE000A2TR6J9,"EUR 0,375 LAND, BRANDENBU",2.53,CBF&CBL
IT0005414286,"EUR FL.R INTESA SANPAOLO ",0.58,CBF&CBL
SK4000017406,"EUR 0,125 TATRA BANKA A.S",0.40,CBF&CBL
DE000A30VHW7,"EUR 1,50 NIEDERSACHSEN LA",1.03,CBF&CBL
XS2485147958,"EUR 1,873 OP CORPOR BK PL",7.50,CBF&CBL
FR001400GY81,"EUR 3,48 REGION HAUTS (RE",4.40,CBF&CBL
DE000LB5EW45,"EUR 2,90 LBK BADEN-WUERTT",21.29,CBF&CBL
XS2978924442,"USD 4,75 BNG BANK N.V. (R",1.20,CBF&CBL
XS3025944573,"EUR 4,25 BANK GOSPODARSTW",26.79,CBF&CBL
XS3096213361,"EUR 2,50 DANSKE MTG BK (R",1.15,CBF&CBL
FR0010039008,"GBP 5,625 ORANGE 04-2034",17.94,CBF&CBL
XS1124857324,"EUR 2,195 RESEAU FERRE FR",5.48,CBF&CBL
ES0001351438,"EUR 2,75 CASTILLA Y LEON ",2.23,CBF&CBL
DE000BLB4ZC6,"EUR FL.R BAYERISCH.LANDES",7.50,CBF&CBL
BE0001792465,"EUR 1,363 COMMUNAUT FRANC",7.77,CBF&CBL
DE000LB2BHN5,"EUR 0,14 LBK BADEN-WUERTT",17.07,CBF&CBL
XS2451767839,"EUR 1,115 ABN AMRO BK NV ",4.69,CBF&CBL
XS2453958766,"EUR 0,10 LANDWIRT.RENTENB",0.39,CBF&CBL
FRCASA010050,"EUR 3,70 CREDIT AGRICOLE ",18.85,CBF&CBL
DE000DJ9ACF1,"EUR 3,60 DZ BANK AG - FFT",16.58,CBF&CBL
XS2802191937,"EUR 3,00 NORDEA MORTGAGE ",2.46,CBF&CBL
DE000LB5WXX0,"EUR 2,86 LBK BADEN-WUERTT",15.30,CBF&CBL
XS3084419038,"EUR 2,0975 L-BANK (5698) ",0.50,CBF&CBL
DE000LB59MC7,"EUR 3,36 LBK BADEN-WUERTT",34.04,CBF&CBL
FR0013245560,"EUR 1,50 CREDIT AGRICOLE ",7.50,CBF&CBL
XS1815299893,"EUR 1,602 ASN BANK N.V. 1",3.57,CBF&CBL
XS2230845328,"EUR 0,00 FINNVERA PLC (RE",5.00,CBF&CBL
DE000A2GSSC1,"EUR 0,031 WIRTSCHAFTS-INF",4.25,CBF&CBL
XS2532472235,"EUR 2,25 AFRICAN DEV.BK (",0.97,CBF&CBL
DE000NLB4YE1,"EUR 3,20 NORD/LB GZ 24-20",15.93,CBF&CBL
XS2928646806,"USD 4,00 KFW (REGS) 24-20",0.38,CBF&CBL
DE000DJ9AV20,"EUR 2,05 DZ BANK AG - FFT",9.51,CBF&CBL
DK0009418089,"EUR 2,75 JYSKE REALKREDI ",1.80,CBF&CBL
DE000A460BL1,"EUR FL.R INV.UND STR.BK I",15.10,CBF&CBL
XS3218787417,"EUR 3,625 INTL.DEVEL..ASS",5.02,CBF&CBL
XS3322562979,"USD FL.R BNG BANK N.V. (R",0.68,CBF&CBL
BE0008064132,"EUR 0,00 BELGIUM, KINGDOM",1.71,CBF&CBL
BE0008517782,"EUR 0,00 BELGIUM, KINGDOM",2.55,CBF&CBL
FR0013217114,"EUR 0,875 ORANGE (REGS) 1",5.00,CBF&CBL
FR0013399102,"EUR 1,00 CREDIT MUTUEL H ",0.83,CBF&CBL
XS2079678400,"EUR 0,50 STEDIN HLD N.V (",8.27,CBF&CBL
SK4000017059,"EUR 1,00 SLOVAK, REP. 20-",3.31,CBF&CBL
FR0013518529,"EUR 0,70 REGION BRETAGNE ",7.44,CBF&CBL
FR0014000JT5,"EUR 0,00 DEPART DES BOUCH",1.53,CBF&CBL
DE0001102572,"EUR 0,00 BUNDES DEUTSCH (",5.36,CBF&CBL
DE000A2LQPK4,"EUR 0,01 HAMBURG HANSESTA",1.54,CBF&CBL
XS2436454842,"GBP 1,25 LANDWIRT.RENTENB",0.46,CBF&CBL
FR001400HV26,"EUR 3,50 SOCIETE GENERALE",1.93,CBF&CBL
ES0413860844,"EUR FL.R BCO.DE SABADELL ",0.82,CBF&CBL
XS3058822670,"USD 4,00 NORDRHEIN-WESTFA",0.60,CBF&CBL
DE000BU4K096,"EUR 0,00 BUNDES DEUTSCH 2",2.14,CBF&CBL
XS3149166541,"EUR FL.R BAYER AG (REGS/6",5.00,CBF&CBL
DE000LB6FV36,"EUR 2,50 LBK BADEN-WUERTT",8.61,CBF&CBL
FR0014014866,"EUR 2,75 BPIFRANCE (REGS)",2.84,CBF&CBL
DE000LB6R0C0,"EUR 2,00 LBK BADEN-WUERTT",7.50,CBF&CBL
XS3308045130,"EUR 2,25 ASIAN INFRA INV ",7.76,CBF&CBL
DE000DP9BJA7,"EUR 3,14 DZ BANK AG - FFT",17.51,CBF&CBL
XS3511041470,"EUR 0,00 EUROP.INVEST.BK ",0.25,CBF&CBL
DE000A5GS3X8,"EUR FL.R NIEDERSACHSEN LA",1.35,CBF&CBL
FR0011600493,"EUR 2,83 LA BQE POST HOM ",0.81,CBF&CBL
XS1252369282,"EUR 1,645 KOMMUNEKREDIT (",32.69,CBF&CBL
FR0013049525,"EUR 2,039 SAVOIE (REGS) 1",5.89,CBF&CBL
DE000A2BPJ60,"EUR 1,375 DZ HYP AG (REGS",3.31,CBF&CBL
FR0013310224,"EUR 1,375 ORANGE (REGS) 1",9.92,CBF&CBL
DE000SCB0021,"EUR 0,01 DEUTSCHE KREDITB",1.11,CBF&CBL
ES0413900582,"EUR 5,00 BANCO SANTANDER ",1.34,CBF&CBL
XS2200513070,"EUR 0,823 NATL.GRID TR.PL",16.46,CBF&CBL
DE000BLB9SH9,"EUR FL.R BAYERISCH.LANDES",0.39,CBF&CBL
XS2468525451,"EUR 1,00 CNCL.EU DEV.BK (",0.63,CBF&CBL
DE000A14JZ46,"EUR 2,875 BADEN-WUERTTEMB",1.79,CBF&CBL
XS2852993901,"GBP 4,25 MUNICIPALITY FIN",7.70,CBF&CBL
DE000DJ9AP10,"EUR 1,80 DZ BANK AG - FFT",7.50,CBF&CBL
DE000LB5R792,"EUR 2,70 LBK BADEN-WUERTT",17.29,CBF&CBL
DE000NLB5A31,"EUR 2,25 NORD/LB GZ 25-20",11.90,CBF&CBL
XS3009627939,"EUR FL.R ABN AMRO BK NV (",7.50,CBF&CBL
BE6362169367,"USD 4,50 BELGIUM, KINGDOM",4.67,CBF&CBL
XS3241239972,"EUR 3,445 AUSTRIA, REP.OF",3.73,CBF&CBL
XS1505573482,"EUR 0,875 SNAM SPA (REGS/",5.00,CBF&CBL
FR0013332178,"EUR 1,58 COMP.FINA.FONCIE",3.57,CBF&CBL
XS1940071597,"EUR 0,75 BNG BANK N.V. (R",0.90,CBF&CBL
FR0013413341,"EUR 1,15 CREDIT AGRICOLE ",9.15,CBF&CBL
FR0013505260,"EUR 2,625 CARREFOUR (REGS",5.00,CBF&CBL
DE000DFK0AF5,"EUR FL.R DZ BANK AG - FFT",7.50,CBF&CBL
FR0014001LR3,"EUR 0,303 REGION BRETAGNE",8.32,CBF&CBL
DE000DB9VPW2,"EUR 3,05 DEUTSCHE BANK AG",7.50,CBF&CBL
DE000SHFM1C3,"EUR 2,25 SCHLESWIG-HOLSTE",0.46,CBF&CBL
DE000A460CJ3,"EUR 2,625 HAMBURGER SPARK",1.66,CBF&CBL
XS3300299354,"EUR 2,75 UNICREDIT BK CZ ",1.97,CBF&CBL
XS0096385801,"GBP 0,00 EBRD 99-2038",3.89,CBF&CBL
FR0013154234,"EUR 0,00 FRANCE (OAT STRI",7.53,CBF&CBL
FR0013284908,"EUR 0,75 CREDIT MUT ARK S",0.36,CBF&CBL
DE000BLB6JE1,"EUR 0,625 BAYERISCH.LANDE",0.36,CBF&CBL
FR0013397205,"EUR 1,497 CAISSE FCSE DE ",2.49,CBF&CBL
DE000HLB4XF8,"EUR FL.R LANDESBANK HESS-",8.75,CBF&CBL
DE000HLB4XK8,"EUR 0,66 LANDESBANK HESS-",9.19,CBF&CBL
XS2008925344,"EUR 1,50 UNILEVER PLC (RE",26.52,CBF&CBL
DE000A2GSRZ4,"EUR 0,267 WIRTSCHAFTS-INF",7.47,CBF&CBL
FR0014001624,"EUR 0,50 LYON, METROPOLE ",12.46,CBF&CBL
DE000A1RQEC4,"EUR 0,875 HESSEN LAND (RE",0.50,CBF&CBL
DE000HLB42R1,"EUR 3,09 LANDESBANK HESS-",0.40,CBF&CBL
XS2486842086,"EUR 1,94 COOP RABOBK UA 2",3.27,CBF&CBL
DE000LFA2121,"EUR 3,00 LFA FRDRBK.BAYER",0.44,CBF&CBL
DE000A30V3G9,"EUR 3,00 SPARKASSE HANNOV",0.40,CBF&CBL
FRCASA010092,"EUR 3,70 CREDIT AGRICOLE ",19.39,CBF&CBL
DE000LB39CX6,"EUR 3,495 LBK BADEN-WUERT",19.57,CBF&CBL
DE000HCB0B36,"EUR 4,75 HAMBURG COM BK (",8.93,CBF&CBL
AT0000A3CQK5,"EUR 3,05 ERSTE GR.BK AG 2",20.15,CBF&CBL
DE000SHFM931,"EUR 2,875 SCHLESWIG-HOLST",2.15,CBF&CBL
AT0000A3DGL2,"EUR 3,25 ERSTE GR.BK AG 2",23.73,CBF&CBL
XS2978109952,"USD 4,50 NEDERLAND.WATER.",1.19,CBF&CBL
DE000HEL0GJ0,"EUR 2,40 LANDESBANK HESS-",7.50,CBF&CBL
DE000A3825Z1,"EUR 2,50 DZ HYP AG 25-203",1.35,CBF&CBL
DE000LB4XEK8,"EUR 3,454 LBK BADEN-WUERT",22.65,CBF&CBL
AT0000A3V200,"EUR 2,85 AUSTRIA, REP.OF ",2.41,CBF&CBL
XS0089572316,"GBP 6,00 ITALY, REP.OF (R",1.45,CBF&CBL
FR0010482554,"EUR 0,00 FRANCE (OAT STRI",0.67,CBF&CBL
FR0013144052,"EUR 1,25 PARIS, VILLE DE ",3.48,CBF&CBL
FR0013189446,"EUR 0,86 BPCE (REGS) 16-2",3.36,CBF&CBL
FR0013237153,"EUR 1,597 BPCE SFH (REGS)",4.48,CBF&CBL
FR0013434321,"EUR 0,125 SOCIETE GEN.SFH",1.00,CBF&CBL
FR0013447166,"EUR 1,125 STELLANTIS N.V.",9.01,CBF&CBL
IE00BKFVC345,"EUR 0,40 IRELAND, REP OF ",4.79,CBF&CBL
DE000LB13VZ6,"EUR 0,20 LBK BADEN-WUERTT",15.43,CBF&CBL
XS2338561348,"EUR 0,50 NATIONWIDE BS (R",4.18,CBF&CBL
FR001400I6Y2,"EUR 3,415 ALPES COTE D AZ",3.54,CBF&CBL
FR0013341682,"EUR 0,75 FRANCE (REGS OAT",0.50,CBF&CBL
DE000LB123H0,"EUR FL.R LBK BADEN-WUERTT",7.50,CBF&CBL
BE0002636174,"EUR 1,467 BRUSSELS, REG. ",7.20,CBF&CBL
XS2030537117,"EUR 0,8312 ASN BANK N.V. ",3.79,CBF&CBL
AT0000A295D2,"EUR 0,24 RAIFFEISEN LBK.A",3.16,CBF&CBL
DE000DDA0TP8,"EUR FL.R DZ BANK AG - FFT",9.84,CBF&CBL
BE6316668282,"EUR 1,135 WALLONE, REGION",14.33,CBF&CBL
DE000DFK0FN8,"EUR 0,35 DZ BANK AG - FFT",17.20,CBF&CBL
DE000SLB4246,"EUR 0,125 LANDESBK SAAR 2",0.82,CBF&CBL
DE000A3E5RF9,"EUR 0,05 INVESTITIONSBK D",15.41,CBF&CBL
ES00001010G6,"EUR 0,16 COMUN.DE MADRID ",0.88,CBF&CBL
DE000DB9VML2,"EUR 3,40 DEUTSCHE BANK AG",7.97,CBF&CBL
FR001400OHF4,"EUR 3,25 FRANCE 24-2055",3.82,CBF&CBL
DE000SHFM006,"EUR FL.R SCHLESWIG-HOLSTE",1.14,CBF&CBL
XS2936812366,"EUR FL.R NATWEST MARKETS ",7.50,CBF&CBL
FR001400WU93,"EUR 3,00 SOCIETE DE FINAN",2.72,CBF&CBL
XS3325350307,"USD 3,75 NEDERLAND.WATER.",1.59,CBF&CBL
DE000A2AAPP0,"EUR 0,50 LAND BERLIN 17-2",8.22,CBF&CBL
DE0001108827,"EUR 0,00 BUNDES DEUTSCH (",0.20,CBF&CBL
XS1877654126,"EUR 1,50 INVESTOR AB (REG",9.21,CBF&CBL
FR00140057V7,"EUR 0,634 HOPITAUX PARIS ",11.75,CBF&CBL
DE000NRW0M35,"EUR 0,50 NORDRHEIN-WESTFA",7.61,CBF&CBL
DE000A289KH3,"EUR 0,25 INVESTITIONSBK 2",2.45,CBF&CBL
ES0413320146,"EUR FL.R DEUTSCHE BANK SA",0.35,CBF&CBL
DE000NLB33Z1,"EUR 3,45 NORD/LB GZ 23-20",19.14,CBF&CBL
DE000A3MQYS5,"EUR FL.R LAND BERLIN 23-2",0.59,CBF&CBL
IT0005550428,"EUR 0,00 ITALY, REP.OF (B",7.75,CBF&CBL
XS2982126927,"EUR 3,25 LANSFORSAKRINGA ",11.27,CBF&CBL
EU000A4EBBP0,"EUR 2,25 EUROP.INVEST.BK ",0.45,CBF&CBL
IT0005692410,"EUR 2,20 ITALY, REP.OF (B",0.71,CBF&CBL
DE000A2YNWF0,"EUR 3,125 ING DIBA AG (RE",2.64,CBF&CBL
XS3371718340,"EUR 3,625 ING BANK N.V. (",19.85,CBF&CBL
BE0008522832,"EUR 0,00 BELGIUM, KINGDOM",5.60,CBF&CBL
XS1183806063,"EUR 1,395 BNP PARIBAS (RE",25.28,CBF&CBL
FR0013154218,"EUR 0,00 FRANCE (OAT STRI",6.97,CBF&CBL
BE0002284538,"EUR 1,875000 VLAAMS GEMEE",5.49,CBF&CBL
FR0013344686,"EUR 1,375 ENGIE (REGS) 18",5.37,CBF&CBL
DE000A2E4CE8,"EUR 0,80 AAREAL BK AG. 18",0.76,CBF&CBL
XS2117452156,"EUR 0,25 TELENOR ASA (REG",5.00,CBF&CBL
DE000LB2CSV3,"EUR 0,25 LBK BADEN-WUERTT",3.58,CBF&CBL
XS2283340060,"EUR 0,00 EIB (REGS) (2488",0.95,CBF&CBL
DE000NLB3ZL5,"EUR 1,85 NORD/LB GZ 22-20",8.70,CBF&CBL
DE000MHB30J1,"EUR 1,25 MUENCHENER HYPOB",1.19,CBF&CBL
XS2500414623,"EUR 1,50 OEST.KONTROLLBK ",0.56,CBF&CBL
FR001400CMZ7,"EUR 3,625 BQUE FED.CRED.M",18.26,CBF&CBL
DE000BU25018,"EUR 2,40 BUNDES DEUTSCH 2",0.48,CBF&CBL
AT0000A38HF9,"EUR 3,625 OBEROEST.LBK AG",0.70,CBF&CBL
XS2760109053,"EUR 2,875 LANDESBANK HESS",2.15,CBF&CBL
XS2761368286,"USD FL.R DZ BANK AG - FFT",7.50,CBF&CBL
IE000O6GBYC9,"EUR 3,10 NATIONAL TREASUR",4.79,CBF&CBL
DE000A4EUY77,"EUR FL.R MERCEDES-BENZ 26",5.00,CBF&CBL
DE000HEL0ZK8,"EUR 2,40 LANDESBANK HESS-",7.50,CBF&CBL
IT0004976491,"EUR 0,00 ITALY, REP.OF (B",0.24,CBF&CBL
IT0004976707,"EUR 0,00 ITALY, REP.OF (B",4.48,CBF&CBL
XS1508404651,"EUR 0,75 ASN BANK N.V. (R",1.60,CBF&CBL
XS1652855815,"EUR 1,50 VODAFONE GROUP P",5.00,CBF&CBL
IT0005320665,"EUR 1,25 UBI BANCA SCPA (",1.21,CBF&CBL
XS2079798562,"EUR 0,00 NEDERLAND.WATER.",0.39,CBF&CBL
AT0000A2SWQ8,"EUR 0,08 NIEDEROESTERREIC",2.29,CBF&CBL
DE000DW6C4S8,"EUR 3,02 DZ BANK AG - FFT",7.50,CBF&CBL
DE000LB5KP61,"USD 3,75 LBK BADEN-WUERTT",7.50,CBF&CBL
XS3295696754,"EUR FL.R VOLVO TREAS.AB (",5.00,CBF&CBL
DE000LB6R0K3,"EUR 3,10 LBK BADEN-WUERTT",21.98,CBF&CBL
DE000LB6SWH1,"EUR 3,05 LBK BADEN-WUERTT",26.28,CBF&CBL
FR0014019DU6,"EUR 3,25 CRH (REGS) 26-20",1.98,CBF&CBL
XS0749005186,"EUR 3,56 AUSTRIA, REP.OF ",1.59,CBF&CBL
FI4000148630,"EUR 0,75 FINLAND REP.OF (",2.40,CBF&CBL
DE000LB1M0Z1,"EUR 0,795 LBK BADEN-WUERT",0.57,CBF&CBL
DE000A1680S7,"EUR 1,00 BREMEN HANSTADT ",0.48,CBF&CBL
XS1891327436,"EUR 1,573 DNB BOLIGKREDIT",3.71,CBF&CBL
XS2081016763,"EUR 1,104 BP CAPITAL MARK",19.16,CBF&CBL
DE000A255CS8,"EUR 0,01 KREISSPARK GOEPP",2.43,CBF&CBL
DE000NRW0L51,"EUR 0,00 NORDRHEIN-WESTFA",5.44,CBF&CBL
FR001400FJM4,"EUR 3,00 CREDIT MUT ARK S",0.36,CBF&CBL
DE000DJ9AGR7,"EUR 2,90 DZ BANK AG - FFT",8.50,CBF&CBL
XS3094795054,"EUR FL.R LANDESBANK HESS-",0.39,CBF&CBL
DE000LB59A20,"EUR 2,50 LBK BADEN-WUERTT",13.20,CBF&CBL
BE0312824965,"EUR 0,00 BELGIUM, KINGDOM",0.69,CBF&CBL
XS0479694175,"EUR FL.R RESEAU FERRE FR ",1.07,CBF&CBL
ES0000012759,"EUR 0,00 SPAIN, KINGDOM O",1.85,CBF&CBL
FR0011225150,"GBP 5,50 EDF (REGS) 12-20",22.25,CBF&CBL
FR0013342946,"EUR 1,563 DEPART DES BOUC",6.81,CBF&CBL
DE000DK0TZU7,"EUR FL.R DEKABANK 19-2029",8.04,CBF&CBL
DE000A2E4DY4,"EUR 0,50 LAND SACHSEN ANH",1.23,CBF&CBL
DE000DK0T004,"EUR 1,08 DEKABANK 19-2039",35.75,CBF&CBL
DE000A3MQYT3,"EUR 0,75 HAMBURGER SPARK.",0.36,CBF&CBL
DE000A3MQT22,"EUR 3,125 SAECHS.AUFBAUBK",14.42,CBF&CBL
DE000DK01123,"EUR 3,62 DEKABANK 24-2033",19.10,CBF&CBL
DE000DJ9AFM0,"EUR 3,52 DZ BANK AG - FFT",16.75,CBF&CBL
DE000NLB45K7,"EUR 2,75 NORD/LB GZ 24-20",13.24,CBF&CBL
DE000NWB1WC2,"EUR 3,25 NRW.BANK 25-2040",4.97,CBF&CBL
DE000DJ9AZ67,"EUR 2,85 DZ BANK AG - FFT",25.73,CBF&CBL
AT0000A3URY6,"EUR 3,55 ERSTE GR.BK AG 2",29.32,CBF&CBL
EU000A1G0AJ7,"EUR 3,875 EFSF (REGS) 12-",3.43,CBF&CBL
XS1629387462,"EUR 1,50 HEIDELBERG MFL (",5.00,CBF&CBL
DE000SHFM741,"EUR 0,01 SCHLESWIG-HOLSTE",1.25,CBF&CBL
BE0002706878,"EUR 0,98 BRUSSELS, REG. O",12.21,CBF&CBL
AT0000A2KVP9,"EUR 0,00 NIEDEROESTERREIC",3.30,CBF&CBL
DE000SLB8718,"EUR 1,40 LANDESBK SAAR 22",17.57,CBF&CBL
XS2698773830,"EUR 3,875 BMW FIN.NV (REG",5.32,CBF&CBL
XS2702300836,"EUR 3,676 LANDWIRT.RENTEN",4.28,CBF&CBL
DE000A382962,"EUR 2,30 MERCEDES-BENZ F ",5.00,CBF&CBL
DE000A1RQEX0,"EUR 2,625 HESSEN LAND (RE",2.61,CBF&CBL
DE000BU0E436,"EUR 0,00 BUNDES DEUTSCH 1",0.17,CBF&CBL
DE000NRW0QT2,"EUR FL.R NORDRHEIN-WESTFA",0.51,CBF&CBL
ES0000011876,"EUR 0,00 SPAIN, KINGDOM O",1.20,CBF&CBL
IT0004545890,"EUR 2,55 ITALY, REP.OF (R",9.72,CBF&CBL
XS0733093529,"EUR 4,07 BUNDESIMMOBILIEN",11.32,CBF&CBL
FR0011470913,"EUR 3,25 REGION HAUTS 13-",6.22,CBF&CBL
XS1420379551,"EUR 1,25 NEDERLAND.WATER.",3.22,CBF&CBL
DE000A1680N8,"EUR 0,936 BREMEN HANSTADT",5.67,CBF&CBL
XS2397352233,"EUR 0,01 SPAREBANKEN NOR ",0.36,CBF&CBL
FR001400KO38,"EUR 4,125 BQUE FED.CRED.M",13.06,CBF&CBL
IT0005567117,"EUR FL.R INTESA SANPAOLO ",0.83,CBF&CBL
XS2705726698,"EUR 5,00 BANK GOSPODARSTW",28.40,CBF&CBL
DE000A1RQET8,"EUR 2,875 HESSEN LAND 24-",0.96,CBF&CBL
DE000A3H25V2,"EUR 2,625 BADEN-WUERTTEMB",2.66,CBF&CBL
BE0390204700,"EUR 3,03 KBC BANK NV (REG",1.64,CBF&CBL
FR00140144H2,"EUR 3,807 PARIS, VILLE DE",6.28,CBF&CBL
DE000DP9BEQ4,"EUR 3,05 DZ BANK AG - FFT",26.08,CBF&CBL
DE000NLB52F3,"EUR 2,30 NORD/LB GZ 26-20",8.31,CBF&CBL
XS3395922506,"EUR 3,00 BNG BANK N.V. (R",2.19,CBF&CBL
ES00000126D8,"EUR 4,00 SPAIN, KINGDOM O",6.14,CBF&CBL
FR0012872026,"EUR 2,70 METROPOLE D AIX ",6.05,CBF&CBL
DE000DDA0PA8,"EUR 2,50 DZ BANK AG - FFT",7.50,CBF&CBL
FR0013451796,"EUR 0,01 CRH (REGS) 19-20",1.08,CBF&CBL
ES0000106643,"EUR 0,85 BASQUE COUNTRY (",1.70,CBF&CBL
DE000RLP1254,"EUR 0,01 RHEINLAND-PFALZ ",1.48,CBF&CBL
DE000LB33KC6,"EUR 2,55 LBK BADEN-WUERTT",7.50,CBF&CBL
FR001400DFD6,"EUR 0,00 BPCE (REGS) 23-2",7.50,CBF&CBL
BE0002947282,"EUR 3,375 ING BELGIUM SA/",0.36,CBF&CBL
XS2636756657,"USD 4,00 FINNVERA PLC (RE",5.00,CBF&CBL
AT0000A35YV7,"EUR FL.R RAIFFEISEN LBK.A",0.62,CBF&CBL
FR001400O9E0,"EUR 3,111 ARKEA PUBLIC (R",0.84,CBF&CBL
XS2891034063,"EUR 3,533 E.JP.RAIL CO. (",20.42,CBF&CBL
XS2986729015,"EUR 2,75 YORKSH. BUILD.SO",1.15,CBF&CBL
XS2304675791,"EUR 1,816 EP INFRASTRUCTU",12.88,CBF&CBL
FR0014003US8,"EUR 1,165 PARIS, VILLE DE",12.34,CBF&CBL
FR0014005MV4,"EUR 0,50 CAISSE FCSE DE (",5.51,CBF&CBL
DE0001053676,"EUR 3,275 BAYERN, FREISTA",5.54,CBF&CBL
FR001400I293,"GBP 5,375 BQUE FED.CRED.M",7.50,CBF&CBL
FR001400I822,"EUR 3,375 AFD (REGS) 23-2",4.07,CBF&CBL
DE000DW6C6U9,"EUR 3,855 DZ BANK AG - FF",20.08,CBF&CBL
XS2787169536,"EUR 2,80 ASIAN DEV.BK 24-",0.34,CBF&CBL
DE000LB5P580,"EUR 2,40 LBK BADEN-WUERTT",7.50,CBF&CBL
XS3151770149,"EUR 3,75 ONTARIO,PROVINCE",7.37,CBF&CBL
DE000CZ457K9,"EUR 2,50 COMMERZBK AG (RE",1.38,CBF&CBL
AT0000A3ULB7,"EUR 3,50 ERSTE GR.BK AG 2",27.85,CBF&CBL
SK4000030532,"EUR 4,25 SLOVAK, REP. 26-",9.73,CBF&CBL
BE6000739282,"EUR 4,25 WALLONE, REGION ",3.82,CBF&CBL
FR0013251154,"EUR 1,50 COMP.FINA.FONCIE",3.32,CBF&CBL
XS1613374559,"EUR 1,125 FINNVERA PLC (R",12.64,CBF&CBL
DE000A2LQ4R6,"EUR 1,326 MUENCHENER HYPO",1.02,CBF&CBL
XS2022093517,"EUR 1,00 OMV AG (REGS/14)",18.51,CBF&CBL
XS2022425024,"EUR 0,75 SNCF RESEAU (REG",6.19,CBF&CBL
DE000NRW0L69,"EUR 0,463 NORDRHEIN-WESTF",3.09,CBF&CBL
DE000A289LE8,"EUR 0,01 LAND BERLIN (REG",1.56,CBF&CBL
DE000NLB3466,"EUR 3,40 NORD/LB GZ 23-20",8.07,CBF&CBL
BE0002892736,"EUR 3,25 BELFIUS BANK SA/",0.37,CBF&CBL
DE000NRW0NW3,"EUR 2,75 NORDRHEIN-WESTFA",1.81,CBF&CBL
IT0005534141,"EUR 4,50 ITALY, REP.OF (B",5.12,CBF&CBL
DE000A30VPC2,"EUR 2,25 DEUTSCHE BANK AG",0.36,CBF&CBL
DE000HLB5014,"EUR FL.R LANDESBANK HESS-",7.50,CBF&CBL
DE000NLB4UY7,"EUR 3,50 NORD/LB GZ 23-20",7.50,CBF&CBL
AT0000A373P1,"EUR 4,00 ERSTE GR.BK AG (",20.69,CBF&CBL
DE000LB520J3,"EUR 2,50 LBK BADEN-WUERTT",7.50,CBF&CBL
ES0413900988,"EUR 2,50 BANCO SANTANDER ",1.25,CBF&CBL
FR0014010JY4,"EUR 3,00 SOCIETE DE FINAN",3.61,CBF&CBL
EU000A4EG781,"EUR 2,50 EUROP.INVEST.BK ",0.94,CBF&CBL
DE000NLB5GK2,"EUR 2,00 NORD/LB GZ 25-20",10.53,CBF&CBL
XS0095130943,"GBP 4,875 WORLD BANK (1-6",0.94,CBF&CBL
DE000A12T9R9,"EUR 1,37 LAND BERLIN 14-2",0.52,CBF&CBL
IT0004548357,"EUR 0,00 ITALY, REP.OF (S",5.11,CBF&CBL
DE000A2E4UC4,"EUR 0,75 L-BANK 17-2029",1.19,CBF&CBL
XS1637329639,"EUR 0,75 KNAB N.V. (REGS/",0.36,CBF&CBL
BE0002642230,"EUR 1,535 BRUSSELS, REG. ",10.83,CBF&CBL
DE000SHFM683,"EUR 0,25 SCHLESWIG-HOLSTE",0.53,CBF&CBL
XS2038721861,"EUR 1,035 FERROVIE DEL ST",8.69,CBF&CBL
DE000DFK0F76,"EUR 3,00 DZ BANK AG - FFT",7.50,CBF&CBL
DE000NLB3UY9,"EUR 1,10 NORD/LB GZ 21-20",23.61,CBF&CBL
ES0000090847,"EUR 0,50 JUNTA DE ANDALUC",2.18,CBF&CBL
DE000NLB3ZM3,"EUR 2,00 NORD/LB GZ 22-20",11.72,CBF&CBL
DE000MHB65G3,"EUR 0,01 MUENCHENER HYPOB",7.50,CBF&CBL
AT0000A39P66,"EUR 3,125 OBERBANK AG(AT)",1.79,CBF&CBL
XS2804680291,"EUR 3,12 ACHMEA BANK N.V ",1.54,CBF&CBL
FR001400SCU5,"EUR 2,75 BPIFRANCE (REGS)",1.86,CBF&CBL
XS2976518204,"EUR FL.R BCEE LUX. (REGS/",7.50,CBF&CBL
XS2979675258,"EUR FL.R ABN AMRO BK NV (",7.50,CBF&CBL
DE000LB5X931,"EUR 2,10 LBK BADEN-WUERTT",7.50,CBF&CBL
DE000A4EB2Y0,"EUR 3,125 MERCEDES-BENZ (",12.08,CBF&CBL
DE000LB6GLM9,"EUR 2,05 LBK BADEN-WUERTT",7.50,CBF&CBL
XS3322486344,"USD FL.R COMMERZBK AG (RE",0.55,CBF&CBL
DE0001143410,"EUR 0,00 BUNDES DEUTSCH (",2.72,CBF&CBL
DE0001108744,"EUR 0,00 BUNDES DEUTSCH (",4.55,CBF&CBL
ES00000129L5,"EUR 0,00 SPAIN, KINGDOM O",5.78,CBF&CBL
DE000A2LQSN2,"EUR 0,75 KFW (REGS) 19-20",0.89,CBF&CBL
XS1975973485,"EUR 1,171 ABN AMRO BK NV ",5.16,CBF&CBL
XS2194192527,"EUR 2,00 INFINEON TECH.AG",15.94,CBF&CBL
DE000A2LQPJ6,"EUR 0,01 HAMBURG HANSESTA",0.58,CBF&CBL
DE000A2LQZ83,"EUR 3,00 HAMBURGISCHE INV",7.50,CBF&CBL
FR001400GM85,"EUR 3,50 CAISSE FCSE DE (",1.63,CBF&CBL
DE000LB387B4,"EUR 3,25 LBK BADEN-WUERTT",0.36,CBF&CBL
DE000CZ439L5,"EUR FL.R COMMERZBK AG 23-",7.50,CBF&CBL
XS2788023450,"USD 4,50 DEXIA S.A (REGS/",5.00,CBF&CBL
XS2907263284,"EUR 2,625 MORE BOLIGKREDI",1.04,CBF&CBL
ES0413860893,"EUR FL.R BCO.DE SABADELL ",0.78,CBF&CBL
XS3074462352,"EUR 2,75 ACHMEA BANK N.V ",1.70,CBF&CBL
ES0413860919,"EUR FL.R BCO.DE SABADELL ",0.49,CBF&CBL
DE000LB63W02,"EUR 3,20 LBK BADEN-WUERTT",20.29,CBF&CBL
DE000A2LQN79,"EUR 0,20 HAMBURG HANSESTA",6.27,CBF&CBL
IT0004534340,"EUR 0,00 ITALY, REP.OF (B",0.76,CBF&CBL
DE000SLB4345,"EUR 3,00 LANDESBK SAAR 23",0.54,CBF&CBL
DE000BU4K047,"EUR 0,00 BUNDES DEUTSCH 2",6.23,CBF&CBL
FR001400OEP0,"EUR FL.R BQUE FED.CRED.MU",7.50,CBF&CBL
AT0000A360Q6,"EUR FL.R ERSTE GR.BK AG 2",7.50,CBF&CBL
DE000A14J0S6,"EUR 2,375 NATIXIS PFANDBR",0.92,CBF&CBL
DE000DP9BG66,"EUR 2,54 DZ BANK AG - FFT",7.50,CBF&CBL
BE0008066152,"EUR 0,00 BELGIUM, KINGDOM",3.07,CBF&CBL
DE000LB0FBU8,"EUR FL.R LBK BADEN-WUERTT",13.49,CBF&CBL
IT0005083057,"EUR 3,25 ITALY, REP.OF (R",4.88,CBF&CBL
IT0005093312,"EUR 0,00 ITALY, REP.OF (B",7.03,CBF&CBL
BE0000341504,"EUR 0,80 BELGIUM, KINGDOM",0.69,CBF&CBL
FR0013234986,"EUR 1,375 CREDIT AGR HOME",1.67,CBF&CBL
IT0005248064,"EUR 0,00 ITALY, REP.OF (B",9.59,CBF&CBL
DE000A2LQQA3,"EUR 0,925 KSPK. LUDWIGSBU",0.81,CBF&CBL
FR0013430840,"EUR 1,625 GROUPE VYV (REG",7.26,CBF&CBL
FR0013510724,"EUR 0,125 BPIFRANCE (REGS",0.72,CBF&CBL
FR0014002KN2,"EUR 0,671 DEPART DES BOUC",9.20,CBF&CBL
DE000A1RQEN1,"EUR 3,25 HESSEN LAND 23-2",0.79,CBF&CBL
IT0005580276,"EUR 3,25 BANCA POP SONDRI",1.02,CBF&CBL
FR001400OHE7,"EUR FL.R BPCE (REGS) 24-2",7.50,CBF&CBL
FR0014010MT8,"EUR 3,25 BPCE (REGS) 25-2",2.47,CBF&CBL
DE000LB6QA20,"EUR 2,62 LBK BADEN-WUERTT",36.76,CBF&CBL
XS3366141128,"EUR 3,375 LANSFORSAKRINGA",14.97,CBF&CBL
FR0011346402,"EUR FL.R COMP.FINA.FONCIE",0.80,CBF&CBL
FR0011351238,"GBP 3,875 COMP.FINA.FONCI",3.05,CBF&CBL
XS1045386494,"EUR 2,75 DEUTSCHE BAHN AG",5.87,CBF&CBL
DE000A1685T4,"EUR 1,095 HAMBURG HANSEST",5.51,CBF&CBL
FR0013232253,"EUR 0,875 BPIFRANCE (REGS",0.72,CBF&CBL
DE000A2GSN58,"EUR 0,625 SPARKASSE HANNO",0.45,CBF&CBL
XS2385121582,"EUR 0,773 E.JP.RAIL CO. (",19.07,CBF&CBL
FR0014006IL1,"EUR 0,834 OCCITANIE, REG ",10.20,CBF&CBL
DE000BU25000,"EUR 2,20 BUNDES DEUTSCH 2",0.31,CBF&CBL
XS2597408272,"EUR 3,715 TOR-DOMINION BK",1.31,CBF&CBL
DE000NLB4V86,"EUR 3,60 NORD/LB GZ 23-20",7.50,CBF&CBL
DE000A3827M5,"EUR FL.R INV.UND STR.BK I",14.22,CBF&CBL
DE000NLB40R3,"EUR 2,85 NORD/LB GZ 24-20",7.50,CBF&CBL
DE000A383UY8,"EUR FL.R DEUTSCHE BANK AG",7.50,CBF&CBL
DE000LB5GFX0,"EUR 3,15 LBK BADEN-WUERTT",23.50,CBF&CBL
DE000NLB5EC4,"EUR 1,75 NORD/LB GZ 25-20",7.50,CBF&CBL
FR0014013WA1,"EUR 2,75 LA BQE POST HOM ",1.55,CBF&CBL
DE000BYL0RA8,"EUR 3,142123 BAYERNLB (RE",1.34,CBF&CBL
DE0001135275,"EUR 4 BRD 05-2037",1.84,CBF&CBL
XS0940293763,"EUR 3,00 CEZ AS (REGS/26)",5.00,CBF&CBL
DE000HLB2LR2,"EUR FL.R LANDESBANK HESS-",8.97,CBF&CBL
XS1618341496,"EUR 1,474 DNB BOLIGKREDIT",3.34,CBF&CBL
DE000NRW0KT5,"EUR 1,45 NORDRHEIN-WESTFA",4.84,CBF&CBL
DE000RLP1072,"EUR 0,50 RHEINLAND-PFALZ ",3.31,CBF&CBL
DE000SLB0GD3,"EUR 0,67 LANDESBK SAAR 21",23.61,CBF&CBL
ES0000012I81,"EUR 0,00 SPAIN, KINGDOM O",2.15,CBF&CBL
FR001400L354,"USD 4,875 SOCIETE DE FINA",1.38,CBF&CBL
DE000DJ9AHP9,"EUR FL.R DZ BANK AG - FFT",15.90,CBF&CBL
BE6368314702,"EUR 3,00 BELFIUS BANK SA/",13.35,CBF&CBL
DE000DJ9A0V6,"EUR 2,36 DZ BANK AG - FFT",7.50,CBF&CBL
EU000A4ELKS4,"EUR 0,00 EUROPEAN UNION 0",0.05,CBF&CBL
DE000A4EZFK7,"EUR FL.R TRATON SE (REGS)",5.42,CBF&CBL
XS0103369020,"GBP 5,75 OEST.KONTROLLBK ",1.32,CBF&CBL
DE0001142701,"EUR 0,00 BRD 05-2037",2.45,CBF&CBL
XS0213741647,"EUR FL.R KFW 05-2034",1.19,CBF&CBL
DE000A1R06C5,"EUR 2,375 DT. PFANDBRIEFB",0.61,CBF&CBL
FR0013234622,"EUR 0,00 FRANCE (OAT STRI",2.54,CBF&CBL
FR0013248523,"EUR 1,50 SUEZ SA (REGS) 1",7.67,CBF&CBL
DE000LB128E6,"EUR 1,01 LBK BADEN-WUERTT",7.50,CBF&CBL
FR0013482189,"EUR 0,375 CAISSE FCSE DE ",3.90,CBF&CBL
ES00001010J0,"EUR 2,822 COMUN.DE MADRID",1.44,CBF&CBL
ES0000106742,"EUR 3,50 BASQUE COUNTRY (",2.66,CBF&CBL
DE000HLB5097,"EUR 3,00 LANDESBANK HESS-",7.50,CBF&CBL
DE000A254Q76,"EUR 3,15 LAND SACHSEN ANH",1.05,CBF&CBL
DE000LB5KAU9,"EUR 2,81 LBK BADEN-WUERTT",14.71,CBF&CBL
DE000A383XT2,"EUR 2,50 NIEDERSACHSEN LA",1.10,CBF&CBL
DE000A382632,"EUR 2,875 DT. PFANDBRIEFB",0.48,CBF&CBL
XS3426448992,"USD 4,25 NRW.BANK (REGS/1",1.29,CBF&CBL
IT0005725236,"EUR 0,00 ITALY, REP.OF 29",0.19,CBF&CBL
DE000A5H2794,"EUR FL.R KFW 26-2028",0.39,CBF&CBL
DE000A2883X6,"EUR 0,70 DZ HYP AG 20-202",7.50,CBF&CBL
SI0002104105,"EUR 0,00 SLOVENIA REP.OF ",3.68,CBF&CBL
XS2299002423,"EUR 0,50 ITALGAS SPA (REG",18.16,CBF&CBL
DE000LFA2055,"EUR 2,00 LFA FRDRBK.BAYER",0.73,CBF&CBL
XS2604699327,"EUR 4,25 VOLKSWAGEN INTL.",7.50,CBF&CBL
DE000DJ9ADC6,"EUR 3,40 DZ BANK AG - FFT",7.50,CBF&CBL
DE000LB5C5X3,"EUR 2,70 LBK BADEN-WUERTT",13.40,CBF&CBL
DE000NRW0PN7,"EUR 2,70 NORDRHEIN-WESTFA",2.61,CBF&CBL
AT0000A3LMM1,"EUR 2,75 HYPO VORARLBERG ",1.70,CBF&CBL
XS3099153994,"USD FL.R ABN AMRO BK NV (",11.55,CBF&CBL
DE000LB6F6E7,"EUR 2,00 LBK BADEN-WUERTT",7.50,CBF&CBL
BE0001746974,"EUR 2,361 COMMUNAUT FRANC",8.93,CBF&CBL
XS1429528315,"EUR 1,641 UTD.UTIL.WATER.",13.60,CBF&CBL
DE000NLB0RV7,"EUR 1,52 NORD/LB GZ 18-20",7.50,CBF&CBL
FR0013368164,"EUR 1,50 RTE EDF TRANSPOR",10.27,CBF&CBL
XS2002018500,"EUR 1,625 VODAFONE GROUP ",12.21,CBF&CBL
FR0013499464,"EUR 0,938 RATP 20-2050",39.25,CBF&CBL
DE000MHB61W9,"EUR 0,568 MUENCHENER HYPO",17.93,CBF&CBL
IT0005422891,"EUR 0,90 ITALY, REP.OF (R",2.27,CBF&CBL
DE000LFA1867,"EUR 1,00 LFA FRDRBK.BAYER",1.51,CBF&CBL
FR001400E7B2,"EUR 3,29 PARIS, VILLE DE ",5.32,CBF&CBL
FR001400F5U5,"EUR 3,00 CADES (REGS) 23-",0.78,CBF&CBL
FR001400F6X7,"EUR 3,50 SOCIETE GRAND (R",5.13,CBF&CBL
DE000A383JG8,"EUR 3,00 BAUSPARK. SCHWA ",2.09,CBF&CBL
DE000A4DFKR6,"EUR 2,475 DZ HYP AG (REGS",0.83,CBF&CBL
XS3324523045,"EUR 2,971 TOR-DOMINION BK",1.64,CBF&CBL
FR0129704104,"EUR 0,00 BANQUE DE FRANCE",0.05,CBF&CBL
DE000BYL0RN1,"EUR 3,42 BAYERISCH.LANDES",7.50,CBF&CBL
XS1413812881,"EUR 1,913 ITALY, REP.OF (",1.54,CBF&CBL
IT0005240830,"EUR 2,20 ITALY, REP.OF (R",0.32,CBF&CBL
XS1873209172,"EUR 1,375 UNILEVER FIN BV",10.14,CBF&CBL
FR0013383197,"EUR 1,955 AFD (REGS) 18-2",10.66,CBF&CBL
FR0013413119,"EUR 1,656 AFD (REGS) 19-2",11.31,CBF&CBL
DE000BHY0GX9,"EUR 0,01 BERLIN HYP AG (R",1.40,CBF&CBL
FR0014004750,"EUR 0,25 BQUE FED.CRED.MU",7.50,CBF&CBL
XS2391570418,"EUR 0,01 STADSHYP AB (PUB",1.43,CBF&CBL
DK0004133139,"EUR 0,25 DANISH SHIP FINA",0.64,CBF&CBL
DE000A3H3G17,"EUR 0,375 THUERINGEN, FRE",6.56,CBF&CBL
DE000A1RQE18,"EUR 2,75 HESSEN LAND (REG",1.81,CBF&CBL
DE000BYL0C98,"USD 4,283 BAYERISCH.LANDE",0.58,CBF&CBL
DE000HEL0QG5,"EUR 2,00 LANDESBANK HESS-",7.50,CBF&CBL
DE000HEL0VQ4,"EUR 3,00 LANDESBANK HESS-",17.60,CBF&CBL
FR00140190P8,"EUR 3,492 LA BQE POST HOM",2.66,CBF&CBL
ES0000106783,"EUR 3,45 BASQUE COUNTRY (",3.50,CBF&CBL
ES0413860943,"EUR 3,375 BCO.DE SABADELL",1.49,CBF&CBL
FR0011833011,"EUR 3,00 REGION PAYS LOIR",1.77,CBF&CBL
XS1241581096,"EUR 1,75 TENNET NETHERLA ",5.00,CBF&CBL
XS1662491809,"EUR 0,875 DNB BOLIGKREDIT",0.40,CBF&CBL
DE000NLB0Q87,"EUR 2,12 NORD/LB GZ 18-20",24.68,CBF&CBL
XS2138680041,"EUR 0,27 BRITISH COLUMBIA",13.78,CBF&CBL
XS2185868051,"EUR 2,375 AIRBUS SE (REGS",26.51,CBF&CBL
DE000A289C48,"EUR 0,01 NIEDERSACHSEN LA",0.59,CBF&CBL
DE000DFK0CH7,"EUR 0,32 DZ BANK AG - FFT",13.24,CBF&CBL
FR0014006KQ6,"EUR 0,824 OCCITANIE, REG ",10.62,CBF&CBL
FR001400I8W2,"USD FL.R BNP PARIBAS (REG",7.50,CBF&CBL
XS0748873840,"EUR 6,15 ENEL FINANCE INT",5.00,CBF&CBL
XS1452574509,"EUR 0,70 BRITISH COLUMBIA",2.62,CBF&CBL
DE000A2BPJZ8,"EUR 0,20 THUERINGEN, FREI",0.34,CBF&CBL
EU000A287074,"EUR 0,00 EUROPEAN UNION (",0.42,CBF&CBL
IT0005481046,"EUR 0,375 CA ITALIA SPA (",1.77,CBF&CBL
FR001400HMX1,"EUR 3,25 SOCIETE DE FINAN",2.82,CBF&CBL
FR001400KR43,"EUR 3,75 ACOSS (REGS) 23-",6.24,CBF&CBL
ES0000012M69,"EUR 2,05 SPAIN, KINGDOM O",6.05,CBF&CBL
DE000NLB44R5,"EUR 2,85 NORD/LB GZ 24-20",7.50,CBF&CBL
FR0014015IR9,"EUR 3,625 REG. ILE DE FRA",3.63,CBF&CBL
DE000A460NG6,"EUR FL.R INVESTITIONSBK D",10.90,CBF&CBL
XS0457132453,"EUR 5,36 BK IRELAND MORTG",1.14,CBF&CBL
FR0011255280,"EUR 4,23 KLEPIERRE SA (RE",5.00,CBF&CBL
XS1403388694,"EUR 1,375 ENAGAS FINANCIA",5.00,CBF&CBL
DE000RLP0793,"EUR 0,60 RHEINLAND-PFALZ ",5.93,CBF&CBL
DE000NLB9AW2,"EUR FL.R NORD/LB GZ 17-20",8.23,CBF&CBL
XS1607149132,"EUR 1,121 SWEDBANK AB (RE",7.50,CBF&CBL
FR0013261187,"USD FL.R BPCE (BANQUE PO ",7.50,CBF&CBL
ES0000106726,"EUR 0,45 BASQUE COUNTRY (",2.45,CBF&CBL
XS2544624112,"EUR 2,75 BK OF MONTREAL (",0.40,CBF&CBL
DE000A351PJ6,"EUR 2,875 LAND BERLIN (RE",2.44,CBF&CBL
DE000A3SJZ35,"EUR 3,03 WIRTSCHAFTS-INFR",6.51,CBF&CBL
XS2902710370,"EUR 2,625 CCCIF (REGS/30)",5.00,CBF&CBL
DE000CZ45ZW4,"EUR 2,50 COMMERZBK AG (RE",1.36,CBF&CBL
ES0201001197,"EUR 3,36 AYUNTAM MADRID (",5.30,CBF&CBL
DE000NLB5FU3,"EUR 2,00 NORD/LB GZ 25-20",7.76,CBF&CBL
FR0014012SU9,"EUR 3,492 BPCE (REGS) 25-",3.35,CBF&CBL
XS3204229812,"EUR 2,50 SPAREBANKEN NOR ",1.39,CBF&CBL
DE000LB6GLP2,"EUR 2,45 LBK BADEN-WUERTT",11.00,CBF&CBL
FR0014018FD9,"EUR 3,125 CRH (REGS) 26-2",1.53,CBF&CBL
DE000NRW2YG9,"EUR FL.R NORDRHEIN-WESTFA",2.26,CBF&CBL
BE0001753079,"EUR 1,707 VLAAMS GEMEENSC",2.87,CBF&CBL
IT0003748776,"EUR 0,00 ITALY, REP.OF (B",0.50,CBF&CBL
BE0001783373,"EUR 2,10 WALLONE, REGION ",10.04,CBF&CBL
XS1894882387,"EUR 1,661 ASN BANK N.V. (",3.67,CBF&CBL
BE0002682632,"EUR 0,125 BELFIUS BANK SA",1.19,CBF&CBL
NL00150006U0,"EUR 0,00 DUTCH STATE 21-2",1.85,CBF&CBL
XS2334114779,"EUR 0,35 INTL.DEVEL..ASSO",3.18,CBF&CBL
XS2406886973,"EUR 0,70 RAIFFEISENBANK A",2.19,CBF&CBL
XS2448401591,"EUR 0,749 DZ PRIVATEBK AG",7.50,CBF&CBL
DE000HLB4538,"EUR FL.R LANDESBANK HESS-",7.50,CBF&CBL
XS2574267261,"USD 6,25 HUNGARY, REP.OF ",6.33,CBF&CBL
DE000DW6C2K9,"EUR FL.R DZ BANK AG - FFT",10.90,CBF&CBL
FR001400N7L0,"GBP 4,00 CAISSE DES DEPOT",1.75,CBF&CBL
DE000LB5DV13,"EUR 2,60 LBK BADEN-WUERTT",16.32,CBF&CBL
ES0000106775,"EUR 0,00 BASQUE COUNTRY (",3.67,CBF&CBL
XS3498851586,"USD 4,75 DEXIA S.A (REGS)",7.40,CBF&CBL
XS3276321679,"EUR 2,475 BK.NOVA SCOTIA ",0.90,CBF&CBL
XS3303588829,"EUR 2,75 MUNICIPALITY FIN",19.50,CBF&CBL
DE000LB4XFM1,"EUR 3,00 LBK BADEN-WUERTT",7.50,CBF&CBL
DE000LB619R6,"EUR 3,05 LBK BADEN-WUERTT",20.09,CBF&CBL
DE000LFA2568,"EUR 3,125 LFA FRDRBK.BAYE",2.11,CBF&CBL
AT000B065784,"EUR 1,995 RAIFFEISENLANDE",8.87,CBF&CBL
FR0013052974,"EUR 1,93 DEPART ESSONNE 1",5.58,CBF&CBL
AT0000A1Z304,"EUR 1,25 ERSTE GR.BK AG 1",7.87,CBF&CBL
DE000NLB2559,"EUR 1,375 NORD/LB GZ 18-2",7.50,CBF&CBL
DE000DFK0AU4,"EUR FL.R DZ BANK AG - FFT",11.32,CBF&CBL
DE000LB13V04,"EUR 0,10 LBK BADEN-WUERTT",15.27,CBF&CBL
XS2262802601,"EUR 0,01 STADSHYP AB (PUB",0.77,CBF&CBL
BE0002801828,"EUR 1,029 BRUSSELS, REG. ",11.17,CBF&CBL
DE000WBP0BB8,"EUR 0,125 WUESTENROT BSPK",1.09,CBF&CBL
DE000CZ45YH8,"EUR 3,578 COMMERZBK AG (R",8.88,CBF&CBL
FR0014013G33,"EUR FL.R LYON, COMMUNE (R",3.19,CBF&CBL
IT0003256820,"EUR 5,75 ITALY (BTP-ABI 3",2.59,CBF&CBL
FR0013200813,"EUR 0,25 FRANCE (REGS OAT",0.05,CBF&CBL
BE0008536972,"EUR 0,00 BELGIUM, KINGDOM",13.60,CBF&CBL
DE000DB9WLW9,"EUR 2,20 DEUTSCHE BANK AG",8.69,CBF&CBL
IT0005707689,"EUR FL.R ITALY, REP.OF (C",4.12,CBF&CBL
DE000LB664E0,"EUR 2,95 LBK BADEN-WUERTT",18.14,CBF&CBL
DE000LB6XJQ9,"EUR 3,56 LBK BADEN-WUERTT",10.29,CBF&CBL
FR0012146447,"EUR 2,09 CAISSE DES DEPOT",5.45,CBF&CBL
XS1956154113,"EUR 1,30 ASN BANK N.V. 19",3.11,CBF&CBL
AT0000A2STZ5,"EUR 0,57 KOMMUNALKREDIT A",10.89,CBF&CBL
FR0014009OM1,"EUR 1,125 CAISSE FCSE DE ",0.60,CBF&CBL
DE000DL19WV6,"EUR 2,625 DEUTSCHE BANK A",2.84,CBF&CBL
XS2538764684,"EUR 2,50 CCCIF (REGS/28) ",5.00,CBF&CBL
IT0005548315,"EUR 3,80 ITALY, REP.OF (B",1.02,CBF&CBL
XS2831765099,"EUR 4,375 BANK GOSPODARST",40.56,CBF&CBL
DE000BU4K120,"EUR 0,00 BUNDES DEUTSCH 2",4.67,CBF&CBL
XS3282211286,"EUR 3,161 OTP MORTG.BK LT",3.52,CBF&CBL
DE000DP9BLS5,"EUR 3,05 DZ BANK AG - FFT",12.41,CBF&CBL
XS1785355873,"EUR 1,886 NIEDEROESTERREI",7.16,CBF&CBL
XS1788694856,"EUR 1,00 ASN BANK N.V. (R",0.51,CBF&CBL
ES00000129Q4,"EUR 0,00 SPAIN, KINGDOM O",6.87,CBF&CBL
BE0002896778,"EUR 4,625 FLUVIUS SYSTEM ",19.58,CBF&CBL
FR001400FKH2,"EUR 3,053 CAISSE FCSE DE ",2.11,CBF&CBL
AT000B078746,"EUR FL.R RAIF.LBK NIEDERO",0.35,CBF&CBL
DE000NLB42X7,"EUR 3,05 NORD/LB GZ 24-20",9.34,CBF&CBL
DE000LB4W456,"EUR 3,25 LBK BADEN-WUERTT",21.99,CBF&CBL
DE000DJ9AMZ8,"EUR FL.R DZ BANK AG - FFT",12.27,CBF&CBL
XS3067990450,"EUR 2,875 SWEDBANK AB (RE",10.88,CBF&CBL
DE000A2YNX59,"EUR 0,01 KSPK. LUDWIGSBUR",1.39,CBF&CBL
IT0004534464,"EUR 0,00 ITALY, REP.OF (B",3.51,CBF&CBL
XS2364001078,"EUR 0,625 A2A SPA (REGS/1",14.13,CBF&CBL
XS2586011491,"EUR 3,00 ASIAN INFRA INV ",7.50,CBF&CBL
DK0004134020,"EUR 3,25 DANISH SHIP FINA",1.58,CBF&CBL
FR0014012P90,"EUR FL.R BQUE FED.CRED.MU",7.50,CBF&CBL
DE000HEL0X50,"EUR 3,00 LANDESBANK HESS-",16.87,CBF&CBL
XS3519606803,"USD 0,00 SWEDEN, KINGDOM ",0.47,CBF&CBL
ES0001348061,"EUR 4,063 COMUNIDAD ISLAS",5.21,CBF&CBL
ES0000012973,"EUR 0,00 SPAIN, KINGDOM O",2.91,CBF&CBL
XS0884635524,"EUR 2,75 EUROP.INVEST.BK ",2.34,CBF&CBL
FR0013173432,"EUR 1,25 SUEZ (REGS) 16-2",5.09,CBF&CBL
DE000A2GSLV6,"EUR 0,625 DT. PFANDBRIEFB",0.37,CBF&CBL
DE000DDA0U73,"EUR FL.R DZ BANK AG - FFT",7.50,CBF&CBL
FR0014004016,"EUR 0,00 CADES (REGS) 21-",0.48,CBF&CBL
DE0001143907,"EUR 0,00 BUNDES DEUTSCH 2",1.41,CBF&CBL
DE0001143923,"EUR 0,00 BUNDES DEUTSCH 2",1.79,CBF&CBL
XS2489466446,"EUR 2,00 ASIAN DEV.BK 22-",2.71,CBF&CBL
DE000DW6C474,"EUR 3,60 DZ BANK AG - FFT",7.50,CBF&CBL
DE000DW6C8B5,"EUR 3,87 DZ BANK AG - FFT",12.85,CBF&CBL
DE000LB5P5C2,"EUR 2,90 LBK BADEN-WUERTT",17.11,CBF&CBL
DE000LB544K1,"EUR 3,36 LBK BADEN-WUERTT",28.69,CBF&CBL
DE000LB4XC62,"EUR 3,38 LBK BADEN-WUERTT",4.02,CBF&CBL
ES0000012R56,"EUR 0,00 SPAIN, KINGDOM O",5.29,CBF&CBL
XS0138039275,"GBP 5 KFW INTL.FIN.INC.(E",3.14,CBF&CBL
EU000A1GY6W8,"EUR 3,75 EUROPEAN UNION (",2.57,CBF&CBL
DE000A0Z1UD5,"EUR 1,60 BAYERISCHE LANDB",1.11,CBF&CBL
XS1555331617,"EUR 0,50 EUROP.INVEST.BK ",0.07,CBF&CBL
IT0005355679,"EUR FL.R INTESA SANPAOLO ",1.63,CBF&CBL
DE000NLB3UU7,"EUR 0,40 NORD/LB GZ 21-20",12.84,CBF&CBL
IT0005494239,"EUR 2,50 ITALY, REP.OF (B",2.71,CBF&CBL
DE000BHY0JQ7,"EUR 1,50 LBK BADEN-WUERTT",7.50,CBF&CBL
DE000NRW0NH4,"EUR 4,485 NORDRHEIN-WESTF",1.12,CBF&CBL
DE0003811790,"EUR 0,00 BUNDES DEUTSCH 2",0.58,CBF&CBL
DE000A161R02,"EUR 2,90 BAYERISCHE LANDB",2.09,CBF&CBL
DE000DJ9AEC4,"EUR 2,50 DZ BANK AG - FFT",7.50,CBF&CBL
DE000NLB4514,"EUR 2,30 NORD/LB GZ 24-20",7.50,CBF&CBL
FR001400Z2L7,"EUR 2,70 FRANCE 25-2031",1.00,CBF&CBL
DE0001143451,"EUR 0,00 BUNDES DEUTSCH (",3.57,CBF&CBL
IT0005093304,"EUR 0,00 ITALY, REP.OF (B",6.83,CBF&CBL
DE0001108819,"EUR 0,00 BUNDES DEUTSCH 1",0.09,CBF&CBL
FR0014000QP8,"EUR 0,39 DEPARTEM VAL OIS",9.25,CBF&CBL
FR0014001LD3,"EUR 0,00 REGION BRETAGNE ",1.65,CBF&CBL
NL0015000LS8,"EUR 0,00 DUTCH STATE 21-2",0.89,CBF&CBL
DE000HLB4918,"EUR FL.R LANDESBANK HESS-",7.50,CBF&CBL
DE000NLB4WK2,"EUR FL.R NORD/LB GZ 23-20",9.71,CBF&CBL
IT0005568529,"EUR 4,125 BANCA POPO. DI ",0.75,CBF&CBL
XS2834272002,"EUR 2,95 ASIAN DEV.BK 24-",0.88,CBF&CBL
DE000BU22080,"EUR 2,20 BUNDES DEUTSCH 2",0.07,CBF&CBL
XS3123532882,"EUR 2,764 BMW FIN.NV (REG",7.29,CBF&CBL
XS3358410697,"EUR 2,875 OEST.KONTROLLBK",2.43,CBF&CBL
XS0096499057,"GBP 5 EUROP.INVEST.BK. 99",2.83,CBF&CBL
IT0004002819,"EUR 0,00 ITALY, REP.OF (B",3.75,CBF&CBL
NL0009446608,"EUR 0,00 DUTCH STATE (PRI",5.04,CBF&CBL
FR0011499086,"EUR 2,77 COMP.FINA.FONCIE",2.21,CBF&CBL
DE000DDA0KE1,"EUR FL.R DZ BANK AG - FFT",7.50,CBF&CBL
BE0002608868,"EUR 1,532 BRUSSELS, REG. ",6.91,CBF&CBL
BE6308844610,"EUR 2,057 WALLONE, REGION",8.70,CBF&CBL
BE0002778596,"EUR 0,50 WALLONE, REGION ",5.59,CBF&CBL
ES0000106668,"EUR 1,30 BASQUE COUNTRY 2",5.44,CBF&CBL
FR001400SD82,"USD 4,00 AFD (REGS) 24-20",0.71,CBF&CBL
XS2982332400,"EUR 3,125 BMW INTL INV BV",7.31,CBF&CBL
DE000DJ9ATC2,"EUR 2,86 DZ BANK AG - FFT",11.43,CBF&CBL
DE000LB56EC0,"EUR 3,10 LBK BADEN-WUERTT",24.69,CBF&CBL
DE000BYL0DY8,"EUR FL.R BAYERISCH.LANDES",13.62,CBF&CBL
BE6365525946,"EUR FL.R BELFIUS BANK SA/",7.50,CBF&CBL
DE000DJ9AYY6,"EUR 2,81 DZ BANK AG - FFT",32.24,CBF&CBL
XS3198655279,"EUR 2,625 LANSFORSAKRINGA",7.50,CBF&CBL
FI4000606231,"USD 0,00 FINLAND REP.OF 2",0.53,CBF&CBL
FR0010810200,"EUR 0,00 FRANCE (OAT STRI",0.53,CBF&CBL
DE000A2G8W32,"EUR 1,50 BREMEN HANSTADT ",3.18,CBF&CBL
BE0002754357,"EUR 0,65 WALLONE, REGION ",10.85,CBF&CBL
FR0014006UI2,"EUR 0,01 SOCIETE GEN.SFH ",0.36,CBF&CBL
FR001400EJQ8,"EUR 2,60 BPCE (REGS) 22-2",0.40,CBF&CBL
BE6343192710,"EUR 3,925 BELFIUS BANK SA",11.95,CBF&CBL
FR001400I2P9,"EUR 3,982 CREDIT MUTU ARK",19.73,CBF&CBL
DE000DW6C8T7,"EUR 3,50 DZ BANK AG - FFT",7.50,CBF&CBL
BE0002997782,"EUR 3,75 BRUSSELS, REG. O",6.77,CBF&CBL
FR001400SGD2,"EUR 3,00 COMP.FINA.FONCIE",1.91,CBF&CBL
DE000DJ9AQ84,"EUR 2,25 DZ BANK AG - FFT",14.30,CBF&CBL
DE000A3513X8,"EUR FL.R LAND BERLIN 25-2",2.01,CBF&CBL
DE000SLB9310,"EUR 4,125 LANDESBK SAAR (",14.88,CBF&CBL
XS1381583902,"EUR 1,919 ABN AMRO BK NV ",14.92,CBF&CBL
FR0013209871,"EUR FL.R FRANCE (REGS OAT",9.87,CBF&CBL
XS1910948329,"EUR 3,25 VOLKSWAGEN INTL.",11.88,CBF&CBL
XS2089226026,"EUR 1,75 DEUT.TELEKOM (RE",36.34,CBF&CBL
NL00150009Z3,"EUR 0,125 COOPERATIEVE RA",0.88,CBF&CBL
FR0014009O88,"EUR 1,125 BPCE (REGS) 22-",1.24,CBF&CBL
DE000A289KL5,"EUR 1,75 INVESTITIONSBK 2",0.50,CBF&CBL
XS2744955373,"EUR 2,75 BNG BANK N.V. (R",2.38,CBF&CBL
FR0014019WJ9,"EUR 4,00 ACTION LOGEMENT ",3.61,CBF&CBL
DE000HEL0ZC5,"EUR FL.R LANDESBANK HESS-",7.50,CBF&CBL
DE0001142164,"EUR 0,00 BRD(BUNDESREPUBL",1.10,CBF&CBL
XS0878008225,"EUR 2,625 EUROP.INVEST.BK",1.65,CBF&CBL
XS1515222468,"EUR 1,625 STATOIL ASA (RE",20.25,CBF&CBL
IT0004548399,"EUR 0,00 ITALY, REP.OF (S",5.74,CBF&CBL
FR0013296308,"EUR 1,47 LA BQE POST HOM ",3.48,CBF&CBL
DE000A1RQDK9,"EUR 0,00 HESSEN LAND (REG",1.17,CBF&CBL
DE000BHY0GA7,"EUR 0,50 LBK BADEN-WUERTT",10.35,CBF&CBL
BE0002757384,"EUR 0,01 BRUSSELS, REG. O",0.72,CBF&CBL
FR0014007RX5,"EUR 0,20 AGENCE FRANCE LO",1.76,CBF&CBL
DE000BLB9U20,"EUR 4,09 BAYERISCH.LANDES",19.65,CBF&CBL
DE000DJ9ABP2,"EUR 4,05 DZ BANK AG - FFT",29.72,CBF&CBL
DE000DJ9AKW9,"EUR FL.R DZ BANK AG - FFT",7.50,CBF&CBL
DE000LB546G4,"EUR 2,45 LBK BADEN-WUERTT",12.41,CBF&CBL
XS3267889965,"EUR FL.R VOLVO TREAS.AB (",5.00,CBF&CBL
FR0000571184,"EUR 0,00 FRANCE (OAT STRI",0.37,CBF&CBL
DE000NRW2152,"EUR 2,375 NORDRHEIN-WESTF",2.24,CBF&CBL
XS0984087204,"EUR 3,00 OEBB INFRASTRUKT",2.39,CBF&CBL
BE6287589491,"EUR 1,244 COMMUNAUT FRANC",3.27,CBF&CBL
IT0005247892,"EUR 0,00 ITALY, REP.OF (B",7.40,CBF&CBL
FI4000369467,"EUR 0,50 FINLAND REP.OF (",1.58,CBF&CBL
DE000A1KRJT0,"EUR 0,125 ING DIBA AG (RE",0.36,CBF&CBL
DE000NRW0MA1,"EUR 0,20 NORDRHEIN-WESTFA",1.40,CBF&CBL
XS2159783542,"EUR 0,50 ABN AMRO BK NV (",1.01,CBF&CBL
XS2390400716,"EUR 0,625 ENEL FINANCE IN",8.16,CBF&CBL
ES0000012D29,"EUR 0,00 SPAIN, KINGDOM O",8.35,CBF&CBL
DE000A30V3V8,"EUR 2,625 THUERINGEN, FRE",2.00,CBF&CBL
DE000NLB4XB9,"EUR 3,00 NORD/LB GZ 24-20",7.50,CBF&CBL
DE000A3SJZY2,"EUR 3,71 WIRTSCHAFTS-INFR",6.87,CBF&CBL
DE000CZ45YK2,"EUR 3,1585 COMMERZBK AG 2",5.83,CBF&CBL
IT0005631590,"EUR 3,65 ITALY, REP.OF (B",3.23,CBF&CBL
XS3440163569,"EUR 3,125 INTL.FIN.CORP. ",1.37,CBF&CBL
DE000A5KW3K3,"EUR 3,625 NATIXIS PFANDBR",1.14,CBF&CBL
XS3516257832,"EUR 0,00 EUROP.INVEST.BK ",0.06,CBF&CBL
DE000DG4UDK1,"EUR FL.R DZ BANK AG - FFT",7.50,CBF&CBL
XS2377379461,"EUR 0,10 JAPANFINANCE ORG",12.78,CBF&CBL
FR0014005690,"EUR 0,358 ALPES COTE D AZ",5.86,CBF&CBL
AT0000A2T4M8,"EUR 0,01 BSPK WUESTENROT ",0.79,CBF&CBL
XS2412105533,"EUR 0,01 DANSKE MTG BK (R",0.36,CBF&CBL
DE000A3MQT55,"EUR 2,75 SAECHS.AUFBAUBK ",13.43,CBF&CBL
DE000A4DFTK2,"EUR 3,10 KFW 25-2035",2.76,CBF&CBL
DE0001142685,"EUR 0,00 BRD 05-2035",1.94,CBF&CBL
IT0004976608,"EUR 0,00 ITALY, REP.OF (B",3.04,CBF&CBL
FR0011883966,"EUR 2,50 FRANCE (REGS OAT",0.80,CBF&CBL
XS1203048795,"EUR 1,40 POHJOLA BANK PLC",24.32,CBF&CBL
XS1647082095,"EUR FL.R AIB MORTGAGE BK ",0.35,CBF&CBL
DE000DG4UDZ9,"EUR FL.R DZ BANK AG - FFT",7.50,CBF&CBL
FR0013468147,"EUR 0,394 REGION BRETAGNE",3.50,CBF&CBL
XS2135799679,"EUR 2,519 BP CAPITAL MARK",5.00,CBF&CBL
BE0002736172,"EUR 0,125 VLAAMS GEMEENSC",3.25,CBF&CBL
DE000A3H24E1,"EUR 0,01 NIEDERSACHSEN LA",0.82,CBF&CBL
XS2262065159,"EUR 0,125 TENNET NETHERLA",13.48,CBF&CBL
DE000LB2BNT0,"USD 1,65 LBK BADEN-WUERTT",7.50,CBF&CBL
ES0000012E02,"EUR 0,00 SPAIN, KINGDOM O",10.76,CBF&CBL
BE0000358672,"EUR 3,30 BELGIUM, KINGDOM",9.88,CBF&CBL
XS2595650222,"EUR 3,25 LANDWIRT.RENTENB",1.47,CBF&CBL
DE000DW6DAZ6,"EUR 3,95 DZ BANK AG - FFT",20.77,CBF&CBL
DE000A351XU7,"EUR 2,75 DZ HYP AG (REGS)",1.50,CBF&CBL
DE000LB39EQ6,"EUR 3,125 LBK BADEN-WUERT",1.08,CBF&CBL
FR00140151E4,"EUR 2,926 SOC.GEN.SCF 25-",1.44,CBF&CBL
XS3401900256,"EUR 3,125 KOMERCNI BANKA ",1.91,CBF&CBL
DE000HEL0YS4,"EUR 3,00 LANDESBANK HESS-",13.06,CBF&CBL
FR0011916220,"EUR 2,655 CAISSE FCSE DE ",3.06,CBF&CBL
BE6302244577,"EUR 1,94 COMMUNAUT FRANCA",10.11,CBF&CBL
XS2057845518,"EUR 0,00 NEDERLAND.WATER.",2.85,CBF&CBL
EU000A1G0EK7,"EUR 0,00 EFSF (REGS) 20-2",0.74,CBF&CBL
FR001400ADP1,"EUR 1,75 UNEDIC (REGS) 22",2.49,CBF&CBL
BE6339449140,"EUR FL.R VLAAMS GEMEENSCH",0.72,CBF&CBL
DE000BLB7P86,"EUR 0,965 BAYERISCH.LANDE",13.52,CBF&CBL
DE000DFK0CK1,"EUR 0,26 DZ BANK AG - FFT",10.03,CBF&CBL
FR001400AKT8,"EUR 1,98 SOCIETE GENERALE",1.73,CBF&CBL
EU000A3K73L1,"EUR 2,125 EUROPEAN UNION ",2.67,CBF&CBL
DE000DJ9ACG9,"EUR 3,75 DZ BANK AG - FFT",21.29,CBF&CBL
DE000DJ9AGK2,"EUR 2,80 DZ BANK AG - FFT",7.50,CBF&CBL
XS2865588797,"EUR 3,35 QUEBEC,PROVINCE ",4.59,CBF&CBL
XS3045496026,"USD 4,00 NRW.BANK (REGS/1",1.64,CBF&CBL
DE000A4DE9G0,"EUR FL.R LAND BERLIN 25-2",0.53,CBF&CBL
DE000HEL0QH3,"EUR 2,10 LANDESBANK HESS-",7.86,CBF&CBL
XS1575640054,"EUR 2,125 ENERGA FIN. AB ",5.00,CBF&CBL
FR0013311495,"EUR 1,466 CAISSE FCSE DE ",3.52,CBF&CBL
XS1769041192,"EUR 1,375 NOVARTIS FIN SA",9.06,CBF&CBL
DE000DDA0TV6,"EUR 0,15 DZ BANK AG - FFT",10.58,CBF&CBL
FR0013465663,"EUR 0,65 DEPT DE LA GIRON",7.49,CBF&CBL
SK4000023636,"EUR 3,875 SLOVENSKA SPORI",0.40,CBF&CBL
DE000HEL0CZ5,"EUR 2,10 LANDESBANK HESS-",7.50,CBF&CBL
DE000LB6K2J8,"EUR 2,40 LBK BADEN-WUERTT",13.05,CBF&CBL
DE000HEL0WG3,"EUR 2,65 LANDESBANK HESS-",9.35,CBF&CBL
FR0010809475,"EUR 0,00 FRANCE (OAT STRI",1.92,CBF&CBL
FR0013102845,"EUR 1,375 LA BQE POST HOM",1.67,CBF&CBL
XS1558644438,"EUR 1,569 DNB BOLIGKREDIT",4.50,CBF&CBL
FR0013409612,"EUR 1,125 SOCIETE GRAND (",3.11,CBF&CBL
FR0013460417,"EUR 0,125 CREDIT MUT ARK ",1.17,CBF&CBL
XS2081168358,"EUR 0,01 OP MORTGAGE BK (",0.36,CBF&CBL
XS2291793813,"EUR 0,00 NEDERLAND.WATER.",3.50,CBF&CBL
FR0014008CQ9,"EUR 0,95 ILE-DE-FR. MOBI ",2.24,CBF&CBL
DE000A352AC1,"EUR 2,982 LAND SACHSEN AN",5.78,CBF&CBL
BE0390183490,"EUR 2,917 KBC BANK NV (RE",1.56,CBF&CBL
DE000A3MQTQ9,"EUR FL.R HAMBURG HANSESTA",1.79,CBF&CBL
XS3504711030,"USD 4,50 KOMM.INV.I SVERI",9.20,CBF&CBL
IT0001464202,"EUR 0,00 ITALY, REP.OF (B",2.27,CBF&CBL
FR0013296159,"EUR 1,25 COMP.FINA.FONCIE",1.90,CBF&CBL
FR0013372174,"EUR 1,452 LA BQE POST HOM",2.42,CBF&CBL
DE000CZ40N61,"EUR 0,725 COMMERZBK AG 19",9.99,CBF&CBL
FR0013511730,"EUR 0,729 REGION PAYS LOI",6.17,CBF&CBL
XS2179959817,"EUR 1,875 LUMO KODIT OYJ ",5.00,CBF&CBL
FR0014000345,"EUR 0,448 REGION PAYS LOI",8.16,CBF&CBL
DE000A351YA7,"EUR 1,50 NIEDERSACHSEN LA",1.20,CBF&CBL
XS2774573005,"USD 4,75 DZ BK AG (REGS/A",7.50,CBF&CBL
FR001400WPS3,"EUR 3,625 AFD (REGS) 25-2",4.88,CBF&CBL
DE000HEL0F03,"EUR 2,10 LANDESBANK HESS-",7.50,CBF&CBL
FR0014015FV7,"EUR 3,375 CRH (REGS) 26-2",2.59,CBF&CBL
XS0209082030,"EUR FL.R BNG BANK N.V. (R",1.27,CBF&CBL
FR0010372060,"EUR 0,00 FRANCE (OAT STRI",2.34,CBF&CBL
XS1394335308,"EUR 1,55 BNP PARIBAS (REG",15.23,CBF&CBL
AT0000A1SS02,"EUR 1,04 BNK FUER TIROL.V",0.40,CBF&CBL
AT000B093273,"EUR 1,375 RAIFFEISEN-LAND",2.04,CBF&CBL
IT0005405383,"EUR FL.R INTESA SANPAOLO ",2.55,CBF&CBL
DE000DFK0DT0,"EUR 0,24 DZ BANK AG - FFT",15.19,CBF&CBL
DE000A3MP6H1,"EUR 0,20 BAUSPARK. SCHWA ",1.63,CBF&CBL
XS2529234200,"EUR 2,375 KOMMUNEKREDIT (",17.11,CBF&CBL
DE000A4DFL98,"EUR 3,00 NIEDERSACHSEN LA",2.35,CBF&CBL
DE000A352AJ6,"EUR 2,04 LAND SACHSEN ANH",0.50,CBF&CBL
FR0013018090,"EUR 1,75 RATP (REGS) 15-2",10.65,CBF&CBL
ES0001351461,"EUR 1,585 CASTILLA Y LEON",3.30,CBF&CBL
IT0005248213,"EUR 0,00 ITALY, REP.OF (B",11.90,CBF&CBL
DE000LB12874,"EUR 2,21 LBK BADEN-WUERTT",21.72,CBF&CBL
FR0013487543,"GBP 1,375 BPCE (REGS) 20-",7.50,CBF&CBL
FR0014003YN1,"EUR 0,01 AFD (REGS) 21-20",1.54,CBF&CBL
XS2556223233,"EUR 3,125 MORE BOLIGKREDI",0.44,CBF&CBL
FR001400FOM4,"EUR 4,00 BPCE (BANQUE PO ",7.50,CBF&CBL
DE000CZ43ZV1,"EUR 3,25 COMMERZBK AG 23-",7.50,CBF&CBL
FR001400I2S3,"EUR 3,70 PAYS DE LA LOIRE",6.49,CBF&CBL
XS2772270703,"EUR 4,256 LEASYS S.P.A. (",6.30,CBF&CBL
DE000DJ9AKD9,"EUR 3,35 DZ BANK AG - FFT",7.50,CBF&CBL
IT0005550402,"EUR 0,00 ITALY, REP.OF (B",7.62,CBF&CBL
DE000DB9VTR4,"EUR 3,10 DEUTSCHE BANK AG",9.51,CBF&CBL
DE000BU25034,"EUR 2,50 BUNDES DEUTSCH 2",0.66,CBF&CBL
DE000A3828N1,"EUR FL.R INVESTITIONSBK 2",1.29,CBF&CBL
DE000DJ9A1D2,"EUR 2,67 DZ BANK AG - FFT",12.84,CBF&CBL
DE000A460QE4,"EUR 2,50 SPARKASS.PFORZHE",1.30,CBF&CBL
BE6372380624,"EUR 2,84 BNP PARIBAS FORT",1.92,CBF&CBL
XS3371718423,"EUR 3,25 ING BANK N.V. (R",9.12,CBF&CBL
AT0000A10683,"EUR 2,40 AUSTRIA, REP.OF ",3.54,CBF&CBL
BE6298765700,"EUR 1,885 WALLONE, REGION",6.39,CBF&CBL
DE000HV2AS85,"EUR 0,03 UNICREDIT BANK 2",2.31,CBF&CBL
XS2107315470,"EUR 0,625 ENI SPA (REGS/2",8.74,CBF&CBL
BE6320936287,"EUR 3,70 ANHEU.-BUSCH INB",24.73,CBF&CBL
XS2478013084,"EUR 1,71 DZ PRIVATEBK AG ",7.50,CBF&CBL
AT0000A3A3B3,"EUR 3,00 HYPO NOE LANDES ",1.20,CBF&CBL
DE000DB9VQP4,"EUR 3,05 DEUTSCHE BANK AG",7.50,CBF&CBL
XS2910610364,"EUR 3,00 ABN AMRO BK NV (",16.02,CBF&CBL
DE000NRW0PT4,"EUR 2,963 NORDRHEIN-WESTF",7.71,CBF&CBL
FR0014010DQ3,"EUR 4,125 HOPITAUX PARIS ",10.22,CBF&CBL
ES00001010R3,"EUR 2,487 COMUN.DE MADRID",1.78,CBF&CBL
XS3375213801,"GBP 4,50 NEDERLAND.WATER.",1.34,CBF&CBL
ES0000099160,"EUR 0,00 COM. AUTO. EXTRE",5.66,CBF&CBL
XS1572428651,"EUR FL.R AIB MORTGAGE BK ",0.35,CBF&CBL
XS1805258586,"EUR 1,5475 BK IRELAND MOR",4.75,CBF&CBL
XS1944327631,"EUR 0,875 COOP RABOBK UA ",0.83,CBF&CBL
DE000SLB8429,"EUR 0,70 LANDESBK SAAR 20",7.50,CBF&CBL
XS2147133578,"EUR 1,75 UNILEVER FIN BV ",9.03,CBF&CBL
DE000NRW0MY1,"EUR 0,125 NORDRHEIN-WESTF",1.86,CBF&CBL
DE000DFK0KM0,"EUR 0,13 DZ BANK AG - FFT",16.45,CBF&CBL
DE000LB536A8,"USD 4,22 LBK BADEN-WUERTT",11.87,CBF&CBL
DE000A4DFTY3,"EUR 2,75 LAND SACHSEN ANH",1.92,CBF&CBL
DE000NLB5FF4,"EUR 2,10 NORD/LB GZ 25-20",7.50,CBF&CBL
DE000LB6X517,"EUR 2,88 LBK BADEN-WUERTT",7.50,CBF&CBL
XS1894690715,"EUR 1,697 ASN BANK N.V. (",3.67,CBF&CBL
XS2229434852,"EUR 0,50 ERG SPA (REGS/2)",5.00,CBF&CBL
DE000A3MQYP1,"EUR 2,75 LAND BERLIN (REG",2.15,CBF&CBL
DE000NLB4Z90,"EUR FL.R NORD/LB GZ 24-20",10.58,CBF&CBL
DE000DJ9AH77,"EUR FL.R DZ BANK AG - FFT",11.34,CBF&CBL
FR001400PMU0,"EUR 3,125 COMP.FINA.FONCI",0.36,CBF&CBL
IT0005678773,"EUR 2,875 MEDIOBANCA SPA ",1.69,CBF&CBL
XS3268851345,"GBP 4,00 KFW (REGS) 26-20",2.02,CBF&CBL
IT0006526609,"EUR 10,5 EIB 99-2029",0.86,CBF&CBL
DE000A1ZZ028,"EUR 1,00 BMW US CAP.LLC (",5.00,CBF&CBL
FR0013139367,"EUR 1,375 BPCE SFH (REGS)",3.58,CBF&CBL
XS1388864503,"EUR 1,50 SNCF RESEAU (REG",6.33,CBF&CBL
XS1555161196,"EUR 1,337 BRITISH COLUMBI",4.21,CBF&CBL
XS1750974658,"EUR 0,75 ERSTE GR.BK AG (",0.46,CBF&CBL
BE0002580588,"EUR 1,813 BRUSSELS, REG. ",10.25,CBF&CBL
BE0002617950,"EUR 0,725 BRUSSELS, REG. ",0.72,CBF&CBL
DE000SLB0GE1,"EUR 0,68 LANDESBK SAAR 21",23.74,CBF&CBL
FR0014007UQ3,"GBP 1,875 BQUE FED.CRED.M",7.50,CBF&CBL
FR001400HCR4,"EUR 3,875 CRED. AGRICOLE ",14.75,CBF&CBL
DE000DB9VGP5,"EUR 3,60 DEUTSCHE BANK AG",7.50,CBF&CBL
DE000A30VNS3,"EUR 2,875 IB SCHLESWIG-HO",20.13,CBF&CBL
DE000A1RQE00,"EUR FL.R HESSEN LAND 24-2",0.54,CBF&CBL
DE000A3825K3,"EUR FL.R DZ HYP AG 24-202",0.40,CBF&CBL
SK4000021119,"EUR 2,00 SLOVENSKA SPORIT",0.66,CBF&CBL
DE000LFA2360,"EUR 2,875 LFA FRDRBK.BAYE",1.83,CBF&CBL
BE6233230109,"EUR 4,04 BRUSSELS, REG. O",3.36,CBF&CBL
DE0001040962,"EUR 2,07 BADEN-WUERTTEMBE",1.02,CBF&CBL
DE0003811477,"EUR 0,00 BUNDES DEUTSCH (",0.73,CBF&CBL
BE0008539034,"EUR 0,00 BELGIUM, KINGDOM",15.26,CBF&CBL
XS1699970551,"EUR 1,541 DNB BOLIGKREDIT",3.43,CBF&CBL
DE000DDA0P21,"EUR 1,00 DZ BANK AG - FFT",7.50,CBF&CBL
DE000NRW0L02,"EUR 0,50 NORDRHEIN-WESTFA",4.32,CBF&CBL
DE000HLB40Q7,"EUR 0,70 LANDESBANK HESS-",23.84,CBF&CBL
XS2193982803,"EUR 1,362 UPJOHN FINANCE ",5.00,CBF&CBL
DE000A30VJG6,"EUR 1,25 INV.UND STR.BK I",7.50,CBF&CBL
AT0000A305R9,"EUR 2,50 HYPO NOE LANDES ",1.34,CBF&CBL
XS2577104321,"EUR 2,875 MUNICIPALITY FI",7.50,CBF&CBL
XS2592234749,"EUR 3,25 SEB (REGS/326) 2",0.56,CBF&CBL
BE0002985662,"EUR 3,58 BELFIUS BANK SA/",4.28,CBF&CBL
DE000NLB42Z2,"EUR 3,15 NORD/LB GZ 24-20",12.40,CBF&CBL
DE000A4DFJL1,"EUR FL.R DEUTSCHE BANK AG",0.70,CBF&CBL
XS3289063417,"USD FL.R AB SVENSK EXP (7",1.07,CBF&CBL
XS3308585242,"EUR FL.R KONINK. AHOLD D ",5.00,CBF&CBL
DE000NRW0SG5,"EUR 3,35 NORDRHEIN-WESTFA",3.93,CBF&CBL
DE000HEL0X35,"EUR 2,60 LANDESBANK HESS-",7.50,CBF&CBL
DE0001135085,"EUR 4,75 BRD 98-2028",0.40,CBF&CBL
DE0001468361,"EUR 4,32 DEPFA DEUTSCHE P",1.66,CBF&CBL
FR0010810135,"EUR 0,00 FRANCE (OAT STRI",0.04,CBF&CBL
XS1505554771,"EUR 1,93 TEL.EMISIONES SA",14.29,CBF&CBL
FR0013365269,"EUR 0,75 CAISSE DES DEPOT",1.40,CBF&CBL
NL0013423155,"EUR 1,432 NATIONALE NL BA",3.83,CBF&CBL
FR0013421823,"EUR FL.R ORANGE (REGS) 19",13.61,CBF&CBL
XS2322438990,"EUR 0,875 CZECH GAS NETWO",11.58,CBF&CBL
DE000DB9U5B0,"EUR FL.R DEUTSCHE BANK AG",7.50,CBF&CBL
AT0000A381A6,"EUR 4,05 ERSTE GR.BK AG (",20.80,CBF&CBL
FR0013342219,"EUR 1,5225 BPCE SFH (REGS",3.61,CBF&CBL
DE000SHFM659,"EUR 0,375 SCHLESWIG-HOLST",0.34,CBF&CBL
DE000NRW0ML8,"EUR 0,00 NORDRHEIN-WESTFA",3.27,CBF&CBL
DE000A2GS4K6,"EUR 0,76 SAECHS.AUFBAUBK ",8.04,CBF&CBL
FR0014005NA6,"EUR 0,125000 AFD (REGS) 2",3.37,CBF&CBL
DE000BHY0JD5,"EUR 0,325 LBK BADEN-WUERT",0.85,CBF&CBL
DE000NLB4XH6,"EUR 3,15 NORD/LB GZ 24-20",7.63,CBF&CBL
XS2712746960,"EUR 3,913 COOPERATIEVE RA",7.50,CBF&CBL
DE000DP9BJB5,"EUR 3,32 DZ BANK AG - FFT",24.12,CBF&CBL
DE000A2AARK7,"EUR 0,447 LAND SACHSEN AN",0.50,CBF&CBL
ES0440609396,"EUR 1,00 CAIXABANK S.A. (",0.46,CBF&CBL
FR0013336492,"EUR 1,25 UNEDIC (REGS) 18",2.72,CBF&CBL
ES0000090821,"EUR 2,30 JUNTA DE ANDALUC",10.24,CBF&CBL
XS2150054372,"EUR 2,375 COMP.DE SAINT-G",5.00,CBF&CBL
FR0014002FB7,"EUR 0,01 BPCE SFH (REGS) ",1.59,CBF&CBL
EU000A3K4DD8,"EUR 1,00 EUROPEAN UNION (",1.25,CBF&CBL
ES00001010I2,"EUR 1,723 COMUN.DE MADRID",2.38,CBF&CBL
FR001400K5P8,"EUR FL.R REGION BRETAGNE ",0.72,CBF&CBL
DE000A289MV0,"EUR FL.R AAREAL BK AG. 23",0.86,CBF&CBL
DE000DJ9AGT3,"EUR FL.R DZ BANK AG - FFT",19.98,CBF&CBL
XS2791994309,"EUR 3,00 ASN BANK N.V. (R",1.52,CBF&CBL
DE000CZ45YM8,"EUR FL.R COMMERZBK AG 24-",0.79,CBF&CBL
DE000DJ9ANE1,"EUR FL.R DZ BANK AG - FFT",7.50,CBF&CBL
DE000A3LH6U5,"EUR 3,70 MERCEDES-BENZ (R",11.42,CBF&CBL
DE000A30V6Z2,"EUR FL.R LAND, BRANDENBUR",1.06,CBF&CBL
DE000LB6R0H9,"EUR 2,85 LBK BADEN-WUERTT",17.23,CBF&CBL
XS3389643407,"EUR 3,25 FEDE.CAIS.DESJAR",1.74,CBF&CBL
DE0001108868,"EUR 0,00 BUNDES DEUTSCH 1",0.63,CBF&CBL
DE000NLB04E7,"EUR 1,365 NORD/LB GZ (REG",8.71,CBF&CBL
DE000DK0T020,"EUR 0,585 DEKABANK 19-202",11.29,CBF&CBL
BE6329638975,"EUR 0,15 COMMUNAUT FRANCA",3.41,CBF&CBL
FR0014005TP1,"EUR 0,408 AUVERGNE- RHONE",3.46,CBF&CBL
DE000MHB31J9,"EUR 1,875 MUENCHENER HYPO",1.81,CBF&CBL
FR001400JMJ6,"EUR 3,46 CREDIT AGRICOLE ",2.73,CBF&CBL
DE000DJ9AAV2,"EUR 4,30 DZ BANK AG - FFT",20.62,CBF&CBL
BE0390102656,"EUR 2,85 BRUSSELS, REG. O",2.32,CBF&CBL
IT0005425829,"EUR 0,00 ITALY, REP.OF (B",2.24,CBF&CBL
EU000A4EJF17,"EUR 3,625 EUROPEAN UNION ",2.58,CBF&CBL
DE000BU4Z185,"EUR 0,00 BUNDES DEUTSCH 2",3.97,CBF&CBL
XS0790003023,"EUR 2,75 ASFINAG(AT) (REG",2.51,CBF&CBL
IT0004976764,"EUR 0,00 ITALY, REP.OF (B",5.49,CBF&CBL
DE000LB1QAW1,"EUR 1,15 LBK BADEN-WUERTT",7.50,CBF&CBL
DE000LB12809,"EUR 2,31 LBK BADEN-WUERTT",14.12,CBF&CBL
DE000HLB4WQ7,"EUR 0,96 LANDESBANK HESS-",7.50,CBF&CBL
XS2021499871,"EUR 0,01 DEKABANK (REGS) ",0.40,CBF&CBL
XS2077546682,"EUR 0,625 E.ON SE (REGS/6",14.82,CBF&CBL
XS2307309893,"USD 1,00 LANDWIRT.RENTENB",0.53,CBF&CBL
XS2401591800,"USD 1,125 FINNVERA PLC (R",5.00,CBF&CBL
XS2504099669,"EUR 1,95 ASIAN DEV.BK 22-",1.67,CBF&CBL
DE000NLB4SQ7,"EUR 3,35 NORD/LB GZ 23-20",8.66,CBF&CBL
DE000NLB41E9,"EUR 3,60 NORD/LB GZ 24-20",27.89,CBF&CBL
DE000BLB9ZE1,"EUR 3,00 BAYERISCH.LANDES",15.29,CBF&CBL
DE000LB5X550,"EUR 2,30 LBK BADEN-WUERTT",11.22,CBF&CBL
DE000BU4Z144,"EUR 0,00 BUNDES DEUTSCH 2",1.48,CBF&CBL
XS3108459572,"EUR 3,855 MANITOBA, PROV.",7.17,CBF&CBL
EU000A4DMLX2,"EUR 0,00 ESM (REGS) 08102",0.02,CBF&CBL
XS0927200393,"EUR 2,42 KOMMUNEKREDIT (R",28.22,CBF&CBL
FR0013415429,"EUR 0,97 BPCE SFH 19-2035",2.63,CBF&CBL
FR0013452315,"EUR 0,00 AUVERGNE- RHONE ",1.45,CBF&CBL
AT0000A2C5A9,"EUR 0,26 RAIFFEISENVERBAN",1.27,CBF&CBL
FR0010482315,"EUR 0,00 FRANCE (OAT PRIN",1.54,CBF&CBL
XS1826217140,"EUR 1,637 ABN AMRO BK NV ",6.74,CBF&CBL
XS2049146215,"EUR 0,50 VIER GAS TRANSPO",21.97,CBF&CBL
IT0004534415,"EUR 0,00 ITALY, REP.OF (B",2.67,CBF&CBL
DE000A1RQDW4,"EUR 0,01 HESSEN LAND 20-2",1.37,CBF&CBL
DE000BHY0HW9,"EUR 0,25 LBK BADEN-WUERTT",2.11,CBF&CBL
DE000A30V4M5,"EUR 2,775 HAMBURGER SPARK",0.40,CBF&CBL
DE000DJ9ACD6,"EUR 3,25 DZ BANK AG - FFT",7.50,CBF&CBL
FR001400TB83,"EUR 3,625 ACTION LOGEMENT",4.35,CBF&CBL
XS3097942141,"EUR 2,50 PKO BK HIPOTECZN",1.24,CBF&CBL
DE000NLB5107,"EUR FL.R NORD/LB GZ 25-20",3.90,CBF&CBL
DE000A460F53,"EUR 2,95 MECKLENBURG-VORP",2.06,CBF&CBL
XS3362312053,"EUR FL.R AUSTRIA, REP.OF ",2.55,CBF&CBL
FI4000037635,"EUR 2,75 FINLAND REP.OF (",0.93,CBF&CBL
FR0013234333,"EUR 1,75 FRANCE (REGS OAT",2.55,CBF&CBL
DE000NLB29K1,"EUR 0,55 NORD/LB GZ 20-20",8.10,CBF&CBL
AT0000A2NW83,"EUR 0,00 AUSTRIA, REP.OF ",2.37,CBF&CBL
DE000A3MP4W5,"EUR 1,625 VONOVIA SE (REG",41.24,CBF&CBL
FR0014007L00,"EUR 0,00 FRANCE (REGS OAT",1.34,CBF&CBL
DE000HEL0NE7,"EUR 1,90 LANDESBANK HESS-",7.50,CBF&CBL
DE000NLB52E6,"EUR 2,00 NORD/LB GZ 26-20",7.50,CBF&CBL
DE000LB6R0F3,"EUR 2,55 LBK BADEN-WUERTT",11.76,CBF&CBL
FR0011521590,"EUR 3,03 CAISSE DES DEPOT",4.14,CBF&CBL
SK4120010430,"EUR 1,375 SLOVAK, REP. (R",0.85,CBF&CBL
FR0012635803,"EUR 1,11 ALPES COTE D AZU",4.84,CBF&CBL
ES00000127W6,"EUR 0,00 SPAIN, KINGDOM O",1.44,CBF&CBL
XS1309526405,"EUR 1,90 LINDE FIN.BV (RE",10.36,CBF&CBL
FR0013357092,"EUR 1,72 PARIS, VILLE DE ",10.17,CBF&CBL
ES0000106635,"EUR 1,125 BASQUE COUNTRY ",1.23,CBF&CBL
DE000A289K30,"EUR 0,01 BREMEN HANSTADT ",0.69,CBF&CBL
DE000A3H2V76,"EUR 0,239 MECKLENBURG-VOR",10.92,CBF&CBL
DE000A14JZP2,"EUR 0,01 BADEN-WUERTTEMBE",1.56,CBF&CBL
XS2353182376,"EUR 0,875 ENEL FINANCE IN",25.51,CBF&CBL
XS2458335044,"EUR 1,18 BK.NOVA SCOTIA  ",3.34,CBF&CBL
FR001400AJT0,"EUR 1,875 CAISSE FCSE DE ",2.30,CBF&CBL
AT0000A2YP63,"EUR FL.R ERSTE GR.BK AG (",8.12,CBF&CBL
DE000HLB57M0,"EUR 3,00 LANDESBANK HESS-",12.46,CBF&CBL
DE000DJ9AL55,"EUR 3,00 DZ BANK AG - FFT",7.50,CBF&CBL
DE000NLB5CP0,"EUR 3,25 NORD/LB GZ 25-20",24.24,CBF&CBL
DE000SLB9054,"EUR 3,375 LANDESBK SAAR 2",24.29,CBF&CBL
XS3097917895,"EUR 2,516 BK.NOVA SCOTIA ",1.05,CBF&CBL
XS3216966948,"EUR FL.R NORDEA MORTGAGE ",0.82,CBF&CBL
DE000DP9BF18,"EUR 1,85 DZ BANK AG - FFT",7.50,CBF&CBL
DE000A3SJZ92,"EUR 2,875 WIRTSCHAFTS-INF",2.24,CBF&CBL
XS0095166897,"EUR 0,50 DEN NORSKE STATS",5.62,CBF&CBL
DE000NLB2FD6,"EUR FL.R NORD/LB GZ 11-20",13.72,CBF&CBL
FR0011603760,"EUR 2,9575 LA BQE POST HO",1.72,CBF&CBL
DE000DG4UD11,"EUR FL.R DZ BANK AG - FFT",7.50,CBF&CBL
BE0001779330,"EUR 1,76 COMMUNAUT FRANCA",6.60,CBF&CBL
DE000A2E4EB0,"EUR 1,375 LAND BERLIN 18-",3.73,CBF&CBL
ES0000101909,"EUR 1,571 COMUN.DE MADRID",1.22,CBF&CBL
ES00000129G5,"EUR 0,00 SPAIN, KINGDOM O",4.63,CBF&CBL
XS2281343256,"EUR 0,375 BAYER AG (REGS)",7.07,CBF&CBL
XS2334267098,"EUR 0,50 NEDERLAND.WATER.",7.28,CBF&CBL
ES00001010H4,"EUR 1,931 COMUN.DE MADRID",8.33,CBF&CBL
AT0000A2XLB3,"EUR 1,25 RAIFFEISEN LBK.A",0.40,CBF&CBL
XS2491738949,"EUR 3,75 VOLKSWAGEN INTL.",5.00,CBF&CBL
ES0413679541,"EUR FL.R BANKINTER (REGS)",0.35,CBF&CBL
FR001400L966,"EUR 4,407 LA BANQUE POSTA",20.38,CBF&CBL
DE000CZ439P6,"EUR 2,75 COMMERZBK AG (RE",1.46,CBF&CBL
XS2838886062,"EUR 2,875 BNG BANK N.V. (",1.75,CBF&CBL
FR001400QW65,"EUR 3,75 PARIS, VILLE DE ",8.88,CBF&CBL
XS3008572649,"GBP FL.R ABN AMRO BK NV (",7.50,CBF&CBL
AT0000A3D5E9,"EUR 3,20 ERSTE GR.BK AG 2",7.50,CBF&CBL
DE000BYL0FW7,"EUR 2,10 BAYERISCH.LANDES",7.50,CBF&CBL
DE000DJ9A0X2,"EUR 1,94 DZ BANK AG - FFT",7.50,CBF&CBL
DE000A4DFU89,"EUR FL.R KFW 26-2031",1.70,CBF&CBL
DE0003271482,"EUR 0,00 LANDESBK NORDRHE",2.50,CBF&CBL
ES0000090466,"EUR 5,15 JUNTA DE ANDALUC",4.40,CBF&CBL
BE0000338476,"EUR 1,60 BELGIUM, KINGDOM",9.92,CBF&CBL
FR0013285137,"EUR 1,646 COMP.FINA.FONCI",3.40,CBF&CBL
XS1960277934,"EUR 0,875 BASF SE (REGS/4",6.49,CBF&CBL
BE6318879085,"EUR 0,91 BRUSSELS, REG. O",12.86,CBF&CBL
XS2187525949,"EUR 0,375 ALLIANDER NV (R",9.71,CBF&CBL
DE000A2GS4E9,"EUR 0,00 SAECHS.AUFBAUBK ",13.07,CBF&CBL
DE000NLB34Y2,"EUR 2,875 NORD/LB GZ (REG",1.19,CBF&CBL
IT0005550097,"EUR 0,00 ITALY, REP.OF (B",3.55,CBF&CBL
ES0413860877,"EUR 2,75 BCO.DE SABADELL ",1.22,CBF&CBL
DE000LB5P5D0,"EUR 3,00 LBK BADEN-WUERTT",21.93,CBF&CBL
XS3295023173,"EUR FL.R SVENSKA HBN.(PUB",7.50,CBF&CBL
BE0002444199,"EUR 3,00 KBC BANK NV (REG",2.32,CBF&CBL
XS1335393952,"EUR 1,678 BRITISH COLUMBI",5.39,CBF&CBL
DE000A2E4DQ0,"EUR 0,625 LAND SACHSEN AN",0.38,CBF&CBL
XS1809234625,"EUR 0,00 IBRD-WORLD BANK ",7.73,CBF&CBL
DE000DDA0MK4,"EUR 0,65 DZ BANK AG - FFT",7.50,CBF&CBL
XS2087696261,"EUR 0,355 DZ PRIVATEBK AG",7.50,CBF&CBL
ES00000129H3,"EUR 0,00 SPAIN, KINGDOM O",4.79,CBF&CBL
DE000A28V319,"EUR 3,375 JAB HOLDINGS B.",21.11,CBF&CBL
IT0005441883,"EUR 2,15 ITALY, REP.OF (R",6.80,CBF&CBL
AT0000A2Y8G4,"EUR 1,850000 AUSTRIA, REP",8.23,CBF&CBL
FR001400FZ81,"EUR 3,125 SOCIETE GENERAL",1.62,CBF&CBL
FR001400FYI1,"EUR FL.R HOPITAUX PARIS (",5.10,CBF&CBL
DE000NLB43K2,"EUR 3,35 NORD/LB GZ 24-20",7.50,CBF&CBL
DE000A30V638,"EUR 2,90 LAND, BRANDENBUR",4.51,CBF&CBL
FR0014010XG2,"EUR FL.R REGION NOUVELLE ",0.86,CBF&CBL
XS3371718266,"EUR FL.R ING BANK N.V. (R",7.50,CBF&CBL
XS3382816687,"USD 4,25 CADES (REGS/44) ",1.29,CBF&CBL
DE0001142057,"EUR 0,00 BRD (STRIP PRINC",0.31,CBF&CBL
FR0010482679,"EUR 0,00 FRANCE (OAT STRI",7.19,CBF&CBL
XS0399412443,"GBP 8,125 ORANGE (REGS/10",6.52,CBF&CBL
IT0004848534,"EUR 0,00 ITALY, REP.OF (B",3.08,CBF&CBL
XS1942756096,"EUR 0,625 CNCL.EU DEV.BK ",0.57,CBF&CBL
FR0013433364,"EUR 0,20 BPCE SFH (REGS) ",1.10,CBF&CBL
DE000SLB8270,"EUR 1,00 LANDESBK SAAR 19",12.57,CBF&CBL
XS2468855593,"GBP 3,25 VOLKSWAGEN FIN(N",5.00,CBF&CBL
DE000NRW0NX1,"EUR 2,90 NORDRHEIN-WESTFA",5.92,CBF&CBL
XS2586944147,"EUR 4,25 POLAND, REP.OF (",8.98,CBF&CBL
BE0002921022,"EUR 3,00 BELFIUS BANK SA/",0.36,CBF&CBL
FRCASA010522,"EUR 3,20 CREDIT AGRICOLE ",22.93,CBF&CBL
DE000LB51CQ5,"EUR 2,60 LBK BADEN-WUERTT",8.98,CBF&CBL
DE000LB51ZU8,"EUR 2,25 LBK BADEN-WUERTT",7.50,CBF&CBL
FR001400ZPA4,"EUR 3,125 AGENCE FRANCE L",4.00,CBF&CBL
XS3261940426,"EUR 2,75 JAPANFINANCE ORG",10.78,CBF&CBL
XS3317510736,"GBP FL.R KFW (REGS) 26-20",0.46,CBF&CBL
DE000SHFM1J8,"EUR 3,125 SCHLESWIG-HOLST",2.58,CBF&CBL
DE000RLP1684,"EUR FL.R RHEINLAND-PFALZ ",0.34,CBF&CBL
DE000DP9BMK0,"EUR 3,10 DZ BANK AG - FFT",27.02,CBF&CBL
XS0497430172,"EUR 4,21 OEBB INFRASTRUKT",1.68,CBF&CBL
XS1332497616,"EUR 1,62 NATIONWIDE BS (R",2.14,CBF&CBL
EU000A1U9977,"EUR 0,875 ESM (REGS) 16-2",3.07,CBF&CBL
ES0413860596,"EUR 1,00 BCO.DE SABADELL ",0.36,CBF&CBL
FR0013355211,"EUR 1,552 CAISSE DES DEPO",6.89,CBF&CBL
XS2102988354,"EUR 0,00 IBRD-WORLD BANK ",0.07,CBF&CBL
DE000DB9U5V8,"EUR FL.R DEUTSCHE BANK AG",7.97,CBF&CBL
XS2572499726,"EUR 3,375 JAPANFINANCE OR",5.00,CBF&CBL
IT0005550162,"EUR 0,00 ITALY, REP.OF (B",4.51,CBF&CBL
FR001400TNF1,"EUR 2,519 BNP PARIBAS HOM",0.38,CBF&CBL
XS0746091981,"EUR 4,125 EVN AG (REGS) 1",12.67,CBF&CBL
IT0004976830,"EUR 0,00 ITALY, REP.OF (B",6.24,CBF&CBL
XS1210463342,"EUR 1,475 SNCF RESEAU 15-",12.77,CBF&CBL
DE000BHY0JW5,"EUR 3,00 LBK BADEN-WUERTT",0.38,CBF&CBL
DE000A3513E8,"EUR 3,00 HAMBURGER SPARK.",7.50,CBF&CBL
XS2958543089,"EUR FL.R CENT. BK SAVINGS",10.22,CBF&CBL
DE000DJ9ARS2,"EUR FL.R DZ BANK AG - FFT",12.87,CBF&CBL
AT0000A3RGC1,"EUR 3,00 ERSTE GR.BK AG 2",21.81,CBF&CBL
DE0001142073,"EUR 0,00 BRD (STRIP PRINC",0.46,CBF&CBL
XS1885642162,"EUR 1,603 ASN BANK N.V. (",3.67,CBF&CBL
DE000A3E5FS7,"EUR 0,50 LAND SACHSEN ANH",7.41,CBF&CBL
EU000A3KRJQ6,"EUR 0,00 EUROPEAN UNION (",0.67,CBF&CBL
DE000BYL0AZ1,"EUR 3,00 BAYERISCH.LANDES",10.95,CBF&CBL
AT0000A3N1V0,"EUR 2,25 ERSTE GR.BK AG 2",7.50,CBF&CBL
XS1558644354,"EUR 1,557 DNB BOLIGKREDIT",4.03,CBF&CBL
DE000NWB0AE6,"EUR 0,50 NRW.BANK (REGS) ",0.50,CBF&CBL
XS1689535000,"EUR 1,125 NORDEA BK ABP (",7.50,CBF&CBL
EU000A1G0EE0,"EUR 0,05 EFSF (REGS) 19-2",2.18,CBF&CBL
DE000BHY0C88,"EUR 0,01 LBK BADEN-WUERTT",1.86,CBF&CBL
XS3047279776,"EUR 2,625 OP MORTGAGE BK ",1.44,CBF&CBL
XS3241239543,"EUR 4,00 AUSTRIA, REP.OF ",3.71,CBF&CBL
DE000A5H27S9,"EUR 2,956 KFW (REGS) 26-2",2.35,CBF&CBL
XS0132424614,"GBP 5,875 EDF SERV.NATL. ",13.20,CBF&CBL
AT0000A1NX59,"EUR 1,281 ERDOL LAGER 16-",20.39,CBF&CBL
XS2002017361,"EUR 0,90 VODAFONE GROUP P",5.00,CBF&CBL
FR0013515525,"USD FL.R BPCE (REGS) 20-2",7.50,CBF&CBL
FR0014006H07,"EUR 0,70 METROPOLE GRENO ",4.68,CBF&CBL
DE000LB5C5Z8,"EUR 2,90 LBK BADEN-WUERTT",23.33,CBF&CBL
BE0390241108,"EUR 4,28 COMMUNAUT FRANCA",8.19,CBF&CBL
DE000LB6G470,"EUR 2,05 LBK BADEN-WUERTT",7.50,CBF&CBL
FR0013218757,"EUR 1,191 MARSEILLE, VILL",0.72,CBF&CBL
DE000A1681E5,"EUR 0,75 INVESTITIONSBK 1",0.50,CBF&CBL
DE000A2NBKT4,"EUR 1,125 NIEDERSACHSEN L",2.07,CBF&CBL
DE000NWB0AF3,"EUR 0,75 NRW.BANK (REGS M",0.86,CBF&CBL
ES0000101941,"EUR 1,655 COMUN.DE MADRID",11.32,CBF&CBL
XS2270142966,"EUR 0,625 DEUTSCHE BAHN A",39.71,CBF&CBL
XS2308616841,"EUR 0,50 DSV FINANCE B.V ",11.47,CBF&CBL
DE000A3MP619,"EUR 0,75 DZ HYP AG (REGS)",1.11,CBF&CBL
FR001400AFK7,"EUR 2,182 PARIS, VILLE DE",9.59,CBF&CBL
BE0002924059,"EUR 3,125 KBC BANK NV (RE",0.36,CBF&CBL
XS2887796865,"GBP 4,00 OEST.KONTROLLBK ",1.66,CBF&CBL
DE000HEL0JC9,"EUR 2,05 LANDESBANK HESS-",7.50,CBF&CBL
DE000LB5Y7M6,"EUR 2,50 LBK BADEN-WUERTT",12.86,CBF&CBL
DE000CZ45VC5,"EUR 0,50 COMMERZBK AG (RE",7.50,CBF&CBL
XS2282101539,"EUR 0,125 GRAND CITY PROP",5.00,CBF&CBL
XS2289877941,"EUR 0,375 TESCO CORP TREA",8.65,CBF&CBL
FR0014002101,"EUR 0,00 AUVERGNE- RHONE ",1.53,CBF&CBL
DE000A2YN1C2,"EUR 0,01 INVESTITIONSBK 2",2.35,CBF&CBL
DE000NRW0PE6,"EUR 3,00 NORDRHEIN-WESTFA",6.02,CBF&CBL
ES0000012O67,"EUR 3,15 SPAIN, KINGDOM O",2.98,CBF&CBL
DE000LB51674,"EUR 2,25 LBK BADEN-WUERTT",7.50,CBF&CBL
XS3042849276,"EUR 3,695 SASKATCHEWAN PR",4.69,CBF&CBL
XS3203038347,"EUR 2,75 KOMERCNI BANKA A",1.53,CBF&CBL
XS0215537860,"EUR FL.R BNG BANK N.V. (R",1.19,CBF&CBL
XS1397982874,"EUR 1,42 NATIONWIDE BS (R",4.37,CBF&CBL
DE000A0Z1UQ7,"EUR 0,625 BAYERISCHE LAND",0.43,CBF&CBL
FR0013457058,"EUR 0,50 ACTION LOGEMENT ",5.31,CBF&CBL
DE000A2GS4G4,"EUR 0,01 SAECHS.AUFBAUBK ",13.80,CBF&CBL
DE000A3E5MH6,"EUR 0,625 VONOVIA SE (REG",9.74,CBF&CBL
FR001400ICR2,"EUR 3,25 CREDIT MUT ARK S",2.00,CBF&CBL
DE000NLB43L0,"EUR 3,45 NORD/LB GZ 24-20",7.50,CBF&CBL
IT0005603367,"EUR 3,375 BCA.MONTE DEI P",1.35,CBF&CBL
DE000LB5CXA0,"EUR 2,65 LBK BADEN-WUERTT",21.26,CBF&CBL
FR001400SNS6,"GBP 3,875 BPIFRANCE (REGS",1.58,CBF&CBL
XS2932830958,"EUR FL.R DSV FINANCE B.V ",5.00,CBF&CBL
DE000LB5USG9,"EUR 2,95 LBK BADEN-WUERTT",24.37,CBF&CBL
DE000DJ9AXX0,"EUR 2,45 DZ BANK AG - FFT",15.99,CBF&CBL
DE000A460CU0,"EUR 3,282 DEUTSCHE BANK A",23.31,CBF&CBL
DE000HEL4BU0,"EUR 3,60 LANDESBANK HESS-",26.27,CBF&CBL
XS3519669397,"USD 0,00 AUSTRIA, REP.OF ",0.53,CBF&CBL
DE000A2AAPR6,"EUR 1,27 LAND BERLIN 17-2",2.68,CBF&CBL
EU000A1G0D88,"EUR 0,625 EFSF (REGS) 18-",0.72,CBF&CBL
XS2001738991,"EUR 1,75 TELENOR ASA (REG",17.87,CBF&CBL
XS2002019060,"EUR 2,50 VODAFONE GROUP P",28.30,CBF&CBL
DE000HLB45H5,"EUR FL.R LANDESBANK HESS-",0.41,CBF&CBL
XS3099011853,"EUR 2,375 EQUITABLE BANK ",0.92,CBF&CBL
FR0014010UW5,"EUR FL.R ARKEA PUBLIC (RE",2.47,CBF&CBL
DE000DJ9A024,"EUR 1,85 DZ BANK AG - FFT",7.50,CBF&CBL
DE000BYL0RP6,"EUR 3,71 BAYERISCH.LANDES",16.19,CBF&CBL
ES00000126O5,"EUR 0,00 SPAIN, KINGDOM O",4.49,CBF&CBL
FR0013154259,"EUR 0,00 FRANCE (OAT STRI",7.73,CBF&CBL
DE000NLB27G3,"EUR 0,50 NORD/LB GZ 19-20",7.50,CBF&CBL
IT0004534407,"EUR 0,00 ITALY, REP.OF (B",2.43,CBF&CBL
AT0000A2RZH2,"EUR 0,125 OBERBANK AG(AT)",1.88,CBF&CBL
DE0001135226,"EUR 4,75 BRD 03-2034",1.44,CBF&CBL
XS0881486657,"EUR 2,685 BNG BANK N.V. (",3.93,CBF&CBL
DE000A2E4Y05,"EUR 1,00 DT. PFANDBRIEFBA",0.53,CBF&CBL
DE000A2GSP31,"EUR 1,505 DEUT.GENOSS-HYP",3.55,CBF&CBL
DE000DDA0U08,"EUR 0,27 DZ BANK AG - FFT",7.50,CBF&CBL
DE000MHB63L8,"EUR 0,03 MUENCHENER HYPOB",14.12,CBF&CBL
BE0008581457,"EUR 0,00 BELGIUM, KINGDOM",23.77,CBF&CBL
XS2449932651,"EUR 0,541 ING BANK N.V. (",0.36,CBF&CBL
DE000A3SJZW6,"EUR 3,67 WIRTSCHAFTS-INFR",5.52,CBF&CBL
NL0015001RG8,"EUR 3,25 DUTCH STATE 23-2",4.36,CBF&CBL
IT0005641763,"EUR 3,071 BANCA POPO. DI ",1.57,CBF&CBL
DE000LB59A53,"EUR 2,80 LBK BADEN-WUERTT",20.94,CBF&CBL
DE000HV2A2C5,"EUR 3,00 UNICREDIT BANK (",1.63,CBF&CBL
DE000NLB57Z0,"EUR 3,50 NORD/LB GZ (REGS",9.66,CBF&CBL
XS0839070538,"EUR 2,615 ING BANK N.V. (",0.40,CBF&CBL
DE000A11QTK7,"EUR 1,375 KFW (REGS) 15-2",2.96,CBF&CBL
XS1606720131,"EUR 0,875 QUEBEC,PROVINCE",0.72,CBF&CBL
FR0013289162,"EUR 1,447 ALPES COTE D AZ",3.94,CBF&CBL
DE000BLB5CM1,"EUR FL.R BAYERISCH.LANDES",7.50,CBF&CBL
ES0000012A30,"EUR 0,00 SPAIN, KINGDOM O",10.70,CBF&CBL
XS2290963466,"EUR 0,05 EUROP.INVEST.BK ",5.16,CBF&CBL
DE000BHY0GE9,"EUR 0,01 LBK BADEN-WUERTT",0.47,CBF&CBL
DE000A3H2Y81,"EUR FL.R LAND BERLIN 22-2",0.49,CBF&CBL
DE000NLB3276,"EUR 3,85 NORD/LB GZ 22-20",12.72,CBF&CBL
DE000LB6HQG8,"USD 3,05 LBK BADEN-WUERTT",7.50,CBF&CBL
DE000LB63VY4,"EUR 3,05 LBK BADEN-WUERTT",15.40,CBF&CBL
AT0000A10NQ3,"EUR 2,633 NIEDEROESTERREI",0.84,CBF&CBL
DE000NLB2H11,"EUR FL.R NORD/LB GZ 15-20",11.53,CBF&CBL
BE0001764183,"EUR FL.R VLAAMS GEMEENSCH",0.48,CBF&CBL
XS1508354450,"EUR 1,10 SNCF RESEAU (REG",6.15,CBF&CBL
FR0013329307,"EUR 1,50 BPCE SFH (REGS) ",3.59,CBF&CBL
FR0013507860,"EUR 2,00 CAPGEMINI (REGS)",7.74,CBF&CBL
XS2231183646,"EUR 1,625 HOLDING D'INF. ",8.97,CBF&CBL
ES0000090912,"EUR 3,40 JUNTA DE ANDALUC",3.01,CBF&CBL
IT0005595738,"EUR FL.R INTESA SANPAOLO ",0.93,CBF&CBL
DE000A31RJS7,"EUR 3,625 DT. PFANDBRIEFB",0.37,CBF&CBL
XS2831017467,"EUR 3,375 SWEDBANK AB (RE",11.69,CBF&CBL
DE000LB5P572,"EUR 2,25 LBK BADEN-WUERTT",7.50,CBF&CBL
DE000BYL0G78,"EUR 3,00 BAYERISCH.LANDES",2.20,CBF&CBL
XS1321408988,"EUR 2,045 POHJOLA BANK PL",13.22,CBF&CBL
FR0013154085,"EUR 0,00 FRANCE (OAT STRI",4.87,CBF&CBL
DE000DK0NVU9,"EUR FL.R DEKABANK 17-2026",7.50,CBF&CBL
XS1719091552,"EUR 1,715 AKADEMISKA HUS ",28.10,CBF&CBL
DE000DK0JR24,"EUR FL.R DEKABANK (MBS) 1",7.50,CBF&CBL
FR0013382348,"EUR 1,50 APRR (REGS) 18-2",8.66,CBF&CBL
FR0013445129,"EUR 0,01 COMP.FINA.FONCIE",0.39,CBF&CBL
BE0002723048,"EUR 0,64 BRUSSELS, REG. O",10.80,CBF&CBL
DE000BHY0HT5,"EUR 0,01 LBK BADEN-WUERTT",8.30,CBF&CBL
XS2333297625,"EUR 0,741 EUROGRID GMBH (",18.46,CBF&CBL
DE000NRW0MZ8,"EUR 0,60 NORDRHEIN-WESTFA",4.73,CBF&CBL
DE000NLB3ZK7,"EUR 1,75 NORD/LB GZ 22-20",7.50,CBF&CBL
DE000BU2Z007,"EUR 2,30 BUNDES DEUTSCH 2",1.30,CBF&CBL
DE000HEL0D62,"EUR FL.R LANDESBANK HESS-",10.87,CBF&CBL
DE000HEL0EP2,"EUR 2,55 LANDESBANK HESS-",8.62,CBF&CBL
DE000LB67YM4,"EUR 3,00 LBK BADEN-WUERTT",10.07,CBF&CBL
XS0177618039,"EUR 5,00 RESEAU FERRE FR ",4.11,CBF&CBL
BE0002604826,"EUR 1,679 BRUSSELS, REG. ",8.88,CBF&CBL
XS1954741689,"EUR 1,355 ABN AMRO BK NV ",7.20,CBF&CBL
DE000DDA0VY6,"EUR 1,63 DZ BANK AG - FFT",7.82,CBF&CBL
BE0002683648,"EUR 0,04 KBC BANK NV (REG",1.20,CBF&CBL
DE000BHY0B14,"EUR 0,01 LBK BADEN-WUERTT",0.36,CBF&CBL
DE000A289NM7,"EUR 0,05 LAND, BRANDENBUR",3.98,CBF&CBL
DE000NLB3T73,"EUR 0,25 NORD/LB GZ 21-20",7.50,CBF&CBL
XS2320764298,"EUR 0,25 AKTIA BANK PLC (",7.50,CBF&CBL
NL0015001BV1,"EUR 3,25 NATIONALE NL BAN",0.36,CBF&CBL
DE000LB5JDF6,"EUR 2,65 LBK BADEN-WUERTT",11.03,CBF&CBL
IT0005631574,"EUR FL.R INTESA SANPAOLO ",1.28,CBF&CBL
AT0000A3LM94,"EUR 2,75 OBEROEST.LBK AG ",2.24,CBF&CBL
BE0312821938,"EUR 0,00 BELGIUM, KINGDOM",0.69,CBF&CBL
XS3388145263,"USD FL.R ABN AMRO BK NV (",14.01,CBF&CBL
XS0757586267,"EUR 4,125 RESEAU FERRE FR",9.78,CBF&CBL
FR0012669257,"EUR 1,60 KERING (REGS) 15",22.32,CBF&CBL
FR0013463551,"EUR 0,01 CRH (REGS) 19-20",0.36,CBF&CBL
ES0000101966,"EUR 0,827 COMUN.DE MADRID",0.48,CBF&CBL
DE000A14JZW8,"EUR FL.R BADEN-WUERTTEMBE",0.49,CBF&CBL
XS2579199865,"EUR 2,875 NIBC BANK N.V. ",1.15,CBF&CBL
FR001400N7G0,"EUR 2,75 CADES (REGS) 24-",1.14,CBF&CBL
DE000LB5EW37,"EUR 2,80 LBK BADEN-WUERTT",16.32,CBF&CBL
DE000LFA2352,"EUR 2,875 LFA FRDRBK.BAYE",2.61,CBF&CBL
AT0000A3J2F7,"EUR 2,875 OBERBANK AG(AT)",2.71,CBF&CBL
FR0014016LD1,"EUR 3,00 CAISSE FCSE DE (",2.16,CBF&CBL
ES0201001148,"EUR 4,55 MADRID, AYUNTAMI",5.38,CBF&CBL
XS1355498517,"EUR 1,55 DNB BOLIGKREDIT ",3.12,CBF&CBL
ES0000106577,"EUR 1,466 BASQUE COUNTRY ",0.72,CBF&CBL
DE000NRW0J22,"EUR 1,00 NORDRHEIN-WESTFA",5.91,CBF&CBL
FR0013423498,"EUR 0,857 HSBC FRANCE 19-",9.47,CBF&CBL
XS2016885159,"EUR 2,50 GRAND CITY PROPE",28.10,CBF&CBL
DE000HV2AYD5,"EUR 0,01 UNICREDIT BANK (",1.58,CBF&CBL
FR0014007Q96,"EUR 0,75 CREDIT MUTU ARKE",11.54,CBF&CBL
AT000B094040,"EUR FL.R RAIFFEISEN-LAND ",0.40,CBF&CBL
DE000HLB5758,"EUR 2,80 LANDESBANK HESS-",7.50,CBF&CBL
DE000A2LQPQ1,"EUR 2,875 HAMBURG HANSEST",1.62,CBF&CBL
DE000LB59A87,"EUR 3,10 LBK BADEN-WUERTT",28.68,CBF&CBL
DE000LB601B8,"EUR 2,85 LBK BADEN-WUERTT",17.54,CBF&CBL
DE000HEL0WD0,"EUR 2,35 LANDESBANK HESS-",7.50,CBF&CBL
DE000DP9BJ63,"EUR 3,06 DZ BANK AG - FFT",11.36,CBF&CBL
FR0000578593,"EUR 0,00 FRANCE (OAT STRI",1.36,CBF&CBL
IT0003877310,"EUR FL.R ITALY, REP.OF 05",8.17,CBF&CBL
XS1851226891,"EUR 0,75 KOMMUNEKREDIT (R",7.50,CBF&CBL
DE000A2DAF51,"EUR 0,50 WIRTSCHAFTS-INFR",2.39,CBF&CBL
DE000LFA1750,"EUR 1,375 LFA FRDRBK.BAYE",3.11,CBF&CBL
XS2076139166,"EUR 0,125 SPAREBNK 1 BOLI",1.10,CBF&CBL
BE0001795492,"EUR 0,50 WALLONE, REGION ",2.10,CBF&CBL
FR0013507993,"EUR 0,50 AFD (REGS) 20-20",2.59,CBF&CBL
AT0000A2H9M1,"EUR 0,50 ERSTE GR.BK AG (",7.50,CBF&CBL
XS2194790262,"EUR 0,01 EUROP.INVEST.BK ",1.89,CBF&CBL
DE000SLB8585,"EUR 0,20 LANDESBK SAAR 21",8.47,CBF&CBL
SK4000020673,"EUR 1,125 SLOVENSKA SPORI",0.40,CBF&CBL
XS2531567753,"EUR 2,375 ROYAL BK.CANADA",0.40,CBF&CBL
IT0005588915,"EUR FL.R INTESA SANPAOLO ",0.50,CBF&CBL
DE000BYL0DD2,"EUR 1,90 BAYERISCH.LANDES",7.50,CBF&CBL
DE000A4EB2X2,"EUR 2,50 MERCEDES-BENZ (R",5.15,CBF&CBL
DE000LB619M7,"EUR 2,65 LBK BADEN-WUERTT",9.13,CBF&CBL
XS3363425037,"EUR FL.R CESKA EXPORTNI B",8.06,CBF&CBL
XS3401025765,"EUR 3,25 NORDEA MORTGAGE ",3.02,CBF&CBL
XS0408958683,"GBP 6,75 E.ON INTL.FIN. (",23.58,CBF&CBL
XS1548458014,"EUR 1,125 ABN AMRO BK NV ",1.66,CBF&CBL
XS2066003901,"EUR 0,00 INTL.DEVEL..ASSO",0.38,CBF&CBL
DE0001053551,"EUR 0,01 BAYERN, FREISTAA",0.34,CBF&CBL
XS2191362859,"EUR 1,25 DIGITAL DUTCH F ",12.79,CBF&CBL
XS2199351375,"EUR 4,50 FIAT CHRYSLER AU",5.44,CBF&CBL
ES0000101974,"EUR 1,255 COMUN.DE MADRID",11.26,CBF&CBL
BE0002806876,"EUR 0,75 BRUSSELS, REG. O",9.22,CBF&CBL
XS2360599281,"EUR 0,01 COVENTRY BLD.SOC",0.63,CBF&CBL
DE000MHB4636,"EUR 2,33 MUENCHENER HYPOB",2.57,CBF&CBL
FR001400DEM0,"EUR 0,00 BPCE (REGS) 22-2",7.50,CBF&CBL
DE000DJ9ANN2,"EUR 2,84 DZ BANK AG - FFT",10.05,CBF&CBL
BE0390354265,"EUR 3,00 ING BK(BELGIUM)S",1.50,CBF&CBL
DE000BYL0J59,"EUR 2,75 BAYERISCH.LANDES",0.95,CBF&CBL
DE0001053122,"EUR 5,50 BAVARIA, STATE O",0.57,CBF&CBL
DE0001143444,"EUR 0,00 BUNDES DEUTSCH (",3.36,CBF&CBL
BE0001758128,"EUR 1,657 WALLONE, REGION",6.20,CBF&CBL
XS1548533329,"EUR 0,625 MUNICIPALITY FI",7.50,CBF&CBL
ES0000012E69,"EUR 1,85 SPAIN, KINGDOM O",3.17,CBF&CBL
DE0001102481,"EUR 0,00 BUNDES DEUTSCH 1",4.80,CBF&CBL
FR0013452299,"EUR 0,1385 CREDIT AGRICOL",7.50,CBF&CBL
FR0014008MT2,"EUR 1,125 CREDIT AGRICOLE",8.55,CBF&CBL
AT000B093810,"EUR 3,175 RAIFFEISEN-LAND",0.39,CBF&CBL
IT0005580094,"EUR 3,50 ITALY, REP.OF (B",2.12,CBF&CBL
DE000A383C01,"EUR 3,00 INVESTITIONSBK D",16.32,CBF&CBL
DE000LB50EP5,"EUR 2,85 LBK BADEN-WUERTT",12.08,CBF&CBL
DE000HLB45N3,"EUR 2,23 LANDESBANK HESS-",7.50,CBF&CBL
XS3349884653,"EUR 3,00 MORE BOLIGKREDIT",1.54,CBF&CBL
DE000A4DFVQ5,"EUR 3,375 INVESTITIONSBK ",3.83,CBF&CBL
DE000LB69L58,"EUR 3,35 LBK BADEN-WUERTT",22.99,CBF&CBL
XS0148579666,"GBP 6,375 E.ON INTL.FIN.B",14.73,CBF&CBL
DE000NRW0KF4,"EUR 1,55 NORDRHEIN-WESTFA",5.91,CBF&CBL
BE0001761155,"EUR 1,12 COMMUNAUT FRANCA",7.05,CBF&CBL
IT0005247942,"EUR 0,00 ITALY, REP.OF (B",7.89,CBF&CBL
XS1728791796,"EUR 1,61 NEDERLAND.WATER.",6.37,CBF&CBL
FR0013324357,"EUR 1,375 SANOFI (REGS) 1",8.19,CBF&CBL
FR0013382157,"EUR 1,58 BPCE (BANQUE PO ",3.71,CBF&CBL
XS2016138765,"EUR 0,50 IBRD-WORLD BANK ",1.80,CBF&CBL
FR0014000A83,"EUR 0,00 REGION BRETAGNE ",2.38,CBF&CBL
FR001400B6A9,"EUR 2,793 PARIS, VILLE DE",6.40,CBF&CBL
AT0000A387C9,"EUR 3,40 ERSTE GR.BK AG 2",7.50,CBF&CBL
DE000A351Y94,"EUR 2,375 KFW (REGS) 24-2",0.39,CBF&CBL
XS2779801427,"GBP 4,375 MUNICIPALITY FI",7.50,CBF&CBL
DE000LB52L32,"EUR 2,70 LBK BADEN-WUERTT",15.17,CBF&CBL
FR0129518900,"EUR FL.R ACOSS (BMTN) 25-",0.54,CBF&CBL
DE000CZ457U8,"EUR 3,125 COMMERZBK AG (R",2.61,CBF&CBL
IT0005711749,"EUR 0,00 ITALY, REP.OF (B",0.11,CBF&CBL
FR0011505932,"EUR 2,90 DEPARTEM VAL OIS",1.19,CBF&CBL
DE0001102424,"EUR 0,50 BUNDES DEUTSCH (",0.17,CBF&CBL
AT0000A23G81,"EUR 1,00 RAIF.LBK.OBEROS.",2.17,CBF&CBL
XS1936139770,"EUR 1,125 DEUTSCHE BAHN A",5.35,CBF&CBL
AT000B066840,"EUR 0,375 RAIFFEISENLANDE",2.87,CBF&CBL
DE000SLB8544,"EUR 0,375 LANDESBK SAAR 2",10.63,CBF&CBL
DE000NLB4TN2,"EUR FL.R NORD/LB GZ 23-20",7.50,CBF&CBL
XS2698047771,"EUR 3,25 KFW (REGS) 23-20",1.66,CBF&CBL
IT0005550469,"EUR 0,00 ITALY, REP.OF (B",8.31,CBF&CBL
DE000BLB9YK1,"EUR 2,80 BAYERISCH.LANDES",10.06,CBF&CBL
DE000DB9VUX0,"EUR 2,95 DEUTSCHE BANK AG",9.88,CBF&CBL
DE000A4DFCU7,"EUR 2,875 HAMBURGER SPARK",13.76,CBF&CBL
XS3080987707,"EUR 2,704 SID SLOVENSKA (",11.88,CBF&CBL
XS3181619688,"EUR 2,25 LANDESBANK HESS-",0.69,CBF&CBL
DE000DJ9A032,"EUR 1,80 DZ BANK AG - FFT",7.50,CBF&CBL
FR0129570588,"EUR 0,00 BANQUE DE FRANCE",0.04,CBF&CBL
DE000DP9BG74,"EUR 2,825 DZ BANK AG - FF",7.50,CBF&CBL
DE0001135143,"EUR 6,25 BRD 00-2030",0.68,CBF&CBL
DE000A1K0LY8,"EUR 5,4767 LAND BERLIN (R",1.11,CBF&CBL
FR0013154044,"EUR 1,25 FRANCE (REGS OAT",2.11,CBF&CBL
FR0013186046,"EUR 0,875 BPCE SFH (REGS)",1.66,CBF&CBL
FR0013368545,"EUR 2,00 EDF (REGS) 18-20",11.75,CBF&CBL
FR0013447638,"EUR 1,00 LA POSTE (REGS) ",18.91,CBF&CBL
XS2113246867,"EUR 0,35 BIL LUXEMBOURG S",7.50,CBF&CBL
FR0013517505,"EUR 0,825 REG CENTRE-VAL ",8.15,CBF&CBL
BE0002715960,"EUR 0,01 BELFIUS BANK SA/",1.68,CBF&CBL
BE0002788694,"EUR 0,93 BRUSSELS, REG. O",12.44,CBF&CBL
FR00140092Q4,"EUR 1,08 CREDIT AGRICOLE ",7.50,CBF&CBL
DE000LB52L65,"EUR 3,00 LBK BADEN-WUERTT",22.42,CBF&CBL
DE000BYL0FL0,"EUR 2,05 BAYERISCH.LANDES",7.50,CBF&CBL
EU000A4EQY56,"EUR 2,625 EUROP.INVEST.BK",1.49,CBF&CBL
FR0014018ML8,"EUR 3,625 CAISSE FCSE DE ",2.65,CBF&CBL
BE6272425172,"EUR 2,60 EANDIS 14-2034",20.64,CBF&CBL
XS1752475720,"EUR 1,00 DEUTSCHE BAHN AG",5.00,CBF&CBL
XS1824248626,"EUR 0,875 AFRICAN DEV.BK ",0.55,CBF&CBL
DE000A2TR8W8,"EUR 0,375 NIEDERSACHSEN L",0.90,CBF&CBL
DE000SLB8346,"EUR 0,743 LANDESBK SAAR 1",20.10,CBF&CBL
DE000A3SJZN5,"EUR 0,50 WIRTSCHAFTS-INFR",5.13,CBF&CBL
XS2478521151,"EUR 1,625 HYPO VORARLBERG",0.57,CBF&CBL
ES0000012K61,"EUR 2,55 SPAIN, KINGDOM O",2.57,CBF&CBL
XS2679764493,"GBP 4,875 KFW (REGS) 23-2",0.90,CBF&CBL
DE0001053783,"EUR 3,12 BAYERN, FREISTAA",4.39,CBF&CBL
DE000DJ9AKY5,"EUR 3,13 DZ BANK AG - FFT",15.20,CBF&CBL
DE000A3513Q2,"EUR 2,625 LAND BERLIN (RE",3.45,CBF&CBL
FR001400TEX3,"EUR 3,199 BPCE SFH 24-203",3.10,CBF&CBL
DE000LB5JR54,"EUR 2,80 LBK BADEN-WUERTT",14.44,CBF&CBL
DE000A3513D0,"EUR 3,25 HAMBURGER SPARK.",7.50,CBF&CBL
DE000DJ9ADV6,"EUR 2,70 DZ BANK AG - FFT",7.50,CBF&CBL
FR001400WMI1,"USD 4,875 AFD (REGS) 25-2",2.18,CBF&CBL
ES0000090953,"EUR 3,30 JUNTA DE ANDALUC",3.34,CBF&CBL
DE000LB5Y7N4,"EUR 2,65 LBK BADEN-WUERTT",15.71,CBF&CBL
XS2102495673,"EUR 0,05 EUROP.INVEST.BK ",0.77,CBF&CBL
IT0005530032,"EUR 4,45 ITALY, REP.OF (R",4.47,CBF&CBL
AT0000A33SK7,"EUR 3,15 AUSTRIA, REP.OF ",8.22,CBF&CBL
DE000DJ9AQ68,"EUR 1,85 DZ BANK AG - FFT",7.50,CBF&CBL
FR001400UB80,"EUR 3,112 SOCIETE GEN.SFH",2.58,CBF&CBL
DE000A351UP3,"EUR 3,00 LAND, BRANDENBUR",2.38,CBF&CBL
DE000LB601A0,"EUR 2,75 LBK BADEN-WUERTT",14.99,CBF&CBL
SK4000029518,"EUR 3,25 CESKOSLOVENSKA O",1.74,CBF&CBL
DE000DP9BNM4,"EUR 3,75 DZ BANK AG - FFT",20.65,CBF&CBL
IT0003540397,"EUR 0,00 ITALY, REP.OF (B",3.47,CBF&CBL
XS0858672024,"GBP 4,50 DEUTSCHE BAHN FI",28.86,CBF&CBL
XS2016191061,"EUR 0,877 NEDERLAND.WATER",7.36,CBF&CBL
XS2032727310,"EUR 0,875 ITALGAS SPA (RE",10.73,CBF&CBL
DE000BHY0HY5,"EUR 0,03 LBK BADEN-WUERTT",12.64,CBF&CBL
XS2406890066,"EUR 0,875 KONINKLIJKE KPN",19.75,CBF&CBL
SK4000021986,"EUR 4,00 SLOVAK, REP. (RE",4.38,CBF&CBL
AT0000A3FVV5,"EUR 2,85 ERSTE GR.BK AG 2",23.51,CBF&CBL
XS2985204515,"EUR 3,25 INTL.DEVEL..ASSO",3.48,CBF&CBL
XS3480769069,"EUR 3,00 KFW (REGS) 26-20",1.14,CBF&CBL
FR0011461458,"EUR 0,00 FRANCE (OAT STRI",0.40,CBF&CBL
BE6286401250,"EUR 1,972 WALLONE, REGION",7.06,CBF&CBL
DE000A2AAPL9,"EUR 0,625 LAND BERLIN (RE",0.40,CBF&CBL
DE000DDA0TU8,"EUR FL.R DZ BANK AG - FFT",9.99,CBF&CBL
DE0001053601,"EUR 0,01 BAYERN, FREISTAA",1.56,CBF&CBL
DE000CB0HRX5,"EUR 0,08 COMMERZBK AG (RE",7.50,CBF&CBL
IT0005433237,"EUR FL.R INTESA SANPAOLO ",3.16,CBF&CBL
DE000DFK0S22,"EUR 2,22 DZ BANK AG - FFT",7.50,CBF&CBL
DE000A3MQUF0,"EUR 2,75 L-BANK (REGS/565",0.68,CBF&CBL
XS2589317697,"EUR 3,00 NORDEA MORTGAGE ",1.30,CBF&CBL
XS2753307953,"GBP 4,125 DEXIA S.A (REGS",5.00,CBF&CBL
XS2757516005,"EUR 3,125 KOMMUNEKREDIT (",28.29,CBF&CBL
DE000DJ9AL48,"EUR 2,90 DZ BANK AG - FFT",22.90,CBF&CBL
SK4000027942,"EUR 2,50 PRIMA BANKA SLO ",0.78,CBF&CBL
BE6375612932,"USD 4,78 BELGIUM, KINGDOM",5.22,CBF&CBL
AT0000A3X1Q8,"EUR FL.R ERSTE GR.BK AG 2",0.92,CBF&CBL
FR0011498666,"EUR 2,36 BPCE SFH (REGS) ",0.64,CBF&CBL
BE0002257260,"EUR 0,78 BELFIUS BANK SA/",3.37,CBF&CBL
DE000NRW0K52,"EUR 1,50 NORDRHEIN-WESTFA",4.17,CBF&CBL
XS1885608817,"EUR 1,375 DEUTSCHE BAHN A",10.39,CBF&CBL
AT0000A2G6D7,"EUR 0,00 ERSTE GR.BK AG 2",12.55,CBF&CBL
FR0013535820,"EUR 0,01 CAISSE FCSE DE (",0.49,CBF&CBL
FR0014005ZP8,"EUR 0,375 ENGIE (REGS) (E",9.38,CBF&CBL
DE000NLB4RL0,"EUR FL.R NORD/LB GZ 23-20",0.35,CBF&CBL
DE000DW6DAY9,"EUR FL.R DZ BANK AG - FFT",7.50,CBF&CBL
IT0005550089,"EUR 0,00 ITALY, REP.OF (B",3.32,CBF&CBL
BE0390217835,"EUR 3,125 WALLONE, REGION",2.99,CBF&CBL
DE000LB6E6N9,"EUR 2,45 LBK BADEN-WUERTT",12.03,CBF&CBL
FR0014017Z10,"EUR 3,80 FRANCE (OAT) 26-",2.08,CBF&CBL
BE0008527880,"EUR 0,00 BELGIUM, KINGDOM",8.45,CBF&CBL
FR0013108164,"EUR 1,39 BPCE SFH 16-2031",1.67,CBF&CBL
FR0013286820,"EUR 0,875 BPCE SFH (REGS)",0.54,CBF&CBL
ES0001353442,"EUR 2,10 COMUNIDAD NAVARR",6.13,CBF&CBL
DE000A2YPE27,"EUR 0,20 THUERINGEN, FREI",3.68,CBF&CBL
DE0001143949,"EUR 0,00 BUNDES DEUTSCH 2",2.30,CBF&CBL
IT0005495731,"EUR 2,80 ITALY, REP.OF (B",1.51,CBF&CBL
FR001400CQ85,"EUR 3,375 CREDIT MUTU ARK",7.50,CBF&CBL
ES0000012K95,"EUR 3,45 SPAIN, KINGDOM O",4.08,CBF&CBL
DK0004133725,"EUR 4,375 DANISH SHIP FIN",0.37,CBF&CBL
XS2711552989,"USD 5,125 KOMMUNEKREDIT (",7.50,CBF&CBL
DE000CZ45ZF9,"EUR FL.R COMMERZBK AG (RE",0.54,CBF&CBL
DE000HEL0RJ7,"EUR 1,85 LANDESBANK HESS-",7.50,CBF&CBL
XS0416848793,"GBP 6,875 STATOIL ASA (RE",9.75,CBF&CBL
FR0011593367,"EUR 3,375 AUVERGNE- RHONE",1.45,CBF&CBL
XS1069555149,"EUR 2,888 FINGRID OYJ 14-",6.97,CBF&CBL
ES00000126Q0,"EUR 0,00 SPAIN, KINGDOM O",4.83,CBF&CBL
BE0001756106,"EUR 1,438 WALLONE, REGION",3.12,CBF&CBL
IT0005248098,"EUR 0,00 ITALY, REP.OF (B",10.04,CBF&CBL
XS2286422071,"EUR 0,00 CNCL.EU DEV.BK (",0.97,CBF&CBL
ES0000012F68,"EUR 0,00 SPAIN, KINGDOM O",3.63,CBF&CBL
DE000HV2AYZ8,"EUR 1,375 UNICREDIT BANK ",0.36,CBF&CBL
XS2668178945,"GBP 5,125 MUNICIPALITY FI",7.50,CBF&CBL
ES00001010A9,"EUR 0,81 COMUN.DE MADRID ",8.40,CBF&CBL
DE000NLB4ZR0,"EUR 3,00 NORD/LB GZ 24-20",8.17,CBF&CBL
DE000BLB9Y59,"EUR 3,065 BAYERISCH.LANDE",17.61,CBF&CBL
XS2929508450,"USD 3,50 DZ BK AG (REGS/A",7.50,CBF&CBL
ES0413860869,"EUR FL.R BCO.DE SABADELL ",0.35,CBF&CBL
XS3044284654,"EUR 3,14 DZ PRIVATEBK SA ",17.36,CBF&CBL
XS3185662676,"EUR 3,00 ABN AMRO BK NV (",18.55,CBF&CBL
EU000A4EM8H8,"EUR 3,00 EUROP.INVEST.BK ",1.75,CBF&CBL
FR0010809632,"EUR 0,00 FRANCE (OAT STRI",6.25,CBF&CBL
DE0003811634,"EUR 0,00 BUNDES DEUTSCH (",4.30,CBF&CBL
XS1646577871,"EUR 1,625 COOPERATIEVE RA",18.59,CBF&CBL
XS1874835652,"EUR 1,30 ABN AMRO BK NV (",4.42,CBF&CBL
FR0013477635,"EUR 0,0575 ALPES COTE D A",0.72,CBF&CBL
XS2404591161,"EUR 0,05 SPAREBNK 1 BOLIK",0.74,CBF&CBL
FR001400I2N4,"EUR 3,24 ALPES COTE D AZU",1.17,CBF&CBL
DE000NLB4VG2,"EUR 3,50 NORD/LB GZ 23-20",7.50,CBF&CBL
XS2753539068,"EUR 3,00 BRITISH COLUMBIA",4.74,CBF&CBL
XS2788433600,"EUR 3,196 BCEE LUX. (REGS",20.97,CBF&CBL
DE000BLB9Y00,"EUR 2,50 BAYERISCH.LANDES",7.50,CBF&CBL
XS2941482486,"GBP 5,00 AAREAL BK AG. (R",0.65,CBF&CBL
DE000A3SJZ50,"EUR 2,625 WIRTSCHAFTS-INF",3.48,CBF&CBL
DE000CZ45ZK9,"EUR 2,50 COMMERZBK AG (RE",0.50,CBF&CBL
DE000LB6E2V1,"EUR 2,25 LBK BADEN-WUERTT",7.50,CBF&CBL
DE000LB64G01,"EUR 3,30 LBK BADEN-WUERTT",26.54,CBF&CBL
DE000A2AARH3,"EUR 0,51 LAND SACHSEN ANH",0.38,CBF&CBL
FR0013348398,"EUR 1,286 BPCE SFH (REGS)",2.34,CBF&CBL
FR0013522695,"EUR 0,625 RTE EDF TRANSPO",14.43,CBF&CBL
XS2343822503,"EUR 0,625 VOLKSWAGEN LEAS",8.57,CBF&CBL
XS2345876333,"GBP 0,75 KFW (REGS) 21-20",0.54,CBF&CBL
DE000HLB42Z4,"EUR 3,50 LANDESBANK HESS-",7.50,CBF&CBL
IT0005554982,"EUR FL.R ITALY, REP.OF (C",2.39,CBF&CBL
XS2702460952,"USD 4,875 MUNICIPALITY FI",7.50,CBF&CBL
FR001400LKV1,"EUR 4,125 HOPITAUX PARIS ",5.59,CBF&CBL
DE000NLB4217,"EUR 3,25 NORD/LB GZ 24-20",17.71,CBF&CBL
AT0000A3EK38,"EUR 3,125 NIEDEROESTERREI",3.00,CBF&CBL
FR001400WUF0,"EUR 3,387 CREDIT AGRICOLE",15.40,CBF&CBL
DE000CZ45ZQ6,"EUR 3,02 COMMERZBK AG 25-",14.56,CBF&CBL
DE000NWB9163,"EUR 2,50 NRW.BANK (REGS) ",1.88,CBF&CBL
DE0001143394,"EUR 0,00 BUNDES DEUTSCH (",2.34,CBF&CBL
XS1050663258,"EUR 3,90 TEOLLISUUDEN VOI",14.83,CBF&CBL
EU000A1G0DL7,"EUR 1,70 EFSF (REGS) 17-2",8.87,CBF&CBL
XS1865296690,"EUR 1,316 SWEDBANK MORTGA",2.37,CBF&CBL
FR0013367562,"EUR 1,782 CAISSE DES DEPO",10.33,CBF&CBL
ES0413900558,"EUR 0,875 BANCO SANTANDER",1.61,CBF&CBL
DE000HV2ASU1,"EUR 0,01 UNICREDIT BANK (",0.40,CBF&CBL
DE000MHB4248,"EUR FL.R MUENCHENER HYPOB",0.39,CBF&CBL
FR0013519071,"EUR 1,125 CAPGEMINI (REGS",11.16,CBF&CBL
XS2527914779,"EUR 2,375 JAPANFINANCE OR",5.00,CBF&CBL
DE000A30V5F6,"EUR 3,00 DEUTSCHE BANK AG",1.44,CBF&CBL
DE000DW6C7V5,"EUR 0,00 DZ BANK AG - FFT",46.47,CBF&CBL
DE000A1RQEP6,"EUR 2,75 HESSEN LAND (REG",2.42,CBF&CBL
DE000DJ9ALP1,"EUR 3,42 DZ BANK AG - FFT",7.50,CBF&CBL
DE000DB9VTZ7,"EUR 3,10 DEUTSCHE BANK AG",9.63,CBF&CBL
XS2958382645,"EUR 2,75 ACHMEA BANK N.V ",7.50,CBF&CBL
XS2980961374,"USD 4,75 CADES (REGS/41) ",1.46,CBF&CBL
FR001400YM26,"EUR 3,875 AFD (REGS) 25-2",6.75,CBF&CBL
NL00150742Z9,"EUR 3,125 NN LIFE (REGS) ",1.95,CBF&CBL
DE000DKB0606,"EUR 3,61 DEUTSCHE KREDITB",4.91,CBF&CBL
XS3515163643,"EUR 0,00 AUSTRIA, REP.OF ",0.54,CBF&CBL
FR0013325479,"EUR 1,533 BPCE SFH (REGS)",3.56,CBF&CBL
DE000NLB27H1,"EUR 0,60 NORD/LB GZ 19-20",7.50,CBF&CBL
DE000DFK0HJ2,"EUR 0,01 DZ BANK AG - FFT",7.50,CBF&CBL
XS2392997503,"USD 1,10 DZ BK AG (REGS/A",7.50,CBF&CBL
FR001400CKB2,"EUR 2,875 SAGESS (REGS) 2",14.03,CBF&CBL
XS2710358297,"EUR 3,625 SPAREBNK 1 BOLI",0.64,CBF&CBL
FR001400WL94,"EUR FL.R VINCI SA (REGS) ",5.00,CBF&CBL
DE000LB51CN2,"EUR 2,25 LBK BADEN-WUERTT",7.50,CBF&CBL
DE000LB6A085,"EUR 2,60 LBK BADEN-WUERTT",16.06,CBF&CBL
DE000DJ9A040,"EUR 2,10 DZ BANK AG - FFT",11.28,CBF&CBL
FR0014014825,"EUR 3,67 BPCE (BANQUE PO ",4.56,CBF&CBL
DE000DP9BHT1,"EUR 2,20 DZ BANK AG - FFT",15.04,CBF&CBL
DE000CZ46CP5,"EUR 2,70 COMMERZBK AG 26-",9.59,CBF&CBL
ES0415306028,"EUR 3,65 CAJA RURAL NAVAR",0.91,CBF&CBL
EU000A1Z0AV9,"EUR 0,519 EUROPEAN UNION ",0.11,CBF&CBL
XS1455048139,"EUR 1,65 FERROVIE DEL STA",13.93,CBF&CBL
FR0013215191,"EUR 1,16 PARIS, VILLE DE ",6.13,CBF&CBL
XS1756367147,"EUR 1,25 MUNICIPALITY FIN",19.48,CBF&CBL
XS1761721262,"EUR 1,625 AROUNDTOWN (REG",5.00,CBF&CBL
BE6304345240,"EUR 1,275 WALLONE, REGION",1.80,CBF&CBL
FR0013336237,"EUR 1,40 CREDIT AGRICOLE ",7.50,CBF&CBL
DE000HLB4WB9,"EUR FL.R LANDESBANK HESS-",7.83,CBF&CBL
XS2112289207,"EUR 0,664 TEL.EMISIONES S",10.14,CBF&CBL
DE000SLB8569,"EUR 0,40 LANDESBK SAAR 21",14.76,CBF&CBL
XS2299001888,"EUR 0,00 ITALGAS SPA (REG",5.00,CBF&CBL
XS2384726282,"EUR 0,625 MONDELEZ INTL (",16.99,CBF&CBL
ES0000106734,"EUR 1,875 BASQUE COUNTRY ",2.86,CBF&CBL
FR001400IV17,"EUR 3,125 BPIFRANCE (REGS",4.10,CBF&CBL
DE000DJ9AHW5,"EUR 3,33 DZ BANK AG - FFT",7.50,CBF&CBL
DE000BYL0GA1,"EUR 2,50 BAYERISCH.LANDES",14.33,CBF&CBL
ES04139000D1,"EUR 2,625 BCO SANTANDER (",1.50,CBF&CBL
FR0010372078,"EUR 0,00 FRANCE (OAT STRI",2.59,CBF&CBL
FR0013287299,"EUR 0,75 SOCIETE GEN.SFH ",0.37,CBF&CBL
DE000HLB4X45,"EUR 0,40 LANDESBANK HESS-",10.24,CBF&CBL
DE000HV2AYA1,"EUR 0,01 UNICREDIT BANK (",1.33,CBF&CBL
DE000SLB8551,"EUR 0,75 LANDESBK SAAR 20",11.26,CBF&CBL
IT0005433757,"EUR 0,01 MEDIOBANCA SPA (",1.61,CBF&CBL
XS2382953789,"EUR 0,45 CZECH GAS NETWO ",7.82,CBF&CBL
DE000SCB0047,"EUR 3,00 DEUTSCHE KREDITB",2.39,CBF&CBL
DE000DJ9ADW4,"EUR 2,85 DZ BANK AG - FFT",11.28,CBF&CBL
DE000DB9VQC2,"EUR 3,30 DEUTSCHE BANK AG",8.65,CBF&CBL
DE000HEL0HH2,"EUR 1,85 LANDESBANK HESS-",7.50,CBF&CBL
ES0413211B09,"EUR FL.R BBVA SA 25-2031",1.09,CBF&CBL
FR0010471334,"EUR 4,585 COMP.FINA.FONCI",1.84,CBF&CBL
DE000NLB8EV8,"EUR FL.R NORD/LB GZ 14-20",7.50,CBF&CBL
BE6289677039,"EUR 0,486 WALLONE, REGION",0.72,CBF&CBL
DE000A2TSPN7,"EUR 0,75 KSPK. LUDWIGSBUR",1.13,CBF&CBL
FR0013481207,"EUR 0,01 SOCIETE GEN.SFH ",1.20,CBF&CBL
DE000A3H2YF9,"EUR 0,45 BREMEN HANSTADT ",6.32,CBF&CBL
ES0000090870,"EUR 1,85 JUNTA DE ANDALUC",12.47,CBF&CBL
FR0014006IK3,"EUR 0,794 OCCITANIE, REG ",9.35,CBF&CBL
XS2419364653,"EUR 0,00 EUROP.INVEST.BK ",0.28,CBF&CBL
XS2560385796,"EUR 4,75 ACS SA (REGS/5) ",5.00,CBF&CBL
IT0005550451,"EUR 0,00 ITALY, REP.OF (B",8.13,CBF&CBL
XS2972972017,"EUR 3,125 TOYOTA MOTO.FIN",5.00,CBF&CBL
DE000A3MQTE5,"EUR FL.R HAMBURG HANSESTA",0.59,CBF&CBL
DE000NWB2EC8,"EUR FL.R NRW.BANK 16-2031",1.13,CBF&CBL
DE0003811543,"EUR 0,00 BUNDES DEUTSCH (",2.37,CBF&CBL
BE0002255249,"EUR 1,650000 RESA SA (REG",12.12,CBF&CBL
FR0013246873,"EUR 1,25 UNEDIC (REGS) 17",0.46,CBF&CBL
BE6301510028,"EUR 1,15 ANHEU.-BUSCH INB",5.00,CBF&CBL
DE0001102523,"EUR 0,00 BUNDES DEUTSCH 2",0.24,CBF&CBL
DE000NLB3RD9,"EUR 0,10 NORD/LB GZ 21-20",7.50,CBF&CBL
DE000BLB9S99,"EUR FL.R BAYERISCH.LANDES",0.43,CBF&CBL
DE000A30V372,"EUR 2,75 BREMEN HANSTADT ",1.55,CBF&CBL
DE000DJ9ALZ0,"EUR FL.R DZ BANK AG - FFT",12.03,CBF&CBL
DE000NLB4829,"EUR 2,70 NORD/LB GZ 25-20",19.61,CBF&CBL
IT0005690893,"EUR 2,625 BCA.MONTE DEI P",1.19,CBF&CBL
DE000LB60170,"EUR 2,40 LBK BADEN-WUERTT",7.50,CBF&CBL
ES0211845229,"EUR 5,99 ABERTIS INFRAES ",23.79,CBF&CBL
BE0390270396,"EUR 3,375 VLAAMS GEMEENSC",2.77,CBF&CBL
BE0390282516,"EUR 4,375 WALLONE, REGION",6.69,CBF&CBL
ES04139000F6,"EUR 2,875 BANCO SANTANDER",1.55,CBF&CBL
IT0005710493,"EUR 3,236 UNICREDIT SPA (",1.28,CBF&CBL
FR0011008705,"EUR FL.R FRANCE (REGS OAT",0.55,CBF&CBL
DE0003811584,"EUR 0,00 BUNDES DEUTSCH (",3.14,CBF&CBL
FR0013302197,"EUR 1,00 AEROPORTS DE PAR",5.00,CBF&CBL
XS1791750968,"EUR 1,545 COOP RABOBK UA ",6.67,CBF&CBL
AT0000A26Z51,"EUR 1,40 ERSTE GR.BK AG (",15.16,CBF&CBL
DE000A2TSDU8,"EUR 2,30 HOCHTIEF AG 19-2",19.85,CBF&CBL
DE000HLB4YL4,"EUR 0,10 LANDESBANK HESS-",1.30,CBF&CBL
XS2193666042,"EUR 0,375 DEUTSCHE BAHN A",6.59,CBF&CBL
DE000NLB3SE5,"EUR 0,225 NORD/LB GZ 21-2",7.50,CBF&CBL
FR00140057W5,"EUR 0,791 HOPITAUX PARIS ",13.72,CBF&CBL
IT0005496770,"EUR 3,25 ITALY, REP.OF (B",3.69,CBF&CBL
DE000LFA2097,"EUR 3,00 LFA FRDRBK.BAYER",1.69,CBF&CBL
AT0000A38H91,"EUR 3,50 ERSTE GR.BK AG (",0.91,CBF&CBL
DE000BU2F009,"EUR 2,60 BUNDES DEUTSCH 2",2.52,CBF&CBL
XS2978479298,"EUR 2,95 IBRD-WORLD BANK ",1.63,CBF&CBL
DE000HLB45L7,"EUR 3,22 LANDESBANK HESS-",21.13,CBF&CBL
DE000WBP0A95,"EUR 0,01 WUESTENROT BSPK ",1.21,CBF&CBL
FR00140022B3,"EUR 0,125 SOCIETE GENERAL",7.50,CBF&CBL
DE000A2LQPM0,"EUR FL.R HAMBURG HANSESTA",0.38,CBF&CBL
DE000A351TR1,"EUR 3,366 KREISSPARK GOEP",3.50,CBF&CBL
XS2620585906,"EUR 4,323 BP CAPITAL MRKT",18.15,CBF&CBL
DE000CZ45YL0,"EUR 3,175 COMMERZBK AG 24",6.67,CBF&CBL
EU000A2SCAQ2,"EUR 2,50 EFSF (REGS) 24-2",0.86,CBF&CBL
DE000NLB4779,"EUR 2,50 NORD/LB GZ 25-20",14.22,CBF&CBL
FR001400TWB1,"EUR 2,75 BPCE SFH (REGS) ",1.16,CBF&CBL
BE0000364738,"EUR 3,45 BELGIUM, KINGDOM",7.34,CBF&CBL
XS3077386434,"EUR 2,50 NEDERLAND.WATER.",1.38,CBF&CBL
DE000A3E5V96,"EUR XXX BREMEN HANSTADT 2",1.72,CBF&CBL
BE0002983642,"EUR 3,50 BELFIUS BANK SA/",2.22,CBF&CBL
DE000BLB9YE4,"EUR 2,90 BAYERISCH.LANDES",7.50,CBF&CBL
DE000DJ9AYR0,"EUR 2,45 DZ BANK AG - FFT",16.07,CBF&CBL
DE000BYL0JS7,"USD 4,10 BAYERISCH.LANDES",0.77,CBF&CBL
XS1016849462,"EUR 3,08 SVENSKA HBN. (RE",7.68,CBF&CBL
ES00000125K5,"EUR 0,00 SPAIN, KINGDOM O",0.06,CBF&CBL
DE000A2TSS66,"EUR 1,18 MUENCHENER HYPOB",1.51,CBF&CBL
DE000DK0JS07,"EUR FL.R DEKABANK 18-2026",7.50,CBF&CBL
SI0002104048,"EUR 0,4875 SLOVENIA REP.O",15.96,CBF&CBL
BE6326460233,"EUR 0,12 BELFIUS BANK SA/",8.35,CBF&CBL
XS2348408514,"EUR 1,00 SPP DISTRIBUCIA ",13.77,CBF&CBL
BE0002857382,"EUR 1,875 BELFIUS BANK SA",2.10,CBF&CBL
FR001400IKC7,"EUR 3,70 ILE-DE-FR. MOBI ",3.84,CBF&CBL
FR001400N8M6,"EUR 3,25 BPCE SFH (REGS) ",3.46,CBF&CBL
DE000LB6F6K4,"EUR 2,70 LBK BADEN-WUERTT",19.11,CBF&CBL
XS3398041338,"EUR 3,00 NEDERLAND.WATER.",2.19,CBF&CBL
DE000A11QAS0,"EUR 2,20 DT. PFANDBRIEFBA",0.47,CBF&CBL
DE000NLB2M89,"EUR FL.R NORD/LB GZ (REGS",7.50,CBF&CBL
SK4120013400,"EUR 2,00 SLOVAK, REP. (RE",11.90,CBF&CBL
DE000HLB4XP7,"EUR 0,565 LANDESBANK HESS",9.32,CBF&CBL
FR0013536950,"EUR 0,01 COMP.FINA.FONCIE",1.42,CBF&CBL
FR0014002713,"EUR 0,57 REGION PAYS LOIR",6.12,CBF&CBL
DE000A1RQD43,"EUR 0,01 HESSEN LAND (REG",1.88,CBF&CBL
XS2402074277,"USD 1,25 CADES (REGS/30) ",0.47,CBF&CBL
DE000HLB5113,"EUR 3,00 LANDESBANK HESS-",7.50,CBF&CBL
IT0005584856,"EUR 3,85 ITALY, REP.OF (B",2.98,CBF&CBL
EU000A1Z99T1,"EUR 2,625 ESM (REGS) 24-2",0.69,CBF&CBL
XS2801321527,"GBP 4,00 NORDIC INVEST.BK",0.88,CBF&CBL
FR0014015N57,"EUR 3,00 SOCIETE DE FINAN",3.13,CBF&CBL
IT0005695256,"EUR 0,00 ITALY, REP.OF (B",0.21,CBF&CBL
XS3524469635,"USD 0,00 EUROP.INVEST.BK ",0.37,CBF&CBL
XS0515753183,"EUR 4,85 ITALY, REP.OF (R",5.58,CBF&CBL
XS0745896000,"EUR 3,75 AGENCE FR DE DEV",0.72,CBF&CBL
XS1958124544,"EUR 1,315 COOP RABOBK UA ",3.86,CBF&CBL
DE000A2GSR54,"EUR 0,25 WIRTSCHAFTS-INFR",2.62,CBF&CBL
DE000A3H2YT0,"EUR 0,50 MUENCHENER HYPOB",3.37,CBF&CBL
FR0014000A26,"EUR 0,20 CLLCTV EU ALSAC ",6.02,CBF&CBL
FR0014003CN7,"EUR 0,799 BOURGOGNE FRANC",8.62,CBF&CBL
DE000CZ43ZF4,"EUR 2,875 COMMERZBK AG (R",0.71,CBF&CBL
DE000DJ9ACX4,"EUR 3,00 DZ BANK AG - FFT",7.95,CBF&CBL
XS2977903314,"EUR 2,75 LANDWIRT.RENTENB",2.09,CBF&CBL
XS3184161175,"EUR FL.R OP CORPOR BK PL ",11.58,CBF&CBL
FR001401AM80,"EUR 3,75 CREDIT AGR HOME ",2.54,CBF&CBL
FR0000578536,"EUR 0,00 FRANCE (OAT PRIN",1.58,CBF&CBL
XS1121804279,"EUR FL.R ITALY, REP.OF (R",1.67,CBF&CBL
FR0012686111,"EUR FL.R CAISSE FCSE DE 1",0.58,CBF&CBL
ES00000128C6,"EUR 2,90 SPAIN, KINGDOM O",4.64,CBF&CBL
DE000A2E4ZL4,"EUR 1,34 THUERINGEN, FREI",3.19,CBF&CBL
DE000LB12833,"EUR 2,18 LBK BADEN-WUERTT",16.78,CBF&CBL
BE0002675560,"EUR 0,283 BRUSSELS, REG. ",4.71,CBF&CBL
FR0013477924,"EUR 0,01 BPCE SFH (REGS) ",0.52,CBF&CBL
BE6321529396,"EUR 0,875 ELIA TRANSM BEL",10.77,CBF&CBL
DE000A289J66,"EUR 0,01 SAARLAND 20-2027",0.34,CBF&CBL
FR0013516259,"EUR 0,963 PARIS, VILLE DE",12.00,CBF&CBL
DE000BLB9RA6,"EUR 1,06 BAYERISCH.LANDES",14.84,CBF&CBL
DE000SLB8825,"EUR FL.R LANDESBK SAAR 22",12.91,CBF&CBL
FR001400D211,"EUR 3,25 SOCIETE DE FINAN",3.74,CBF&CBL
SK4000021820,"EUR 3,50 SLOVENSKA SPORIT",0.59,CBF&CBL
DE000LFA2394,"EUR 2,75 LFA FRDRBK.BAYER",1.77,CBF&CBL
BE6359407879,"EUR 2,90 BNP PARIBAS FORT",1.61,CBF&CBL
DE000A351Z02,"EUR 3,10 SAECHS.AUFBAUBK ",23.47,CBF&CBL
DE000A161R85,"EUR FL.R BAYERISCHE LANDB",0.43,CBF&CBL
DE000A1RQFG2,"EUR 2,875 HESSEN LAND 26-",2.26,CBF&CBL
IT0003268924,"EUR 0,00 ITALY, REP.OF (B",1.46,CBF&CBL
BE6289680066,"EUR 1,03 WALLONE, REGION ",3.84,CBF&CBL
BE6296431644,"EUR 2,10 COMMUNAUT FRANCA",12.17,CBF&CBL
XS1706557888,"USD 0,00 NED.FIN.MAATSCH.",0.40,CBF&CBL
XS1886403200,"EUR 2,125 BRITISH TELECO ",6.13,CBF&CBL
XS1917590959,"EUR 1,875 OMV AG (REGS/11",5.80,CBF&CBL
FR001400HCM5,"EUR 3,25 CREDIT MUTUEL H ",0.89,CBF&CBL
IT0005631491,"EUR 3,25 CA ITALIA SPA (R",2.23,CBF&CBL
XS3201262311,"EUR 2,75 CIBC CANADA (REG",1.71,CBF&CBL
DE000SLB1671,"EUR FL.R LANDESBK SAAR 26",0.98,CBF&CBL
DE000A460E70,"EUR 2,26 SPARKASS.PFORZHE",7.50,CBF&CBL
XS3325335092,"EUR 2,75 NIBC BANK N.V. (",0.87,CBF&CBL
FR0010172304,"EUR 0,00 FRANCE (OAT STRI",3.32,CBF&CBL
FR0013264439,"EUR 2,125 COENT TRANSP EL",16.11,CBF&CBL
FR0013290749,"EUR 1,875 RTE EDF TRANSPO",23.47,CBF&CBL
FR0011642420,"EUR 3,10 DEPART ESSONNE (",0.72,CBF&CBL
FR0013297967,"EUR 1,33 REGION PAYS LOIR",3.41,CBF&CBL
SK4120014184,"EUR 2,25 SLOVAK, REP. (RE",15.30,CBF&CBL
BE6305455675,"EUR 1,13 COMMUNAUT FRANCA",1.23,CBF&CBL
XS2289404704,"EUR 0,00 BNG BANK N.V. (R",1.69,CBF&CBL
IT0005436693,"EUR 0,60 ITALY, REP.OF (R",2.43,CBF&CBL
XS2388457264,"EUR 0,00 KFW (REGS) 21-20",1.77,CBF&CBL
AT000B049945,"EUR 3,125 UNICREDIT BK AT",1.03,CBF&CBL
DE000A3E5SQ4,"EUR 3,00 LAND, BRANDENBUR",1.57,CBF&CBL
DE000MHB35J0,"EUR 3,00 MUENCHENER HYPOB",1.32,CBF&CBL
FR001400L834,"EUR 3,50 FRANCE 23-2033",1.51,CBF&CBL
ES0413679574,"EUR FL.R BANKINTER (REGS)",0.89,CBF&CBL
DE000NRW0P99,"EUR 3,80 NORDRHEIN-WESTFA",5.92,CBF&CBL
XS3397036123,"EUR 2,75 BK OF MONTREAL (",1.04,CBF&CBL
ES0000012767,"EUR 0,00 SPAIN, KINGDOM O",2.25,CBF&CBL
FR0010809434,"EUR 0,00 FRANCE (OAT STRI",1.03,CBF&CBL
DE000LB2CS53,"EUR FL.R LBK BADEN-WUERTT",11.96,CBF&CBL
XS2189707966,"USD 1,006 NEDERLAND.WATER",0.38,CBF&CBL
FR0014000T17,"EUR 0,00 REGION HAUTS (RE",0.84,CBF&CBL
DE000SLB0GF8,"EUR 0,70 LANDESBK SAAR 21",15.29,CBF&CBL
DK0009412553,"EUR 3,25 JYSKE REALKREDI ",1.28,CBF&CBL
XS2679878319,"EUR 4,375 SANTANDER CONSU",7.50,CBF&CBL
EU000A3K4EL9,"EUR 4,00 EUROPEAN UNION (",2.98,CBF&CBL
DE000DJ9AHL8,"EUR FL.R DZ BANK AG - FFT",18.10,CBF&CBL
XS2807461699,"GBP 4,25 KFW (REGS) 24-20",1.72,CBF&CBL
DE000BYL0A66,"USD 4,49 BAYERISCH.LANDES",0.39,CBF&CBL
DE000HEL0G36,"EUR 2,30 LANDESBANK HESS-",9.19,CBF&CBL
DE000LB599R0,"EUR 2,73 LBK BADEN-WUERTT",15.86,CBF&CBL
FR0014014CT1,"EUR 3,00 COMP.FINA.FONCIE",1.90,CBF&CBL
ES0440609578,"EUR FL.R CAIXABANK S.A. 2",1.05,CBF&CBL
EU000A4EVJR7,"EUR 0,00 EUROPEAN UNION 2",0.14,CBF&CBL
NL0010071189,"EUR 2,50 DUTCH STATE (REG",2.07,CBF&CBL
ES00000128U8,"EUR 0,00 SPAIN, KINGDOM O",11.74,CBF&CBL
DE000NWB2LN0,"EUR 0,473 NRW.BANK 19-204",8.90,CBF&CBL
BE6316626835,"EUR 1,00 COMMUNAUT FRANCA",15.09,CBF&CBL
DE000LFA1875,"EUR 0,05 LFA FRDRBK.BAYER",2.77,CBF&CBL
DE000A3H3JW3,"EUR 0,45 MUENCHENER HYPOB",3.14,CBF&CBL
FR00140024V7,"EUR 0,831 PARIS, VILLE DE",13.79,CBF&CBL
DE000NLB4UZ4,"EUR 3,60 NORD/LB GZ 23-20",9.85,CBF&CBL
XS2756520248,"EUR 3,064 COOPERATIEVE RA",2.14,CBF&CBL
FR001400OZH2,"EUR 3,00 CREDIT MUTUEL H ",1.42,CBF&CBL
XS3026019334,"EUR 3,25 BANK GOSPODARSTW",11.73,CBF&CBL
IT0005660052,"EUR 2,35 ITALY, REP.OF (B",1.32,CBF&CBL
DE000CZ46CE9,"EUR 2,875 COMMERZBK AG (R",0.89,CBF&CBL
DE000LB69KJ5,"EUR 2,75 LBK BADEN-WUERTT",7.50,CBF&CBL
FR0012486256,"EUR 1,379 LA BQE POST HOM",4.11,CBF&CBL
DE000DL19UW8,"EUR 0,01 DEUTSCHE BANK AG",1.19,CBF&CBL
XS2083301106,"EUR 0,05 FEDE.CAIS.DESJAR",0.45,CBF&CBL
XS2234567662,"EUR 1,25 VOLKSWAGEN INTL.",16.80,CBF&CBL
XS2348325494,"EUR 0,50 TENNET NETHERLA ",10.50,CBF&CBL
DE000A351M80,"EUR 3,00 HAMBURGER SPARK.",0.69,CBF&CBL
ES0413900954,"EUR FL.R BANCO SANTANDER ",0.39,CBF&CBL
DE000A4DE9D7,"EUR 2,75 NIEDERSACHSEN LA",1.95,CBF&CBL
DE000LB5X915,"EUR 1,70 LBK BADEN-WUERTT",7.50,CBF&CBL
DE000A1RQE75,"EUR FL.R HESSEN LAND 25-2",2.10,CBF&CBL
DE000HEL0R33,"EUR 3,38 LANDESBANK HESS-",25.99,CBF&CBL
DE000NLB57B1,"EUR 3,10 NORD/LB GZ 26-20",18.49,CBF&CBL
XS1333830005,"EUR 1,68 NATIONWIDE BS (R",3.06,CBF&CBL
DE000HLB4VW7,"EUR 1,20 LANDESBANK HESS-",8.80,CBF&CBL
DE000LB12817,"EUR 2,03 LBK BADEN-WUERTT",8.90,CBF&CBL
DE000CZ40NP5,"EUR 1,25 COMMERZBK AG (RE",2.24,CBF&CBL
FR0125399636,"EUR 1,82 CAISSE DES DEPOT",10.35,CBF&CBL
EU000A2R9EC1,"EUR 0,20 EUROPEAN UNION (",1.70,CBF&CBL
DE000NLB2922,"EUR 0,75 NORD/LB GZ 20-20",11.18,CBF&CBL
DE000A289NS4,"EUR 0,05 THUERINGEN, FREI",1.24,CBF&CBL
FR0014000PF1,"EUR FL.R VINCI SA (REGS) ",5.81,CBF&CBL
FI4000517677,"EUR 0,50 FINLAND REP.OF 2",7.36,CBF&CBL
DE000A30V6G2,"EUR 3,125 KSPK. LUDWIGSBU",2.54,CBF&CBL
DE000NLB4TX1,"EUR 4,125 NORD/LB GZ 23-2",27.78,CBF&CBL
DE000A289KR2,"EUR FL.R INVESTITIONSBK 2",0.49,CBF&CBL
DE000BLB9XM9,"EUR 3,07 BAYERISCH.LANDES",9.26,CBF&CBL
DE000DJ9AN61,"EUR 2,15 DZ BANK AG - FFT",10.39,CBF&CBL
DE000DJ9AWB8,"EUR FL.R DZ BANK AG - FFT",8.50,CBF&CBL
DE000DJ9AW52,"EUR 1,80 DZ BANK AG - FFT",7.50,CBF&CBL
DE000LB4XCS5,"EUR 3,384 LBK BADEN-WUERT",25.28,CBF&CBL
DE000HEL0X01,"EUR 2,30 LANDESBANK HESS-",7.50,CBF&CBL
AT0000A3WUY6,"EUR 3,25 RAIFFEISENVERBAN",1.82,CBF&CBL
DE0001135069,"EUR 5,625 BRD 98-2028",0.26,CBF&CBL
FR0010773200,"EUR 0,00 FRANCE (OAT PRIN",3.55,CBF&CBL
XS0494487837,"EUR 4,255 RESEAU FERRE FR",4.39,CBF&CBL
FR0012740918,"EUR 1,72 HSBC FRANCE 15-2",11.84,CBF&CBL
BE0001760140,"EUR 1,115 COMMUNAUT FRANC",7.54,CBF&CBL
BE0001770248,"EUR 1,564 VLAAMS GEMEENSC",10.14,CBF&CBL
FR0013284072,"EUR 0,75 CAISSE FCSE DE (",0.36,CBF&CBL
XS1772374770,"EUR 1,625 DEUTSCHE BAHN A",14.88,CBF&CBL
DE000LB128F3,"EUR 2,22 LBK BADEN-WUERTT",21.71,CBF&CBL
BE0002630219,"EUR 1,51 BRUSSELS, REG. O",7.20,CBF&CBL
DE000A2TSD14,"EUR 0,375 DZ HYP AG 19-20",11.56,CBF&CBL
FR0013414398,"EUR 1,955 SOCIETE GRAND (",9.77,CBF&CBL
BE6323696722,"EUR 0,771 COMMUNAUT FRANC",12.54,CBF&CBL
BE6330288687,"EUR 0,75 AEDIFICA (REGS) ",14.35,CBF&CBL
DE000DB9U8C2,"EUR FL.R DEUTSCHE BANK AG",7.50,CBF&CBL
DE000DJ9AD89,"EUR 2,75 DZ BANK AG - FFT",8.26,CBF&CBL
FR001400PM68,"EUR 2,75 FRANCE (OAT) 24-",0.76,CBF&CBL
AT000B008297,"EUR 0,00 ERSTE GR.BK AG 1",1.65,CBF&CBL
IT0005325334,"EUR 1,75 UBI BANCA SCPA (",2.64,CBF&CBL
BE0001780346,"EUR 1,863 VLAAMS GEMEENSC",10.20,CBF&CBL
DE000DK0Q4L8,"EUR FL.R DEKABANK 19-2027",7.50,CBF&CBL
DE000A3KK6M8,"EUR 0,05 L-BANK 21-2029",1.53,CBF&CBL
XS2436160936,"EUR 0,125 NATL BK CANADA ",0.40,CBF&CBL
FR001400E1P5,"EUR 2,875 CREDIT AGR HOME",0.61,CBF&CBL
DE000A3823V5,"EUR 3,00 SPARKASS.PFORZHE",1.47,CBF&CBL
FR001400PGB2,"EUR 2,875 BPIFRANCE (REGS",3.40,CBF&CBL
DE000LFA2386,"EUR 2,75 LFA FRDRBK.BAYER",1.80,CBF&CBL
DE000LB57R23,"EUR 2,30 LBK BADEN-WUERTT",10.13,CBF&CBL
DE000LFA2501,"EUR 2,875 LFA FRDRBK.BAYE",2.34,CBF&CBL
XS3295818887,"EUR 2,33335 INTL.FIN.CORP",0.61,CBF&CBL
XS3384746106,"EUR 3,615 ING BANK N.V. (",3.87,CBF&CBL
DE000A3H26C0,"EUR 3,625 BADEN-WUERTTEMB",3.75,CBF&CBL
DE0001108546,"EUR 0,00 BUNDES DEUTSCH (",3.12,CBF&CBL
XS0932307100,"EUR 2,875 BASF SE (REGS/1",15.36,CBF&CBL
XS1379607291,"EUR 1,888 ABN AMRO BK NV ",14.91,CBF&CBL
XS2324836878,"EUR 0,25 WOLTERS KLUWER N",5.00,CBF&CBL
DE000BLB9R66,"EUR 2,22 BAYERISCH.LANDES",9.22,CBF&CBL
FR001400EAY1,"EUR 3,75 BQUE FED.CRED.MU",19.13,CBF&CBL
BE0002943240,"EUR 3,98 BRUSSELS, REG. O",10.41,CBF&CBL
XS2637445276,"EUR 3,75 UNICREDIT BK CZ ",0.80,CBF&CBL
DE000HEL0L96,"EUR 1,90 LANDESBANK HESS-",7.50,CBF&CBL
DE000BYL0FC9,"EUR 3,45 BAYERISCH.LANDES",23.89,CBF&CBL
DE000A460ER2,"EUR FL.R NIEDERSACHSEN LA",1.27,CBF&CBL
DE000A1RQFA5,"EUR 3,05 HESSEN LAND 26-2",2.95,CBF&CBL
IT0003269021,"EUR 0,00 ITALY, REP.OF (B",2.83,CBF&CBL
ES00000127C8,"EUR 1,00 SPAIN, KINGDOM O",2.39,CBF&CBL
FR0013154341,"EUR 0,00 FRANCE (OAT STRI",9.26,CBF&CBL
BE0002732130,"EUR FL.R BRUSSELS, REG. O",7.90,CBF&CBL
DE000SHFM774,"EUR 0,01 SCHLESWIG-HOLSTE",0.34,CBF&CBL
XS2536806289,"EUR 2,50 EIKA BOLIGKREDI ",0.70,CBF&CBL
FR001400DZO1,"EUR 4,25 SOCIETE GENERALE",18.46,CBF&CBL
DE000DK012L6,"EUR 3,51 DEKABANK 24-2031",14.85,CBF&CBL
DE000NRW0PM9,"EUR 5,99 NORDRHEIN-WESTFA",0.64,CBF&CBL
DE000DJ9AK49,"EUR 2,77 DZ BANK AG - FFT",17.99,CBF&CBL
IT0005595803,"EUR 3,45 ITALY, REP.OF (B",2.29,CBF&CBL
DE000SHFM998,"EUR 2,625 SCHLESWIG-HOLST",2.55,CBF&CBL
BE6246336216,"EUR 3,38 COMMUNAUT FRANCA",3.65,CBF&CBL
BE0001759134,"EUR 2,00 COMMUNAUT FRANCA",13.19,CBF&CBL
IT0005212987,"EUR 0,375 UNICREDIT SPA (",0.37,CBF&CBL
XS1828037827,"EUR 2,00 TENNET NETHERLA ",15.47,CBF&CBL
FR0013371499,"EUR 0,887 BNP PARIBAS HOM",0.36,CBF&CBL
XS2014479336,"EUR 0,01 EBRD 19-2031",1.25,CBF&CBL
DE000NLB3WU3,"EUR FL.R NORD/LB GZ 22-20",15.98,CBF&CBL
DE000LFA2436,"EUR 2,375 LFA FRDRBK.BAYE",0.38,CBF&CBL
XS3512738520,"USD 0,00 AUSTRIA, REP.OF ",0.53,CBF&CBL
BE0008071202,"EUR 0,00 BELGIUM, KINGDOM",5.45,CBF&CBL
AT000B049192,"EUR 3,86 UNICREDIT BK AT ",0.96,CBF&CBL
ES0413790264,"EUR 5,28 BCO.POP.ESPANOL ",1.04,CBF&CBL
DE0003811576,"EUR 0,00 BUNDES DEUTSCH (",2.93,CBF&CBL
AT0000A286G4,"EUR 1,23 ERSTE GR.BK AG (",21.15,CBF&CBL
FR0013506862,"EUR 1,00 SCHNEIDER ELEC. ",5.00,CBF&CBL
XS2259193998,"EUR 0,125 ASN BANK N.V. (",4.20,CBF&CBL
FR0014001IO6,"EUR 0,00 LA POSTE (REGS) ",7.47,CBF&CBL
BE0002787688,"EUR 1,04 BRUSSELS, REG. O",13.85,CBF&CBL
DE000A3E5VX4,"EUR 0,625 AMPRION GMBH (R",19.56,CBF&CBL
AT000B101530,"EUR 3,52 ALLGEMEINE SPARK",4.46,CBF&CBL
DE000NLB5F44,"EUR 1,90 NORD/LB GZ 25-20",7.50,CBF&CBL
XS3188772548,"EUR FL.R ITALY, REP.OF (R",13.80,CBF&CBL
BE0390279488,"EUR FL.R BRUSSELS, REG. O",3.55,CBF&CBL
DE000A1RQFD9,"EUR 3,60 HESSEN LAND 26-2",5.46,CBF&CBL
DE000A460LB1,"EUR 2,80 INV.UND STR.BK I",7.50,CBF&CBL
DE000DP9BLQ9,"EUR 2,92 DZ BANK AG - FFT",9.70,CBF&CBL
DE000BYL0K56,"EUR 3,00 BAYERISCH.LANDES",15.95,CBF&CBL
XS1192711189,"EUR FL.R ITALY, REP.OF (R",19.38,CBF&CBL
BE0001743948,"EUR 2,24 WALLONE, REGION ",5.84,CBF&CBL
XS1321006915,"EUR 1,671 MUNICIPALITY FI",26.35,CBF&CBL
FR0013234614,"EUR 1,586 BPCE SFH (REGS)",5.49,CBF&CBL
DE000DK0T0W0,"EUR 0,8475 DEKABANK 19-20",19.10,CBF&CBL
DE000LB13HW2,"EUR FL.R LBK BADEN-WUERTT",7.50,CBF&CBL
AT0000A28KP3,"EUR 0,30 ERSTE GR.BK AG 1",7.50,CBF&CBL
EU000A1G0EG5,"EUR 0,70 EFSF (REGS) 20-2",12.79,CBF&CBL
DE000LB13XD9,"EUR 0,20 LBK BADEN-WUERTT",15.79,CBF&CBL
XS2487693512,"EUR 2,06 BRITISH COLUMBIA",7.11,CBF&CBL
FR001400INH0,"EUR 3,36 CREDIT MUTUEL H ",1.96,CBF&CBL
AT0000A3A3H0,"USD 4,65 ERSTE GR.BK AG (",7.50,CBF&CBL
FR0014012DH8,"EUR 3,25 SOC. NAT. SNCF (",3.69,CBF&CBL
DE000A460FN8,"EUR 2,875 HAMBURGER SPARK",1.89,CBF&CBL
XS0211389753,"EUR 4,45 POLAND, REP.OF (",5.72,CBF&CBL
FR0010809483,"EUR 0,00 FRANCE (OAT STRI",2.19,CBF&CBL
XS0862347852,"EUR 3,60 TEOLLISUUDEN VOI",5.00,CBF&CBL
DE000NLB2NT6,"EUR FL.R NORD/LB GZ (REGS",7.50,CBF&CBL
XS1858856740,"EUR 2,20 DEUT.TKOM.INT.FI",16.00,CBF&CBL
XS1876166627,"EUR 1,52 COOP RABOBK UA (",4.87,CBF&CBL
FR0126221896,"EUR 0,10 UNEDIC (REGS BMT",0.46,CBF&CBL
DE000DJ9AZ26,"EUR 1,85 DZ BANK AG - FFT",7.50,CBF&CBL
XS3241220873,"EUR 2,625 ING BANK N.V. (",7.69,CBF&CBL
XS3295866779,"EUR 2,375 SANTANDER UK PL",0.92,CBF&CBL
XS1347734565,"EUR 1,625 LLOYDS BANK PLC",3.10,CBF&CBL
ES0000101792,"EUR 2,677 COMUN.DE MADRID",5.87,CBF&CBL
XS1910948675,"EUR 4,125 VOLKSWAGEN INTL",25.69,CBF&CBL
XS2023644201,"EUR 0,375 MERCK FINANCIAL",5.00,CBF&CBL
DE000A3E5SG5,"EUR 0,60 LAND, BRANDENBUR",6.28,CBF&CBL
FR0014006YJ2,"EUR 0,394 CREDIT AGRICOLE",7.81,CBF&CBL
DE000A3E5SR2,"EUR FL.R LAND, BRANDENBUR",0.34,CBF&CBL
DE000RLP1387,"EUR 3,125 RHEINLAND-PFALZ",1.95,CBF&CBL
XS2586944659,"EUR 3,875 POLAND, REP.OF ",4.62,CBF&CBL
FR001400Q0T5,"EUR 3,50 BQUE FED.CRED.MU",15.00,CBF&CBL
XS2843020525,"EUR 0,00 KNAB N.V. (REGS/",2.78,CBF&CBL
XS2982107547,"EUR 2,875 KOMMUNEKREDIT (",18.09,CBF&CBL
IT0005684888,"EUR 0,00 ITALY, REP.OF (B",0.13,CBF&CBL
DE000LB6SWC2,"EUR 2,60 LBK BADEN-WUERTT",14.87,CBF&CBL
DE000NLB57V9,"EUR 3,625 NORD/LB GZ 26-2",18.14,CBF&CBL
FR0011198266,"EUR 4,00 PARIS, VILLE DE ",0.72,CBF&CBL
EU000A1ZVYN6,"EUR 0,77 EUROPEAN UNION (",0.05,CBF&CBL
XS1207683522,"EUR 0,625 NATIONWIDE BS (",0.36,CBF&CBL
DE000A2GSSE7,"EUR 0,208 WIRTSCHAFTS-INF",6.92,CBF&CBL
DE000DFK0G26,"EUR 0,20 DZ BANK AG - FFT",25.55,CBF&CBL
DE000NLB3VY7,"EUR 0,30 NORD/LB GZ 22-20",7.50,CBF&CBL
DE000BU4K005,"EUR 0,00 BUNDES DEUTSCH 2",1.53,CBF&CBL
DE000NLB45J9,"EUR 2,65 NORD/LB GZ 24-20",10.21,CBF&CBL
AT0000A3HN08,"EUR 3,00 ERSTE GR.BK AG (",1.67,CBF&CBL
BE6359485685,"EUR 2,875 ARGENTA SPAARBA",1.62,CBF&CBL
ES0413211B41,"EUR 2,875 BBVA SA (REGS) ",0.95,CBF&CBL
FR0013213303,"EUR 1,875 EDF (REGS) 16-2",24.86,CBF&CBL
FR0013220571,"EUR 1,305 SAVOIE 16-2029",2.24,CBF&CBL
XS1551446880,"EUR 1,375 NATURGY FINANCE",5.00,CBF&CBL
FR0013371549,"EUR 2,125 AEROPORTS DE PA",27.89,CBF&CBL
FR0013396363,"EUR 1,45 CAISSE FCSE DE (",2.23,CBF&CBL
DE000A2LQPL2,"EUR 0,40 HAMBURG HANSESTA",6.53,CBF&CBL
AT0000A306J4,"EUR 2,50 ERSTE GR.BK AG (",1.36,CBF&CBL
DE000DW6C5A3,"EUR 4,00 DZ BANK AG - FFT",28.97,CBF&CBL
FR001400J4K5,"EUR 3,50 PARIS, VILLE DE ",7.84,CBF&CBL
DE000DJ9AAE8,"EUR 3,90 DZ BANK AG - FFT",10.65,CBF&CBL
DE000A3825E6,"EUR FL.R INV.UND STR.BK I",7.50,CBF&CBL
DE000DJ9ACT2,"EUR FL.R DZ BANK AG - FFT",7.50,CBF&CBL
DE000DK012K8,"EUR 3,41 DEKABANK 24-2029",8.83,CBF&CBL
DE000A3SJZZ9,"EUR 2,875 WIRTSCHAFTS-INF",3.10,CBF&CBL
DE000LB6A044,"EUR 1,85 LBK BADEN-WUERTT",7.50,CBF&CBL
DE000HEL0MM2,"USD 4,00 LANDESBANK HESS-",18.26,CBF&CBL
FR0010809277,"EUR 0,00 FRANCE (OAT STRI",0.88,CBF&CBL
DE000NWB18P0,"EUR 0,25 NRW.BANK 19-2027",0.59,CBF&CBL
BE0002649300,"EUR 1,472 BRUSSELS, REG. ",9.36,CBF&CBL
XS2019976070,"EUR 0,75 ENEXIS HOLDING N",12.20,CBF&CBL
DE000SLB8304,"EUR FL.R LANDESBK SAAR 19",7.50,CBF&CBL
XS2124046678,"EUR 0,01 SR-BOLIGKREDITT ",1.21,CBF&CBL
DE000A289K97,"EUR FL.R LAND BERLIN (REG",0.49,CBF&CBL
XS2251371022,"EUR 0,00 EUROP.INVEST.BK ",0.35,CBF&CBL
XS2320459063,"EUR 1,75 IMPERIAL BRANDS ",17.73,CBF&CBL
XS2343540519,"EUR 0,50 RED ELECTRICA FI",18.82,CBF&CBL
FR001400EEX5,"EUR 2,75 CREDIT MUT ARK S",0.36,CBF&CBL
XS1709328899,"EUR 1,625 BANK GOSPODARST",7.50,CBF&CBL
XS1805257265,"EUR 0,875 ING BANK N.V. (",0.54,CBF&CBL
FR0013380904,"EUR 1,954 AFD (REGS) 18-2",10.85,CBF&CBL
DE000NWB18L9,"EUR 1,25 NRW.BANK 19-2044",6.58,CBF&CBL
DE000A2R9ZU9,"EUR 0,625 MERCEDES-BENZ (",5.00,CBF&CBL
DE000LFA1842,"EUR 0,15 LFA FRDRBK.BAYER",0.57,CBF&CBL
BE0001798520,"EUR 1,246 WALLONE, REGION",13.89,CBF&CBL
XS2224621420,"EUR 0,625 ADIDAS AG (REGS",21.18,CBF&CBL
BE0002727080,"EUR 0,00 COMMUNAUT FRANCA",8.95,CBF&CBL
DE000A3KK6Y3,"EUR 0,325 L-BANK 22-2032",2.43,CBF&CBL
DE000CZ45W16,"EUR 0,50 COMMERZBK AG (RE",0.36,CBF&CBL
BE0002890722,"EUR 3,00 VLAAMS GEMEENSCH",2.03,CBF&CBL
FR001400F5S9,"EUR 3,125 BPCE SFH (REGS)",1.87,CBF&CBL
AT0000A36C23,"EUR FL.R RAIF.LBK.OBEROS.",1.61,CBF&CBL
DE000DP9BE01,"EUR 3,05 DZ BANK AG - FFT",19.94,CBF&CBL
DE000A3828Q4,"EUR 2,75 INVESTITIONSBK (",2.12,CBF&CBL
XS3385516060,"EUR 3,00 KOMM.INV.I SVERI",10.48,CBF&CBL
XS2448412879,"EUR 0,50 EXPORT DEV.CANAD",0.10,CBF&CBL
XS2649518953,"GBP 4,875 KFW (REGS) 23-2",1.84,CBF&CBL
NL0015001MU0,"EUR 3,295 NATIONALE NL BA",1.34,CBF&CBL
XS2782117118,"EUR FL.R TOR-DOMINION BK(",0.39,CBF&CBL
DE000HEL0BH5,"EUR 2,20 LANDESBANK HESS-",7.50,CBF&CBL
IT0005619546,"EUR 3,15 ITALY, REP.OF (B",2.40,CBF&CBL
IT0005637399,"EUR 2,95 ITALY, REP.OF (B",1.91,CBF&CBL
DE000DJ9A0L7,"EUR 2,58 DZ BANK AG - FFT",12.66,CBF&CBL
FR0129704112,"EUR 0,00 BANQUE DE FRANCE",0.05,CBF&CBL
FR0011607951,"EUR 3,38 RTE EDF TRANSPOR",5.51,CBF&CBL
FR0013229259,"EUR 1,30 CREDIT AGRICOLE ",7.50,CBF&CBL
XS1874122267,"EUR 1,491 TOTALENERGIES C",10.12,CBF&CBL
DE000LB12825,"EUR 2,27 LBK BADEN-WUERTT",15.04,CBF&CBL
IT0005363111,"EUR 3,85 ITALY, REP.OF (R",4.93,CBF&CBL
XS2245504217,"EUR 0,39 HYPO VORARLBERG ",14.02,CBF&CBL
DE000NLB3TA1,"EUR 0,15 NORD/LB GZ 21-20",8.19,CBF&CBL
DE000LB2BLA4,"USD 1,15 LBK BADEN-WUERTT",7.50,CBF&CBL
XS2556232143,"EUR 3,00 BAWAG (AT) (REGS",0.36,CBF&CBL
XS2680932907,"EUR 5,375 HUNGARY, REP.OF",7.33,CBF&CBL
DE000NLB4399,"EUR 3,40 NORD/LB GZ 24-20",22.48,CBF&CBL
DE000LB5JR21,"EUR 2,40 LBK BADEN-WUERTT",7.50,CBF&CBL
DE000A3513V2,"EUR 2,45 LAND BERLIN (REG",0.40,CBF&CBL
XS2990521846,"EUR 3,125 LAND SACHSEN AN",7.63,CBF&CBL
DE000DJ9A107,"EUR 3,36 DZ BANK AG - FFT",25.50,CBF&CBL
DE000A4EVH69,"EUR 4,00 NIEDEROESTERREIC",6.82,CBF&CBL
DE000HEL00L6,"EUR 3,40 LANDESBANK HESS-",7.50,CBF&CBL
XS0096272355,"GBP 5,25 SPAIN, KINGDOM O",1.86,CBF&CBL
BE0002439140,"EUR 3,01 BELFIUS BANK SA/",2.27,CBF&CBL
BE6287577371,"EUR 1,502 WALLONE, REGION",5.99,CBF&CBL
DE000NRW0JQ3,"EUR 0,625 NORDRHEIN-WESTF",1.89,CBF&CBL
IE00BV8C9B83,"EUR 1,70 IRELAND, REP OF ",5.29,CBF&CBL
FR0013292927,"EUR 1,343 REGION BRETAGNE",3.35,CBF&CBL
BE6302045529,"EUR FL.R WALLONE, REGION ",1.01,CBF&CBL
DE000NWB0AG1,"EUR 0,625 NRW.BANK (REGS ",1.16,CBF&CBL
AT0000A2XLD9,"EUR 1,375 HYPO TIROL BANK",0.40,CBF&CBL
DE0001143873,"EUR 0,00 BUNDES DEUTSCH 2",0.67,CBF&CBL
DE000BLB9UG7,"EUR 4,00 BAYERISCH.LANDES",22.86,CBF&CBL
DE000HLB56N0,"EUR 2,60 LANDESBANK HESS-",7.50,CBF&CBL
XS2887901325,"EUR 3,00 BMW INTL INV BV ",5.00,CBF&CBL
DE000DJ9AR34,"EUR 2,35 DZ BANK AG - FFT",14.60,CBF&CBL
DE000DJ9ATD0,"EUR 2,935 DZ BANK AG - FF",16.97,CBF&CBL
FR0014010C06,"EUR 2,78 BNP PARIBAS HOME",1.59,CBF&CBL
EU000A4EMTG8,"EUR 0,00 EUROPEAN UNION 0",0.06,CBF&CBL
AT000B049994,"EUR 2,625 UNICREDIT BK AT",1.50,CBF&CBL
DE000HEL0TH7,"EUR 2,10 LANDESBANK HESS-",7.50,CBF&CBL
XS3479197306,"USD 5,50 BANK GOSPODARSTW",20.33,CBF&CBL
IT0003268999,"EUR 0,00 ITALY, REP.OF (B",2.39,CBF&CBL
FR0010372094,"EUR 0,00 FRANCE (OAT STRI",2.98,CBF&CBL
IE00BJ38CR43,"EUR 2,40 IRELAND, REP OF ",2.13,CBF&CBL
XS1527556192,"EUR 1,625 ASML HOLD.NV (R",5.00,CBF&CBL
DE000A2YNRZ8,"EUR 0,125 LAND SACHSEN AN",1.08,CBF&CBL
ES0000012C79,"EUR 0,00 SPAIN, KINGDOM O",6.92,CBF&CBL
DE000MHB63P9,"EUR 0,04 MUENCHENER HYPOB",14.14,CBF&CBL
DE000A2GS4M2,"EUR 2,35 SAECHS.AUFBAUBK ",7.50,CBF&CBL
DE000A3E5SK7,"EUR FL.R LAND, BRANDENBUR",1.90,CBF&CBL
DE000SLB1523,"EUR FL.R LANDESBK SAAR 22",1.88,CBF&CBL
DE000DW6C136,"EUR 2,75 DZ BANK AG - FFT",7.50,CBF&CBL
DE000A3MQSR9,"EUR 0,90 KSPK. LUDWIGSBUR",2.31,CBF&CBL
ES0000012D52,"EUR 0,00 SPAIN, KINGDOM O",9.29,CBF&CBL
XS2463702907,"EUR 1,00 NORDEA MORTGAGE ",0.89,CBF&CBL
DE000DK01180,"EUR 3,57 DEKABANK 24-2033",19.26,CBF&CBL
XS2747579907,"GBP 4,125 OEST.KONTROLLBK",0.63,CBF&CBL
XS2979678864,"EUR 3,125 ABN AMRO BK NV ",11.28,CBF&CBL
DE000HEL0H19,"USD 4,00 LANDESBANK HESS-",9.41,CBF&CBL
FR0014012LP4,"EUR 4,50 HOPITAUX PARIS (",10.13,CBF&CBL
DE000LB6GM44,"EUR 2,60 LBK BADEN-WUERTT",14.46,CBF&CBL
DE000DP9BJ14,"EUR FL.R DZ BANK AG - FFT",20.61,CBF&CBL
XS3398382674,"GBP 5,125 VOLKSWAGEN FIN(",7.63,CBF&CBL
XS3503935283,"EUR 3,375 LANDESBANK HESS",1.68,CBF&CBL
FR0011492289,"EUR 2,43 PARIS, VILLE DE ",1.17,CBF&CBL
FR0012968451,"EUR 1,515 CAISSE FCSE DE ",2.07,CBF&CBL
AT0000A2EJ08,"EUR 0,75 AUSTRIA, REP.OF ",9.89,CBF&CBL
DE000MHB4651,"EUR 2,37 MUENCHENER HYPOB",4.35,CBF&CBL
DE000DW6DAP7,"EUR FL.R DZ BANK AG - FFT",16.84,CBF&CBL
BE0002984657,"EUR 3,625 BELFIUS BANK SA",2.96,CBF&CBL
DE000LB5JDC3,"EUR 2,30 LBK BADEN-WUERTT",7.50,CBF&CBL
ES0L02612049,"EUR 0,00 SPAIN, KINGDOM O",0.10,CBF&CBL
DE000DP9BMH6,"EUR 2,50 DZ BANK AG - FFT",15.82,CBF&CBL
ES0000093296,"EUR 4,2 COMUN AUTO CANAR ",5.45,CBF&CBL
XS1061429632,"EUR 3,221 RESEAU FERRE FR",8.43,CBF&CBL
BE6289678045,"EUR 1,272 WALLONE, REGION",8.01,CBF&CBL
DE000LB56E52,"EUR 2,25 LBK BADEN-WUERTT",7.50,CBF&CBL
XS3305169255,"EUR 2,75 SR-BOLIGKREDITT ",1.91,CBF&CBL
DE000A3MQTS5,"EUR 3,00 HAMBURG HANSESTA",1.50,CBF&CBL
ES0000101701,"EUR 3,25 COMUN.DE MADRID ",5.85,CBF&CBL
ES0000101727,"EUR 2,214 COMUN.DE MADRID",1.18,CBF&CBL
IT0003748891,"EUR 0,00 ITALY, REP.OF 04",3.36,CBF&CBL
FR0013280252,"EUR 1,579 PARIS, VILLE DE",6.43,CBF&CBL
BE6298862705,"EUR 1,135 WALLONE, REGION",0.75,CBF&CBL
XS1821502231,"EUR 1,5075 SR-BOLIGKREDIT",3.61,CBF&CBL
ES00000129K7,"EUR 0,00 SPAIN, KINGDOM O",5.52,CBF&CBL
DE000A1RQDU8,"EUR 0,125 HESSEN LAND (RE",1.77,CBF&CBL
FR0014007RB1,"EUR 0,45 CADES (REGS) 22-",2.33,CBF&CBL
BE0002969500,"EUR 3,375 WALLONE, REGION",2.30,CBF&CBL
DE000NLB41T7,"EUR 3,15 NORD/LB GZ 24-20",17.55,CBF&CBL
DE000HEL0ZP7,"EUR 3,00 LANDESBANK HESS-",10.28,CBF&CBL
BE6286998404,"EUR 0,05 BELGIUM, KINGDOM",10.54,CBF&CBL
FR0013197019,"EUR 0,975 COMP.FINA.FONCI",5.80,CBF&CBL
IT0005247983,"EUR 0,00 ITALY, REP.OF (B",8.43,CBF&CBL
DE000NLB8KP7,"EUR 1,23 NORD/LB GZ 19-20",7.50,CBF&CBL
IT0005377012,"EUR FL.R INTESA SANPAOLO ",0.58,CBF&CBL
DE000A2SBDE0,"EUR 1,00 JAB HOLDINGS B.V",5.00,CBF&CBL
XS2270147924,"EUR 0,933 BP CAPITAL MRKT",29.63,CBF&CBL
XS2397786745,"EUR 0,638 ROYAL BK.CANADA",5.07,CBF&CBL
DE000NLB47B2,"EUR 2,35 NORD/LB GZ 24-20",7.50,CBF&CBL
AT000B122098,"EUR FL.R VOLKSBANK WIEN 2",0.63,CBF&CBL
DE000LB6F6H0,"EUR 2,50 LBK BADEN-WUERTT",13.88,CBF&CBL
FR0129704120,"EUR 0,00 BANQUE DE FRANCE",0.06,CBF&CBL
XS1382791975,"EUR 1,50 DEUT.TKOM.INT.FI",5.00,CBF&CBL
XS1411401083,"EUR 1,25 SHELL INTL.FIN.B",5.00,CBF&CBL
XS1780621154,"EUR 1,705 RINGKJOBING LBK",7.50,CBF&CBL
DE000LB126Q4,"EUR FL.R LBK BADEN-WUERTT",7.50,CBF&CBL
XS2024715794,"EUR 0,50 DEUT.TELEKOM (RE",5.00,CBF&CBL
XS2102283814,"EUR 0,05 SANTANDER UK PL ",0.36,CBF&CBL
XS2177021602,"EUR 0,55 LINDE FIN.BV (RE",14.15,CBF&CBL
BE0002808898,"EUR 1,036 BRUSSELS, REG. ",11.66,CBF&CBL
IT0005550105,"EUR 0,00 ITALY, REP.OF (B",3.70,CBF&CBL
FR001400SF15,"EUR 2,75 CRH (REGS) 24-20",1.35,CBF&CBL
DE000NWB0AZ1,"EUR 3,00 NRW.BANK (REGS) ",3.54,CBF&CBL
DE000A1MA6F4,"EUR FL.R SAARLAND 14-2029",0.38,CBF&CBL
BE0002481563,"EUR 1,75 EANDIS 14-2026",5.00,CBF&CBL
XS1354340512,"EUR 1,82 ONTARIO,PROVINCE",5.50,CBF&CBL
DE000BLB5BT8,"EUR FL.R BAYERISCH.LANDES",7.50,CBF&CBL
DE000A2AAWF7,"EUR 1,125 LAND, BRANDENBU",2.01,CBF&CBL
FR0013375169,"EUR 1,911 AFD (REGS) 18-2",9.87,CBF&CBL
FR0013456621,"EUR 0,875 UNIBAIL-ROD WES",15.75,CBF&CBL
FR0013463668,"EUR 0,375 ESSILORLUXOTTIC",5.00,CBF&CBL
XS2113737097,"EUR 0,01 DEUT.APOTHEKER (",0.84,CBF&CBL
XS2185419178,"EUR FL.R CA CIB (REGS/517",7.50,CBF&CBL
FR0014003D38,"EUR 0,807 REG CENTRE-VAL ",8.11,CBF&CBL
BE0002860410,"EUR 2,132 BRUSSELS, REG. ",6.14,CBF&CBL
XS2625968693,"EUR 3,25 BMW FIN.NV (REGS",5.00,CBF&CBL
DE000DW6C5H8,"EUR 3,85 DZ BANK AG - FFT",7.64,CBF&CBL
XS2760218003,"EUR 3,25 DEKABANK (REGS) ",8.29,CBF&CBL
DE000A30VRT2,"EUR 3,00 LANDESBK BERLIN ",2.46,CBF&CBL
IT0005550394,"EUR 0,00 ITALY, REP.OF (B",7.58,CBF&CBL
DE000DJ9AUJ5,"EUR 2,85 DZ BANK AG - FFT",24.55,CBF&CBL
DE000HV2A0P1,"EUR 2,625 UNICREDIT BANK ",1.42,CBF&CBL
DE000BU22122,"EUR 2,10 BUNDES DEUTSCH 2",0.30,CBF&CBL
DE000LB4XFZ3,"EUR 3,00 LBK BADEN-WUERTT",8.80,CBF&CBL
FR001401AOR2,"EUR 3,00 UNEDIC (REGS) 26",0.91,CBF&CBL
DE000HEL00M4,"EUR 3,86 LANDESBANK HESS-",28.13,CBF&CBL
FR0013117124,"EUR 1,344 BPCE SFH (REGS)",4.34,CBF&CBL
DE000A2G9HH7,"EUR 0,885 DZ HYP AG 18-20",7.50,CBF&CBL
DE000LB13BP9,"EUR 2,11 LBK BADEN-WUERTT",20.17,CBF&CBL
XS2106579670,"EUR 0,125 LANDESBANK HESS",1.18,CBF&CBL
FR0013480522,"EUR 0,01 CRH (REGS) 20-20",0.48,CBF&CBL
DE0001789345,"EUR 0,40 SACHSEN, FREISTA",2.90,CBF&CBL
DE000A3E5UT4,"EUR 0,05 DZ HYP AG 21-203",1.45,CBF&CBL
FR0014008F15,"EUR 1,293 PARIS, VILLE DE",11.05,CBF&CBL
DE000AAR0330,"EUR 1,375 AAREAL BK AG. (",0.83,CBF&CBL
DE000BLB6JQ5,"EUR 2,125 BAYERISCH.LANDE",1.68,CBF&CBL
ES0422714172,"EUR 3,375 CAJAMAR (REGS) ",0.51,CBF&CBL
FRCASA010217,"EUR 4,00 CREDIT AGRICOLE ",20.35,CBF&CBL
DE000DW6DAN2,"EUR 4,15 DZ BANK AG - FFT",20.68,CBF&CBL
XS2861062425,"EUR 2,875 EBRD 24-2031",1.05,CBF&CBL
DE000DJ9AM70,"EUR 2,65 DZ BANK AG - FFT",23.43,CBF&CBL
DE000DJ9ANF8,"EUR FL.R DZ BANK AG - FFT",9.18,CBF&CBL
SK4000026845,"EUR 3,75 SLOVAK, REP. (RE",8.05,CBF&CBL
BE6266167640,"EUR 3,305 COMMUNAUT FRANC",10.13,CBF&CBL
XS1120892507,"EUR 2,932 TEL.EMISIONES S",9.08,CBF&CBL
SI0002103552,"EUR 3,125 SLOVENIA REP.OF",10.49,CBF&CBL
FR0013180387,"EUR 1,295 BPCE SFH (REGS)",3.38,CBF&CBL
DE000LB13HS0,"EUR FL.R LBK BADEN-WUERTT",7.50,CBF&CBL
DE000LB2CHC6,"EUR FL.R LBK BADEN-WUERTT",7.50,CBF&CBL
FR0013521267,"EUR 2,00 UNIBAIL-ROD WES ",15.96,CBF&CBL
DE000A3E45M6,"EUR 0,25 HANNOVERSCHE BE ",2.68,CBF&CBL
XS2297190097,"EUR 0,00 TYCO ELECTRO.GRO",6.39,CBF&CBL
DE000LB2BFJ7,"EUR 0,23 LBK BADEN-WUERTT",16.32,CBF&CBL
DE000A352BS5,"EUR 3,00 THUERINGEN, FREI",0.72,CBF&CBL
DE000DB9VSR6,"EUR 2,90 DEUTSCHE BANK AG",7.50,CBF&CBL
DE000LB5JDL4,"EUR 3,00 LBK BADEN-WUERTT",23.73,CBF&CBL
DE000LB5USF1,"EUR 2,90 LBK BADEN-WUERTT",22.23,CBF&CBL
FR001400XHW0,"EUR FL.R AYVENS (REGS) 25",5.00,CBF&CBL
DE000LB52KZ7,"EUR 2,05 LBK BADEN-WUERTT",7.50,CBF&CBL
DE000DJ9AYV2,"EUR 2,62 DZ BANK AG - FFT",13.09,CBF&CBL
DE000LB6R0N7,"EUR 3,35 LBK BADEN-WUERTT",29.29,CBF&CBL
DE0001142610,"EUR 0,00 BRD (STRIP CPN) ",0.31,CBF&CBL
DE000NRW0H40,"EUR 1,41 NORDRHEIN-WESTFA",1.86,CBF&CBL
XS1766477522,"EUR 0,875 COOP RABOBK UA ",0.48,CBF&CBL
DE000A1RQDM5,"EUR 0,10 HESSEN LAND (REG",3.59,CBF&CBL
DE000NRW0M84,"EUR 4,09 NORDRHEIN-WESTFA",1.40,CBF&CBL
FR001400J788,"EUR FL.R BNP PARIBAS (REG",7.50,CBF&CBL
DE000DP9BNK8,"EUR 3,05 DZ BANK AG - FFT",7.50,CBF&CBL
ES0000107401,"EUR 8,25 COMUNIDAD ARAGON",0.72,CBF&CBL
ES00000126S6,"EUR 0,00 SPAIN, KINGDOM O",5.26,CBF&CBL
XS1605365193,"EUR 1,375 CRED. AGRICOLE ",7.50,CBF&CBL
AT0000A26ZB5,"EUR 1,10 ERSTE GR.BK AG (",9.01,CBF&CBL
FR0013447075,"EUR 0,05 MMB SCF (REGS) 1",1.06,CBF&CBL
DE000DDA0WE6,"EUR 1,50 DZ BANK AG - FFT",7.50,CBF&CBL
XS2116701348,"EUR 0,75 CADENT FIN (REGS",15.67,CBF&CBL
FR0014003D20,"EUR 0,834 REG CENTRE-VAL ",9.05,CBF&CBL
FR001400FG01,"EUR FL.R CAISSE DES DEPOT",5.25,CBF&CBL
FR001400FIN4,"EUR 3,40 STIF (REGS) 23-2",5.15,CBF&CBL
IT0005581407,"EUR 3,819 CA ITALIA SPA (",4.09,CBF&CBL
XS2778272471,"EUR 4,00 BANK GOSPODARSTW",16.92,CBF&CBL
DE000LB5KB00,"EUR 2,25 LBK BADEN-WUERTT",7.50,CBF&CBL
DE000A4DFT33,"EUR FL.R IB SCHLESWIG-HOL",21.51,CBF&CBL
FR00140182I0,"EUR 3,25 CREDIT MUT ARK S",1.61,CBF&CBL
IT0005719288,"EUR 3,125 BCO DESIO BRIAN",2.16,CBF&CBL
XS3486883245,"USD 4,25 NEDERLAND.WATER.",1.07,CBF&CBL
XS0219724878,"EUR 4 EUROP.INVEST.BK 05-",2.00,CBF&CBL
XS1333835657,"EUR 1,704 BK IRELAND MORT",3.08,CBF&CBL
DE000HLB1C43,"EUR 0,61 LANDESBANK HESS-",3.38,CBF&CBL
DE000WBP0A04,"EUR 0,82 WUESTENROT BSPK ",0.45,CBF&CBL
DE000HLB4W12,"EUR 1,07 LANDESBANK HESS-",15.52,CBF&CBL
FR0013520418,"EUR 0,17 CREDIT AGRICOLE ",7.50,CBF&CBL
BE0002731124,"EUR FL.R BRUSSELS, REG. O",6.76,CBF&CBL
XS2325334550,"EUR 0,04 ING BANK N.V. (R",1.60,CBF&CBL
FR001400HMS1,"EUR 3,443 CAISSE FCSE DE ",2.44,CBF&CBL
DE000A351TP5,"EUR 3,125 DEUTSCHE BANK A",2.19,CBF&CBL
FR001400IEV0,"EUR 3,666 DEPT DE LA GIRO",4.56,CBF&CBL
XS2807531657,"USD 4,875 MUNICIPALITY FI",7.50,CBF&CBL
AT0000A3D3Q8,"EUR 3,20 AUSTRIA, REP.OF ",5.07,CBF&CBL
ES0L02703053,"EUR 0,00 SPAIN, KINGDOM O",0.20,CBF&CBL
DE000A3H2598,"EUR FL.R BADEN-WUERTTEMBE",0.68,CBF&CBL
XS0099196197,"GBP 5,375 INTL.FIN.CORP. ",0.94,CBF&CBL
XS0592707615,"EUR 4,74 NATIONWIDE BS (R",1.62,CBF&CBL
BE0002436112,"EUR 2,80 BELFIUS BANK SA/",2.79,CBF&CBL
FR0012969632,"EUR 1,707 DEPARTEMENT DU ",0.72,CBF&CBL
FR0013213220,"EUR 0,954 METROPOLE D AIX",0.72,CBF&CBL
XS1566101603,"EUR 1,00 UNILEVER FIN BV ",5.00,CBF&CBL
DE000A2DAJ32,"EUR FL.R KFW 17-2032",0.99,CBF&CBL
XS1908273219,"EUR 1,875 AVIVA PLC (REGS",5.00,CBF&CBL
XS2078735276,"EUR 0,50 SHELL INTL.FIN.B",12.96,CBF&CBL
XS2166209176,"EUR 0,00 NORDIC INVEST.BK",0.12,CBF&CBL
FR0013522026,"EUR 0,575 ALPES COTE D AZ",7.83,CBF&CBL
XS2327299884,"EUR 0,75 LSEG NETHERLAND ",16.03,CBF&CBL
FR001400JM33,"EUR 3,497 CREDIT AGRICOLE",0.36,CBF&CBL
DE000DW6DA77,"EUR 4,67 DZ BANK AG - FFT",28.96,CBF&CBL
DE000A3824G4,"EUR 2,875 BAUSPARK. SCHWA",0.80,CBF&CBL
SK4000024378,"EUR 0,00 CESKOSLOVENSKA O",7.50,CBF&CBL
XS2943817168,"EUR 2,591 POLAND, REP.OF ",0.96,CBF&CBL
DE0001053908,"EUR 2,375 BAYERN, FREISTA",1.82,CBF&CBL
DE000HEL0G10,"EUR 1,90 LANDESBANK HESS-",7.50,CBF&CBL
DE000HEL0QF7,"EUR 1,80 LANDESBANK HESS-",7.50,CBF&CBL
FR0000571200,"EUR 0,00 FRANCE (OAT PRIN",0.65,CBF&CBL
FR0010809657,"EUR 0,00 FRANCE (OAT STRI",6.74,CBF&CBL
XS1234797691,"EUR 1,635 RABOBANK (2949)",12.49,CBF&CBL
DE000A2LQ470,"EUR 1,00 KSPK. LUDWIGSBUR",0.75,CBF&CBL
XS1829261087,"EUR 2,00 BANK GOSPODARSTW",12.54,CBF&CBL
DE000NRW0LS5,"EUR 3,40 NORDRHEIN-WESTFA",1.97,CBF&CBL
DE000A2TR6L5,"EUR 0,05 LAND, BRANDENBUR",2.23,CBF&CBL
XS2264161964,"EUR 0,125 TELIA COMPANY A",12.52,CBF&CBL
AT0000A2ZUT1,"EUR 1,90 ERSTE GR.BK AG 2",7.50,CBF&CBL
DE000DB9VUB6,"EUR 2,90 DEUTSCHE BANK AG",7.50,CBF&CBL
EU000A3L1DJ0,"EUR 2,50 EUROPEAN UNION (",1.11,CBF&CBL
DE000NLB48J3,"EUR 2,75 NORD/LB GZ 25-20",24.04,CBF&CBL
DE000CZ45Z62,"EUR FL.R COMMERZBK AG (RE",0.96,CBF&CBL
XS3384668540,"EUR FL.R DANSKE BANK AS (",7.50,CBF&CBL
XS1809254144,"EUR 1,444 STADSHYP AB (PU",3.60,CBF&CBL
ES0413900533,"EUR 1,125 BANCO SANTANDER",0.73,CBF&CBL
XS2063423318,"EUR 0,25 IBRD-WORLD BANK ",4.86,CBF&CBL
DE000DDA0VS8,"EUR 1,18 DZ BANK AG - FFT",11.04,CBF&CBL
BE6323680569,"EUR 0,158 COMMUNAUT FRANC",2.78,CBF&CBL
XS2286044370,"EUR 0,00 ABB FINANCE B.V.",8.79,CBF&CBL
FR001400F7D7,"EUR 2,875 SOCIETE DE FINA",0.93,CBF&CBL
BE0002926070,"EUR 4,00 BRUSSELS, REG. O",8.37,CBF&CBL
DE000DJ9ADR4,"EUR 2,85 DZ BANK AG - FFT",7.50,CBF&CBL
DE000A30V612,"EUR 2,875 LAND, BRANDENBU",2.14,CBF&CBL
EU000A3L4C16,"EUR 2,25 EUROP.INVEST.BK ",0.74,CBF&CBL
BE6362168351,"USD 4,50 BELGIUM, KINGDOM",3.05,CBF&CBL
DE000SLB1GA7,"EUR 2,34 LANDESBK SAAR (R",1.23,CBF&CBL
DE000A4DFT66,"EUR 2,875 IB SCHLESWIG-HO",18.50,CBF&CBL
DE000LB66YK0,"EUR 3,10 LBK BADEN-WUERTT",20.65,CBF&CBL
ES00000126T4,"EUR 0,00 SPAIN, KINGDOM O",5.55,CBF&CBL
DE000BLB4RM2,"EUR FL.R BAYERISCH.LANDES",7.50,CBF&CBL
SI0002103685,"EUR 1,25 SLOVENIA REP.OF ",0.86,CBF&CBL
XS1859423417,"EUR FL.R IBRD-WORLD BANK ",1.64,CBF&CBL
DE000SHFM618,"EUR 0,625 SCHLESWIG-HOLST",0.66,CBF&CBL
XS2049416709,"EUR 0,53 NATIONALE NL BAN",10.33,CBF&CBL
BE6316294428,"EUR 1,14 COMMUNAUT FRANCA",13.31,CBF&CBL
XS2117454871,"EUR 0,875 TELENOR ASA (RE",22.62,CBF&CBL
BE6321489963,"EUR 1,25 WALLONE, REGION ",12.65,CBF&CBL
DE000A161RM9,"EUR 0,25 BAYERISCHE LANDB",3.24,CBF&CBL
FR00140070R8,"EUR 0,544 REGION BRETAGNE",6.40,CBF&CBL
XS2436153139,"EUR 0,125 AKTIA BANK PLC ",0.74,CBF&CBL
ES0000090904,"EUR 3,95 JUNTA DE ANDALUC",2.63,CBF&CBL
FR001400MUM7,"EUR 3,50 PARIS, VILLE DE ",9.78,CBF&CBL
XS2909760063,"EUR 2,50 OP MORTGAGE BK (",1.16,CBF&CBL
DE000A383P48,"EUR 2,50 KFW (REGS) 24-20",1.71,CBF&CBL
DE000BYL0FA3,"EUR 2,75 BAYERISCH.LANDES",16.28,CBF&CBL
DE000A460C15,"EUR 2,08 KFW 25-2028",0.81,CBF&CBL
IT0004976665,"EUR 0,00 ITALY, REP.OF (B",4.01,CBF&CBL
XS1324534897,"EUR 1,55 DNB BOLIGKREDIT ",1.80,CBF&CBL
XS1501087131,"EUR 0,00 EUROP.INVEST.BK ",4.97,CBF&CBL
IT0005246415,"EUR 1,625 CARIPARMA S.P.A",0.91,CBF&CBL
ES0000101628,"EUR 5,125 COMUN.DE MADRID",7.36,CBF&CBL
DE000A2YNZX6,"EUR 0,75 MERCEDES-BENZ (R",8.83,CBF&CBL
DE000SLB8395,"EUR 0,842 LANDESBK SAAR 2",20.45,CBF&CBL
XS2193978363,"EUR 0,25 KONINKLIJKE DSM ",5.00,CBF&CBL
FR001400A0K2,"EUR 2,017 PARIS, VILLE DE",10.89,CBF&CBL
XS3026747876,"EUR FL.R VOLVO TREAS.AB (",5.00,CBF&CBL
DE000HEL0XD8,"EUR 2,30 LANDESBANK HESS-",7.50,CBF&CBL
DE0001789410,"EUR 2,875 SACHSEN, FREIST",2.37,CBF&CBL
XS3112831543,"EUR 2,15 ASIAN DEV.BK (RE",0.59,CBF&CBL
DE000CZ457M5,"EUR FL.R COMMERZBK AG (RE",0.52,CBF&CBL
DE000LB619Q8,"EUR 3,00 LBK BADEN-WUERTT",17.63,CBF&CBL
XS3410202710,"USD 4,316 L-BANK 26-2029",1.28,CBF&CBL
IT0005717944,"EUR 3,125 MEDIOBANCA SPA ",1.84,CBF&CBL
FR0013050531,"EUR 1,95 DEPART DES BOUCH",5.91,CBF&CBL
FR0013218690,"EUR 1,714 MARSEILLE, VILL",5.99,CBF&CBL
ES0000012A22,"EUR 0,00 SPAIN, KINGDOM O",10.37,CBF&CBL
AT0000A255W6,"EUR 1,15 ERSTE GR.BK AG 1",11.24,CBF&CBL
DE0001102465,"EUR 0,25 BUNDES DEUTSCH (",0.55,CBF&CBL
DE000HLB4Y93,"EUR 0,60 LANDESBANK HESS-",7.50,CBF&CBL
XS2251174111,"EUR 0,00 AUSTRIA, REP.OF ",6.69,CBF&CBL
DE000A30V9M4,"EUR 2,875 KFW (REGS) 23-2",2.20,CBF&CBL
DE000LB5SYN7,"EUR 2,55 LBK BADEN-WUERTT",8.87,CBF&CBL
EU000A2SCAT6,"EUR 2,625 EFSF (REGS) 25-",2.49,CBF&CBL
IT0005648917,"EUR 2,625 ICCREA BANCA SP",1.46,CBF&CBL
BE0000366758,"EUR 3,40 BELGIUM, KINGDOM",5.36,CBF&CBL
ES0001351628,"EUR 3,33 CASTILLA Y LEON ",3.01,CBF&CBL
XS3440171075,"EUR 3,45 ONTARIO,PROVINCE",3.85,CBF&CBL
DE000BYL0K72,"EUR 2,80 BAYERISCH.LANDES",7.50,CBF&CBL
XS3518456606,"EUR 0,00 AUSTRIA, REP.OF ",0.54,CBF&CBL
DE000NLB8FY9,"EUR FL.R NORD/LB GZ 15-20",10.97,CBF&CBL
AT0000A26952,"EUR 1,85 ERSTE GR.BK AG (",22.47,CBF&CBL
XS2065698834,"EUR 0,01 NIBC BANK NV. (R",1.08,CBF&CBL
XS2421360558,"EUR 0,01 SANTANDER CONSUM",0.40,CBF&CBL
FR00140084Y5,"EUR 0,125 BPIFRANCE (REGS",1.54,CBF&CBL
BE6339542100,"EUR FL.R BELFIUS BANK SA/",7.50,CBF&CBL
DE000A14JZ12,"EUR FL.R BADEN-WUERTTEMBE",0.65,CBF&CBL
XS2773068676,"EUR 3,125 BAWAG (AT) (REG",1.49,CBF&CBL
DE000LB5KP79,"USD 4,00 LBK BADEN-WUERTT",14.21,CBF&CBL
DE000HEL0VH3,"EUR 2,00 LANDESBANK HESS-",7.50,CBF&CBL
DE000LB63W28,"EUR 3,35 LBK BADEN-WUERTT",24.54,CBF&CBL
IT0005733099,"EUR 4,40 ITALY, REP.OF (B",4.18,CBF&CBL
XS0280146357,"EUR FL.R ITALY, REP.OF 07",19.51,CBF&CBL
DE000NRW0GR7,"EUR FL.R NORDRHEIN-WESTFA",0.92,CBF&CBL
ES0224261059,"EUR 1,75 CORP.RES.EST.PRO",0.89,CBF&CBL
FR0013409844,"EUR 0,875 SANOFI (REGS) 1",5.95,CBF&CBL
XS2387735470,"EUR 0,875 DSV FINANCE B.V",22.76,CBF&CBL
FR001400CRX1,"USD 4,00 AFD (REGS) 22-20",0.71,CBF&CBL
IT0005550477,"EUR 0,00 ITALY, REP.OF (B",8.46,CBF&CBL
DE000LB5JR96,"EUR 3,00 LBK BADEN-WUERTT",24.03,CBF&CBL
XS2948448563,"EUR 2,875 OP CORPOR BK PL",10.29,CBF&CBL
FR0010726208,"EUR 4,20 COMP.FINA.FONCIE",2.51,CBF&CBL
DE0001108595,"EUR 0,00 BUNDES DEUTSCH (",3.57,CBF&CBL
AT0000A10M13,"EUR FL.R NIEDEROESTERREIC",0.55,CBF&CBL
BE6279130296,"EUR FL.R BELGIUM, KINGDOM",10.40,CBF&CBL
BE0008540040,"EUR 0,00 BELGIUM, KINGDOM",15.80,CBF&CBL
DE000SLB8171,"EUR 0,98 LANDESBK SAAR 19",9.23,CBF&CBL
FR0013537263,"EUR 0,448 REGION PAYS LOI",8.58,CBF&CBL
DE000A31RJ11,"USD 5,25 DT. PFANDBRIEFBA",0.36,CBF&CBL
DE000NLB4233,"EUR 3,50 NORD/LB GZ 24-20",22.26,CBF&CBL
BE6350897169,"USD 4,875 BELGIUM, KINGDO",5.66,CBF&CBL
XS3282977019,"USD 4,00 CADES (REGS/42) ",1.90,CBF&CBL
IT0005247900,"EUR 0,00 ITALY, REP.OF (B",7.53,CBF&CBL
FR0013411600,"EUR 0,625 CREDIT AGRICOLE",0.88,CBF&CBL
DE000HLB4YX9,"EUR 1,00 LANDESBANK HESS-",11.54,CBF&CBL
DE000DDA0ZT7,"EUR 0,635 DZ BANK AG - FF",12.57,CBF&CBL
DE000A289LF5,"EUR 0,125 LAND BERLIN 20-",6.36,CBF&CBL
AT0000A2SWR6,"EUR 0,815 NIEDEROESTERREI",9.62,CBF&CBL
XS2630906324,"EUR 3,508 BRITISH COLUMBI",6.63,CBF&CBL
FR001400IUM5,"EUR 3,375 CRH (REGS) 23-2",1.71,CBF&CBL
IT0005729733,"EUR 3,00 ITALY, REP.OF (B",1.23,CBF&CBL
BE0933387533,"EUR 4,0245 BELGIUM, KINGD",5.63,CBF&CBL
ES00000122V9,"EUR 0,00 SPAIN, KINGDOM O",4.92,CBF&CBL
DE000NRW23H3,"EUR 2,40 NORDRHEIN-WESTFA",1.21,CBF&CBL
XS1069350418,"USD 4,20 RESEAU FERRE FR ",7.98,CBF&CBL
FR0013232386,"EUR 1,344 CREDIT MUTU ARK",3.27,CBF&CBL
ES0001351503,"EUR 1,87 CASTILLA Y LEON ",0.81,CBF&CBL
XS1693285956,"EUR 1,54 DNB BOLIGKREDIT ",3.43,CBF&CBL
BE0002637180,"EUR 1,84 COMMUNAUT FRANCA",10.48,CBF&CBL
DE000A2GSRW1,"EUR 1,00 WIRTSCHAFTS-INFR",3.76,CBF&CBL
DE0001053528,"EUR 0,15 BAYERN, FREISTAA",1.20,CBF&CBL
DE000NLB3TV7,"EUR 0,125 NORD/LB GZ 21-2",7.50,CBF&CBL
NL0015001AM2,"EUR 2,50 DUTCH STATE 23-2",2.22,CBF&CBL
DE000DJ9AE88,"EUR 3,02 DZ BANK AG - FFT",11.37,CBF&CBL
XS3074379457,"EUR 2,75 PACCAR FIN.EURO ",5.00,CBF&CBL
SK4000027355,"EUR 3,00 VSEOB. UVEROVA B",2.28,CBF&CBL
DE000LB6JCA7,"EUR 3,20 LBK BADEN-WUERTT",24.00,CBF&CBL
DE000A46Z8K8,"EUR XXX BAUSPARK. SCHWA 2",2.89,CBF&CBL
DE0001143352,"EUR 0,00 BRD (STRIP CPN) ",1.43,CBF&CBL
NL0010721999,"EUR 2,75 DUTCH STATE (REG",5.00,CBF&CBL
XS1527192485,"EUR 1,375 HEINEKEN NV (RE",5.00,CBF&CBL
ES0001353426,"EUR 0,00 COMUNIDAD NAVARR",1.30,CBF&CBL
XS2052968596,"EUR 1,35 WPC EURO. 19-202",5.00,CBF&CBL
FR0013482890,"EUR 0,25 LA BANQUE POSTAL",2.65,CBF&CBL
DE000NWB2MC1,"EUR 0,00 NRW.BANK (REGS/8",1.30,CBF&CBL
DE000BHY0GD1,"EUR 0,01 LBK BADEN-WUERTT",0.63,CBF&CBL
FR0014001G37,"EUR 0,25 BPCE (REGS) 21-2",14.80,CBF&CBL
EU000A3KP2Z3,"EUR 0,25 EUROPEAN UNION (",2.12,CBF&CBL
BE0002874551,"EUR FL.R BRUSSELS, REG. O",5.61,CBF&CBL
FR001400HIK6,"EUR 3,375 SOC. NAT. SNCF ",4.08,CBF&CBL
IT0005586968,"EUR 3,25 BPER BANCA S.P. ",1.52,CBF&CBL
DE000DJ9AJ34,"EUR 2,80 DZ BANK AG - FFT",12.28,CBF&CBL
XS2889897885,"EUR 2,50 MUNICIPALITY FIN",9.59,CBF&CBL
XS3076265944,"GBP 4,125 NEDERLAND.WATER",0.48,CBF&CBL
XS0422688019,"GBP 6,875 VATTENFALL TRSY",23.76,CBF&CBL
DE000NRW0FW9,"EUR 1,75 NORDRHEIN-WESTFA",1.46,CBF&CBL
XS1672151492,"EUR 1,75 HOLCIM FIN.(LU)S",8.80,CBF&CBL
DE000A1KRJS2,"EUR 1,25 ING DIBA AG (REG",2.17,CBF&CBL
DE000HLB4X52,"EUR FL.R LANDESBANK HESS-",10.06,CBF&CBL
DE000NLB2930,"EUR 0,20 NORD/LB GZ 20-20",7.50,CBF&CBL
FR0013534559,"EUR 0,00 CADES (REGS) 20-",1.99,CBF&CBL
XS2234573710,"EUR 0,01 BAWAG (AT) (REGS",1.42,CBF&CBL
DE000BLB6JP7,"EUR 2,50 BAYERISCH.LANDES",1.74,CBF&CBL
XS2627121259,"EUR 4,125 FERROVIE DEL ST",7.91,CBF&CBL
DE000A3823Q5,"EUR 2,55 MECKLENBURG-VORP",1.55,CBF&CBL
XS2902087423,"EUR 3,875 BANK GOSPODARST",23.60,CBF&CBL
DE000NLB54D4,"EUR 2,625 NORD/LB GZ 26-2",1.63,CBF&CBL
FR00140151K1,"EUR 4,00 PARIS, VILLE DE ",4.26,CBF&CBL
BE0002447226,"EUR 3,175 BELFIUS BANK SA",2.02,CBF&CBL
XS1749373038,"EUR 1,455 DNB BOLIGKREDIT",3.51,CBF&CBL
FR0013332020,"EUR 1,45 PARIS, VILLE DE ",5.39,CBF&CBL
FR0013403862,"EUR 0,625 BPCE SFH (REGS)",0.36,CBF&CBL
ES0001353467,"EUR 1,45 COMUNIDAD NAVARR",5.29,CBF&CBL
FR0014003BW0,"EUR FL.R CREDIT MUTUEL H ",1.64,CBF&CBL
IT0005566911,"EUR FL.R INTESA SANPAOLO ",0.37,CBF&CBL
DE000A4DFD98,"EUR FL.R NIEDERSACHSEN LA",0.41,CBF&CBL
XS3240803844,"GBP 3,875 L-BANK (REGS/57",0.66,CBF&CBL
XS0273475094,"USD FL.R LA CAIXA 06-2037",1.56,CBF&CBL
FR0013230703,"EUR 0,75 CAISSE FCSE DE (",0.36,CBF&CBL
XS1551045039,"EUR 0,625 NEDERLAND.WATER",0.39,CBF&CBL
FR0013247699,"EUR 1,629 HSBC CONTINENTA",17.80,CBF&CBL
DE000MHB2705,"EUR 1,329 MUENCHENER HYPO",3.35,CBF&CBL
XS1881832809,"EUR 1,40 ASIAN DEV.BK (RE",4.00,CBF&CBL
XS1933815455,"EUR 1,375 ABN AMRO BK NV ",2.23,CBF&CBL
DE0001102499,"EUR 0,00 BUNDES DEUTSCH 2",0.74,CBF&CBL
AT0000A3X1U0,"EUR FL.R ERSTE GR.BK AG 2",0.61,CBF&CBL
IT0001278511,"EUR 5,25 ITALY (BTP-ABI 1",1.62,CBF&CBL
DE0001143337,"EUR 0,00 BRD (STRIP CPN) ",0.94,CBF&CBL
DE0001135366,"EUR 4,75 BUNDES DEUTSCH (",2.20,CBF&CBL
DE000RLP0926,"EUR 1,20 RHEINLAND-PFALZ ",3.25,CBF&CBL
XS1792063312,"EUR 1,595 DNB BOLIGKREDIT",3.56,CBF&CBL
FR0013354347,"EUR 1,815 CAISSE DES DEPO",10.26,CBF&CBL
XS2105779719,"EUR 0,05 OP MORTGAGE BK (",0.55,CBF&CBL
XS2125426796,"EUR 0,375 DSV A/S (REGS/1",5.00,CBF&CBL
XS2158878715,"EUR FL.R OP MORTGAGE BK 2",0.39,CBF&CBL
XS2478523108,"EUR 1,75 SPAREBNK 1 BOLIK",1.73,CBF&CBL
BE6346849423,"EUR FL.R BRUSSELS, REG. O",0.98,CBF&CBL
XS2753549703,"EUR 2,625 NORDIC INVEST.B",0.94,CBF&CBL
DE000LB5KB26,"EUR 2,45 LBK BADEN-WUERTT",11.57,CBF&CBL
DE000LB57RE6,"USD 3,80 LBK BADEN-WUERTT",15.52,CBF&CBL
BE0390247162,"EUR 3,25 BELFIUS BANK SA/",18.37,CBF&CBL
DE000LB4XCL0,"EUR 2,515 LBK BADEN-WUERT",7.53,CBF&CBL
DE000DP9BFV1,"EUR FL.R DZ BANK AG - FFT",19.66,CBF&CBL
EU000A2SCAY6,"EUR 2,50 EFSF (REGS) 26-2",3.02,CBF&CBL
XS3379782157,"EUR 3,625 BMW FIN.NV (REG",13.25,CBF&CBL
XS3478197190,"EUR FL.R BMW FIN.NV (REGS",5.00,CBF&CBL
FR0011445527,"EUR 3,084 COMP.FINA.FONCI",2.14,CBF&CBL
DE000NRW0KG2,"EUR 1,375 NORDRHEIN-WESTF",4.38,CBF&CBL
FR0013320199,"EUR 1,362 SEMAPA (REGS) 1",0.87,CBF&CBL
FR0013393899,"EUR 1,00 CREDIT AGR HOME ",0.81,CBF&CBL
XS2292260960,"EUR FL.R EUROP.INVEST.BK ",0.33,CBF&CBL
DE000NLB3YM6,"EUR 3,10 NORD/LB GZ 22-20",17.92,CBF&CBL
FR0014006276,"EUR 0,01 COMP.FINA.FONCIE",0.38,CBF&CBL
XS2446841657,"EUR 0,375 EUROP.INVEST.BK",0.23,CBF&CBL
BE6349638187,"EUR 3,125 ARGENTA SPAARBA",2.14,CBF&CBL
DE000A383X89,"EUR 2,25 HAMBURGER SPARK.",8.18,CBF&CBL
FR0011570258,"EUR FL.R COMP.FINA.FONCIE",0.80,CBF&CBL
AT0000A20BV7,"EUR 1,325 BNK FUER TIROL.",0.58,CBF&CBL
DE000A2DAF69,"EUR 0,50 WIRTSCHAFTS-INFR",7.95,CBF&CBL
XS2002516446,"EUR 0,125 NEDERLAND.WATER",0.39,CBF&CBL
DE000DDA0VN9,"EUR 0,24 DZ BANK AG - FFT",7.50,CBF&CBL
BE6323083418,"EUR 0,865 WALLONE, REGION",10.00,CBF&CBL
DE000A3MP4U9,"EUR 0,25 VONOVIA SE (REGS",5.98,CBF&CBL
AT0000A325V9,"EUR 2,60 ERSTE GR.BK AG (",7.50,CBF&CBL
FR001400FZ32,"EUR 3,125 CREDIT MUTUEL H",1.89,CBF&CBL
DE000DJ9ADX2,"EUR 3,05 DZ BANK AG - FFT",16.79,CBF&CBL
XS3192981424,"EUR 2,50 NED.FIN.MAATSCH.",1.51,CBF&CBL
DE000LB4XC54,"EUR 3,13 LBK BADEN-WUERTT",5.67,CBF&CBL
DE000BU4Z193,"EUR 0,00 BUNDES DEUTSCH 2",4.23,CBF&CBL
XS3495741798,"EUR 3,75 TENNET NETHERLA ",23.27,CBF&CBL
XS1128224703,"EUR 2,125 AIRBUS FINANCE ",8.02,CBF&CBL
FR0013205069,"EUR 1,00 GECINA SA 16-202",6.23,CBF&CBL
DE000NLB8713,"EUR FL.R NORD/LB GZ (REGS",7.50,CBF&CBL
IT0003748800,"EUR 0,00 ITALY, REP.OF (S",1.53,CBF&CBL
DE000A161RE6,"EUR 0,75 BAYERISCHE LANDB",0.66,CBF&CBL
FR0014000477,"EUR 0,181 CLLCTV EU ALSAC",4.05,CBF&CBL
FR00140049A8,"EUR 0,875 GECINA (REGS) 2",22.47,CBF&CBL
DE000HV2AZ60,"EUR 3,004 UNICREDIT BANK ",2.44,CBF&CBL
DE000LB6BQZ1,"EUR 2,30 LBK BADEN-WUERTT",12.15,CBF&CBL
DE000LB6K2F6,"EUR 0,01 LBK BADEN-WUERTT",27.44,CBF&CBL
DE000BYL0HK8,"EUR 2,875 BAYERISCH.LANDE",12.87,CBF&CBL
IT0005217390,"EUR 2,80 ITALY, REP.OF (R",6.17,CBF&CBL
XS1627326504,"EUR 1,524 ASN BANK N.V. (",3.34,CBF&CBL
BE6306766203,"EUR 1,95 COMMUNAUT FRANCA",10.46,CBF&CBL
DE000LB12411,"EUR FL.R LBK BADEN-WUERTT",7.50,CBF&CBL
DE000A2G9HG9,"EUR 1,375 DZ HYP AG (REGS",0.87,CBF&CBL
XS2439701488,"EUR 1,00 IBERDROLA FINANZ",26.47,CBF&CBL
DE000NLB4RQ9,"EUR 4,18 NORD/LB GZ 23-20",14.10,CBF&CBL
BE0002877588,"EUR 2,875 WALLONE, REGION",5.16,CBF&CBL
DE000DW6C4R0,"EUR FL.R DZ BANK AG - FFT",8.25,CBF&CBL
DE000NLB4Y34,"EUR 2,875 NORD/LB GZ (REG",1.46,CBF&CBL
DE000DJ9AG11,"EUR 3,38 DZ BANK AG - FFT",8.45,CBF&CBL
DE000A383UZ5,"EUR 3,00 SAARLAND 25-2035",2.29,CBF&CBL
DE000A46ZYU3,"EUR 2,75 HAMBURGER SPARK.",17.73,CBF&CBL
IT0005716839,"EUR 3,00 ITALY, REP.OF (B",1.62,CBF&CBL
BE0390366384,"EUR 4,00 VLAAMS GEMEENSCH",4.62,CBF&CBL
XS3441656611,"USD 5,125 ITALY, REP.OF (",5.47,CBF&CBL
FR0010483230,"EUR 0,00 FRANCE (OAT STRI",1.23,CBF&CBL
FR0011451574,"EUR FL.R COMP.FINA.FONCIE",0.41,CBF&CBL
DE000A2BPJ52,"EUR 1,30 DEUT.GENOSS-HYPO",3.30,CBF&CBL
XS2353010593,"EUR 0,01 AB SVERIGES SAKE",1.23,CBF&CBL
AT0000A2VCS0,"EUR 0,25 BSPK WUESTENROT ",1.32,CBF&CBL
FR001400BCS5,"EUR 2,23 REG. ILE DE FRAN",2.44,CBF&CBL
ES0413211A75,"EUR 3,125 BBVA SA (REGS) ",0.36,CBF&CBL
XS2745344601,"EUR 3,625 VOLKSWAGEN LEAS",5.00,CBF&CBL
DE000LB57N76,"EUR 2,30 LBK BADEN-WUERTT",9.98,CBF&CBL
XS3241239030,"EUR 3,825 AUSTRIA, REP.OF",3.73,CBF&CBL
DE000DK0T0K5,"EUR FL.R DEKABANK 19-2026",7.50,CBF&CBL
DE000A2TR117,"EUR 0,10 IB SCHLESWIG-HOL",7.50,CBF&CBL
DE000NRW0QG9,"EUR 2,55 NORDRHEIN-WESTFA",1.70,CBF&CBL
DE000MHB43J4,"EUR 2,875 MUENCHENER HYPO",0.96,CBF&CBL
XS0813930368,"EUR 3,105 SOC.GEN.PARIS. ",7.50,CBF&CBL
XS0926478628,"EUR 3,50 TEOLLISUUDEN VOI",10.47,CBF&CBL
IT0005216616,"EUR 1,00 CA ITALIA SPA (R",1.65,CBF&CBL
FR0013234200,"EUR 0,80 BNP PARIBAS HOME",0.36,CBF&CBL
FR0013237211,"EUR 1,623 LA BANQUE POSTA",4.49,CBF&CBL
XS1912495691,"EUR 0,625 IBRD-WORLD BANK",0.28,CBF&CBL
XS2063288190,"EUR 0,01 SR-BOLIGKREDITT ",0.36,CBF&CBL
XS2100569552,"EUR 0,375 RAIF.LBK NIEDER",2.62,CBF&CBL
BE6320934266,"EUR 2,125 ANHEU.-BUSCH IN",5.00,CBF&CBL
XS2211183756,"EUR 2,031 PROSUS N.V. (RE",16.17,CBF&CBL
FR0014002WK3,"EUR 0,00 FRANCE (REGS OAT",1.25,CBF&CBL
DE000A351NV6,"EUR 2,875 INV.UND STR.BK ",7.50,CBF&CBL
BE0390120831,"EUR FL.R WALLONE, REGION ",3.20,CBF&CBL
IT0005425837,"EUR 0,00 ITALY, REP.OF (B",2.48,CBF&CBL
DE000NWB0AV0,"EUR 2,75 NRW.BANK (REGS) ",2.18,CBF&CBL
AT0000A3GW73,"EUR 2,35 ERSTE GR.BK AG 2",11.26,CBF&CBL
SK4000027389,"EUR 2,75 TATRA BANKA A.S.",1.40,CBF&CBL
DE000BYL0FE5,"EUR 2,11 BAYERISCH.LANDES",7.61,CBF&CBL
DE000A352AR9,"EUR 2,25 LAND SACHSEN ANH",0.64,CBF&CBL
DE000LB66YM6,"EUR 3,25 LBK BADEN-WUERTT",24.87,CBF&CBL
FR0010172643,"EUR 0,00 FRANCE (OAT STRI",6.95,CBF&CBL
ES0000012940,"EUR 0,00 SPAIN, KINGDOM O",1.65,CBF&CBL
BE6287870396,"EUR 1,246 WALLONE, REGION",3.29,CBF&CBL
XS1632897929,"EUR 1,375 TENNET NETHERLA",6.25,CBF&CBL
DE000LB1DYS7,"EUR FL.R LBK BADEN-WUERTT",7.50,CBF&CBL
ES0001351529,"EUR 1,99 CASTILLA Y LEON ",4.68,CBF&CBL
DE000MHB62N6,"EUR 0,20 MUENCHENER HYPOB",9.87,CBF&CBL
XS2574388646,"EUR 2,875 EUROP.INVEST.BK",1.28,CBF&CBL
XS2579321337,"EUR 2,75 NEDERLAND.WATER.",1.22,CBF&CBL
DE000LB386A8,"EUR 3,25 LBK BADEN-WUERTT",0.36,CBF&CBL
DE000A3MQT30,"EUR 3,125 SAECHS.AUFBAUBK",7.50,CBF&CBL
XS2758065010,"EUR FL.R NORDEA MORTGAGE ",0.39,CBF&CBL
XS2808185420,"EUR XXX ING BANK N.V. 24-",2.43,CBF&CBL
FR0129287340,"EUR 0,00 FRANCE (BTF) 301",0.06,CBF&CBL
DE000LB62RS6,"EUR 2,50 LBK BADEN-WUERTT",7.50,CBF&CBL
DE000BYL0K98,"EUR 2,95 BAYERISCH.LANDES",10.22,CBF&CBL
AT0000A3X0H9,"EUR 3,89 ERSTE GR.BK AG 2",34.66,CBF&CBL
FR0012270080,"EUR 2,083 DEPART ESSONNE ",1.83,CBF&CBL
DE000A2E4GS9,"EUR 0,625 NIEDERSACHSEN L",0.34,CBF&CBL
XS1907155235,"EUR 1,50 NEDERLAND.WATER.",3.85,CBF&CBL
EU000A280C46,"EUR 0,00 EURO.ATM.NRG.CMN",0.96,CBF&CBL
FR00140007D0,"EUR 0,45 PARIS, VILLE DE ",11.17,CBF&CBL
DE000A3E5V47,"EUR 0,15 BREMEN HANSTADT ",1.56,CBF&CBL
FR0014008Y04,"EUR 1,109 OCCITANIE, REG ",5.38,CBF&CBL
DE000CZ43ZE7,"EUR FL.R COMMERZBK AG 22-",0.39,CBF&CBL
DE000DJ9ACC8,"EUR 3,15 DZ BANK AG - FFT",7.50,CBF&CBL
SI0002104576,"EUR 3,00 SLOVENIA REP.OF ",5.40,CBF&CBL
DE000DJ9AEH3,"EUR 3,20 DZ BANK AG - FFT",21.81,CBF&CBL
DK0009547648,"EUR FL.R NYKREDIT REALKRE",0.39,CBF&CBL
DE000DJ9AUK3,"EUR 2,15 DZ BANK AG - FFT",7.50,CBF&CBL
DE000HEL0PL7,"EUR 1,75 LANDESBANK HESS-",7.50,CBF&CBL
DE000A460C80,"EUR 2,375 KFW (REGS) 26-2",1.06,CBF&CBL
FR0014015OM8,"EUR FL.R CAISSE DES DEPOT",3.49,CBF&CBL
FR0014015XO5,"EUR 4,20 ILE-DE-FR. MOBI ",5.39,CBF&CBL
DE000LB67YV5,"EUR 3,45 LBK BADEN-WUERTT",29.92,CBF&CBL
FR0011991488,"EUR 2,75 RTE EDF TRANSPOR",7.12,CBF&CBL
IE00BFZRQ242,"EUR 1,35 IRELAND, REP OF ",2.64,CBF&CBL
ES0001351511,"EUR 2,30 CASTILLA Y LEON ",6.89,CBF&CBL
ES0000012F76,"EUR 0,50 SPAIN, KINGDOM O",1.65,CBF&CBL
DE000A255CW0,"EUR 0,05 NIEDERSACHSEN LA",2.59,CBF&CBL
XS2626775758,"USD 3,75 KOMMUNEKREDIT (R",7.50,CBF&CBL
DE000A30V364,"EUR 3,25 BREMEN HANSTADT ",1.31,CBF&CBL
DE000BLB9XK3,"EUR 3,00 BAYERISCH.LANDES",7.50,CBF&CBL
DE000A4DE9H8,"EUR 2,875 LAND BERLIN 25-",2.91,CBF&CBL
BE0390278472,"EUR 4,70 BRUSSELS, REG. O",9.59,CBF&CBL
FR0014015XW8,"USD 3,875 CAISSE DES DEPO",1.62,CBF&CBL
DE000LB62S17,"EUR 3,35 LBK BADEN-WUERTT",26.36,CBF&CBL
DE000DP9BK60,"EUR 2,40 DZ BANK AG - FFT",7.50,CBF&CBL
BE0002430057,"EUR 3,75 EANDIS 13-2033",16.95,CBF&CBL
XS0975634204,"EUR 3,00 EUROP.INVEST.BK ",1.39,CBF&CBL
DE000NLB2583,"EUR 1,75 NORD/LB GZ 18-20",12.37,CBF&CBL
XS1885607256,"EUR 1,57 DNB BOLIGKREDIT ",3.68,CBF&CBL
XS1910864492,"EUR 1,85 DEUTSCHE BAHN AG",28.61,CBF&CBL
DK0030506886,"EUR 1,375 NYKREDIT REALKR",7.50,CBF&CBL
DE000A3H3GK4,"EUR 2,75 SAARLAND 23-2030",1.10,CBF&CBL
DE000HLB5717,"EUR 3,23 LANDESBANK HESS-",11.00,CBF&CBL
DE000NLB4357,"EUR 3,15 NORD/LB GZ 24-20",12.62,CBF&CBL
EU000A4EA8Y7,"EUR 3,75 EUROPEAN UNION (",3.21,CBF&CBL
SK4000030193,"EUR 3,25 TATRA BANKA A.S.",1.12,CBF&CBL
FR0010482562,"EUR 0,00 FRANCE (OAT STRI",1.24,CBF&CBL
DE000NRW0EH3,"EUR 3,00 NORDRHEIN-WESTFA",4.01,CBF&CBL
DE000A13SL83,"EUR 0,75 IB SCHLESWIG-HOL",7.50,CBF&CBL
DE000BLB57S0,"EUR 0,80 BAYERISCH.LANDES",7.50,CBF&CBL
DE000HLB4W04,"EUR 1,09 LANDESBANK HESS-",15.42,CBF&CBL
BE0002670512,"EUR 0,845 BRUSSELS, REG. ",14.20,CBF&CBL
XS2101325111,"EUR 0,01 BK.NOVA SCOTIA  ",0.40,CBF&CBL
NL0015031501,"EUR 0,00 DUTCH STATE 20-2",0.39,CBF&CBL
DE000NLB3W37,"EUR 1,00 NORD/LB GZ 22-20",14.56,CBF&CBL
XS2466172363,"EUR 1,625 DAIMLER TRUCK I",5.00,CBF&CBL
IT0005543803,"EUR 1,50 ITALY, REP.OF (B",2.20,CBF&CBL
XS2624016932,"USD 3,50 BNG BANK N.V. (R",0.61,CBF&CBL
FR001400NBC6,"EUR 2,50 FRANCE (OAT) 24-",0.21,CBF&CBL
DE000LFA2287,"EUR 2,625 LFA FRDRBK.BAYE",1.88,CBF&CBL
FR001400NJ99,"EUR 3,125 SOC.GEN.SCF (RE",2.62,CBF&CBL
XS2775026409,"USD 4,50 BNG BANK N.V. (R",0.38,CBF&CBL
BE6359408885,"EUR 3,05 BNP PARIBAS FORT",2.39,CBF&CBL
DE000LFA2493,"EUR 2,625 LFA FRDRBK.BAYE",1.76,CBF&CBL
BE6259268520,"EUR 3,875 ENI FINANCE INT",27.50,CBF&CBL
ES0413900848,"EUR 2,375 BANCO SANTANDER",0.36,CBF&CBL
NL00150015W7,"EUR 3,375 COOPERATIEVE RA",1.53,CBF&CBL
FR001400IAO3,"EUR 3,25 CREDIT AGR HOME ",1.96,CBF&CBL
DE000A3513U4,"EUR FL.R LAND BERLIN 25-2",0.71,CBF&CBL
DE000LB5USE4,"EUR 2,85 LBK BADEN-WUERTT",19.91,CBF&CBL
DE000WBP0BM5,"EUR 3,375 WUESTENROT BSPK",12.23,CBF&CBL
DE000DJ9AZM8,"EUR 1,70 DZ BANK AG - FFT",7.50,CBF&CBL
DE000HV2A060,"EUR 2,30 UNICREDIT BANK 2",0.84,CBF&CBL
DE000NWB2V44,"EUR FL.R NRW.BANK (REGS/1",0.62,CBF&CBL
DE000LB601G7,"EUR 3,40 LBK BADEN-WUERTT",33.63,CBF&CBL
DE000LB66YF0,"EUR 2,75 LBK BADEN-WUERTT",9.92,CBF&CBL
FR001401AN14,"EUR 4,00 AGENCE FRANCE L ",4.89,CBF&CBL
XS1325221031,"EUR 1,875 ABN AMRO BK NV ",7.50,CBF&CBL
ES0413679384,"EUR FL.R BANKINTER 17-202",0.35,CBF&CBL
IT0005248080,"EUR 0,00 ITALY, REP.OF (B",9.89,CBF&CBL
DE000DDA0MV1,"EUR FL.R DZ BANK AG - FFT",7.50,CBF&CBL
DE000NLB3RZ2,"EUR 0,50 NORD/LB GZ 21-20",15.25,CBF&CBL
XS2418811563,"EUR 0,70 ONTARIO,PROVINCE",6.15,CBF&CBL
XS2577382059,"EUR 2,875 EXPORT DEV.CANA",0.34,CBF&CBL
DE000A351UM0,"EUR FL.R LAND, BRANDENBUR",0.91,CBF&CBL
XS3055841699,"EUR 2,15 EXPORT DEV.CANAD",0.67,CBF&CBL
DE000A4DFTD7,"EUR 3,21 KFW 25-2037",3.08,CBF&CBL
DE000LB6K5S2,"EUR 2,15 LBK BADEN-WUERTT",7.50,CBF&CBL
DE000AAR0488,"EUR 3,00 AAREAL BK AG. (R",1.88,CBF&CBL
FR0011580588,"EUR 3,00 CAISSE FCSE DE (",0.70,CBF&CBL
DE000NRW0F18,"EUR 1,64 NORDRHEIN-WESTFA",1.49,CBF&CBL
FR0013269990,"EUR 1,75 ALPES COTE D AZU",6.32,CBF&CBL
IE00BDHDPR44,"EUR 0,90 IRELAND, REP OF ",0.98,CBF&CBL
FR0013422227,"EUR 1,625 GECINA SA (REGS",17.92,CBF&CBL
DE000DDA0T35,"EUR FL.R DZ BANK AG - FFT",10.15,CBF&CBL
DE000LFA1917,"EUR 0,01 LFA FRDRBK.BAYER",1.63,CBF&CBL
ES0000090862,"EUR 1,55 JUNTA DE ANDALUC",11.55,CBF&CBL
FR0014009YD9,"EUR 0,00 BPCE (REGS) 22-2",7.50,CBF&CBL
XS2574267345,"USD 6,75 HUNGARY, REP.OF ",13.95,CBF&CBL
FR001400FD12,"EUR 3,00 LA BQE POST HOM ",1.47,CBF&CBL
DE000A1RQEK7,"EUR 2,875 HESSEN LAND 23-",2.26,CBF&CBL
DE000LB5LJ84,"EUR 2,70 LBK BADEN-WUERTT",17.22,CBF&CBL
XS2984228598,"USD 4,375 KOMM.INV.I SVER",7.50,CBF&CBL
DE000HEL0NF4,"EUR 2,00 LANDESBANK HESS-",7.50,CBF&CBL
DE000A4DFKN5,"EUR FL.R DZ HYP AG (REGS)",0.95,CBF&CBL
XS0433625778,"EUR 0,00 AB SVENSK EXP (4",1.52,CBF&CBL
DE000A2DAR40,"EUR 1,125 KFW (REGS) 17-2",3.38,CBF&CBL
DE000HV2ARM0,"EUR 0,875 UNICREDIT BANK ",0.81,CBF&CBL
DE000HLB4XD3,"EUR FL.R LANDESBANK HESS-",7.50,CBF&CBL
FR0013433281,"EUR 0,125 CREDIT MUT ARK ",0.99,CBF&CBL
IT0004534555,"EUR 0,00 ITALY, REP.OF (B",4.77,CBF&CBL
DE000A2GS4D1,"EUR 0,00 SAECHS.AUFBAUBK ",7.50,CBF&CBL
DE000NLB3RJ6,"EUR 0,45 NORD/LB GZ 21-20",15.00,CBF&CBL
DE000NWB2RB2,"EUR 0,40 NRW.BANK (REGS/9",2.42,CBF&CBL
XS2478272938,"EUR 1,75 AB SVERIGES SAKE",1.66,CBF&CBL
DE000LB5HZ64,"EUR 3,17 LBK BADEN-WUERTT",23.57,CBF&CBL
FR001400T9Q9,"EUR 3,25 BQUE FED.CRED.MU",16.05,CBF&CBL
DE000LB5JR39,"EUR 2,55 LBK BADEN-WUERTT",8.32,CBF&CBL
DE000LFA2469,"EUR 2,25 LFA FRDRBK.BAYER",0.99,CBF&CBL
FR0129570596,"EUR 0,00 FRANCE (BTF) 181",0.04,CBF&CBL
FR0010172619,"EUR 0,00 FRANCE (OAT STRI",6.25,CBF&CBL
ES0000012999,"EUR 0,00 SPAIN, KINGDOM O",3.40,CBF&CBL
BE6253245433,"EUR 3,00 COMMUNAUT FRANCA",4.12,CBF&CBL
XS1412711217,"EUR 1,625 ENI SPA (REGS/1",5.00,CBF&CBL
DE000HLB4UL2,"EUR FL.R LANDESBANK HESS-",7.50,CBF&CBL
XS1844175700,"EUR 1,597 ABN AMRO BK NV ",8.96,CBF&CBL
XS2282095970,"EUR 0,50 VOLKSWAGEN LEASI",7.06,CBF&CBL
DE000BLB9SN7,"EUR FL.R BAYERISCH.LANDES",0.39,CBF&CBL
ES0413900723,"EUR 0,18 BCO SANTANDER (R",1.68,CBF&CBL
XS2706237513,"EUR 3,75 ACHMEA BANK N.V ",0.36,CBF&CBL
AT000B049978,"EUR FL.R UNICREDIT BK AT ",1.03,CBF&CBL
DE000RLP1643,"EUR FL.R RHEINLAND-PFALZ ",0.38,CBF&CBL
IT0005668238,"EUR 4,65 ITALY, REP.OF 25",5.21,CBF&CBL
XS3219317669,"EUR 2,375 FINNVERA PLC (R",9.37,CBF&CBL
DE000DP9BNV5,"EUR 3,22 DZ BANK AG - FFT",7.50,CBF&CBL
XS0098232043,"GBP 0,00 EUROP.INVEST.BK ",3.86,CBF&CBL
FR0010172478,"EUR 0,00 FRANCE (OAT STRI",4.04,CBF&CBL
DE0001108660,"EUR 0,00 BUNDES DEUTSCH (",4.01,CBF&CBL
BE6308392941,"EUR 1,60 WALLONE, REGION ",4.48,CBF&CBL
AT0000A283L1,"EUR 1,40 ERSTE GR.BK AG (",23.45,CBF&CBL
BE6322820695,"EUR 0,396 WALLONE, REGION",3.35,CBF&CBL
XS2391343196,"EUR 0,01 SP-MORTGAGE BK (",0.71,CBF&CBL
AT0000A2UXM1,"EUR 0,01 ERSTE GR.BK AG (",0.63,CBF&CBL
XS2449931844,"EUR 0,735 ING BANK N.V. (",1.21,CBF&CBL
AT0000A2ZU40,"EUR 2,15 ERSTE GR.BK AG (",7.50,CBF&CBL
DE000MHB34J3,"EUR 3,125 MUENCHENER HYPO",1.00,CBF&CBL
DE000NLB3U96,"EUR 0,65 NORD/LB GZ 22-20",16.71,CBF&CBL
XS2338955805,"EUR 0,125 TOYOTA MOTOR CR",5.00,CBF&CBL
FR0014003M11,"EUR 0,906 DEPART DES BOUC",7.06,CBF&CBL
DE000A30VK13,"EUR 2,322 INV.UND STR.BK ",31.57,CBF&CBL
ES0415306093,"EUR 0,75 CAJA RURAL NAVAR",0.84,CBF&CBL
XS2535352962,"EUR 2,25 EUROP.INVEST.BK ",0.78,CBF&CBL
DE000NLB4RS5,"EUR 4,875 NORD/LB GZ (REG",7.50,CBF&CBL
DE000HCB0BZ1,"EUR FL.R HAMBURG COM BK (",7.50,CBF&CBL
DE000LB5DUX6,"EUR 2,15 LBK BADEN-WUERTT",7.50,CBF&CBL
XS2889321589,"EUR 2,625 ABN AMRO BK NV ",0.36,CBF&CBL
DE000AAR0454,"EUR XXX AAREAL BK AG. (RE",1.63,CBF&CBL
DE000NLB5FE7,"EUR FL.R NORD/LB GZ (REGS",0.57,CBF&CBL
XS3075492044,"EUR 2,50 KFW (REGS) 25-20",1.52,CBF&CBL
XS3099153051,"EUR FL.R SWISSCOM FIN (RE",5.00,CBF&CBL
FR0014015FU9,"EUR 2,75 CRH (REGS) 26-20",1.47,CBF&CBL
DE000DP9BFR9,"EUR 2,67 DZ BANK AG - FFT",11.45,CBF&CBL
BE0002421932,"EUR 3,00 BELFIUS BANK SA/",2.64,CBF&CBL
FR0013218799,"EUR 1,30 PARIS, VILLE DE ",6.12,CBF&CBL
DE000A2E4Y39,"EUR 0,80 DT. PFANDBRIEFBA",0.47,CBF&CBL
XS1600975152,"EUR 1,486 NEDERLAND.WATER",6.40,CBF&CBL
DE000MHB2739,"EUR 1,172 MUENCHENER HYPO",5.95,CBF&CBL
FR0013309549,"EUR 0,75 COMP.FINA.FONCIE",0.45,CBF&CBL
DE0001053619,"EUR 0,01 BAYERN, FREISTAA",1.64,CBF&CBL
DE000NLB3QQ3,"EUR 0,125 NORD/LB GZ 21-2",7.50,CBF&CBL
FR0014002KM4,"EUR 0,668 DEPART DES BOUC",9.15,CBF&CBL
DE000A30V5G4,"EUR 3,00 SPARKASS.PFORZHE",0.36,CBF&CBL
XS2718169282,"USD 5,00 DZ BK AG (REGS/A",7.75,CBF&CBL
DE000LB62RT4,"EUR 2,65 LBK BADEN-WUERTT",7.50,CBF&CBL
FR0014018VT2,"EUR 4,00 UNEDIC (REGS) 26",4.63,CBF&CBL
XS0880764435,"EUR 5,20 HERA SPA (REGS/3",5.00,CBF&CBL
FR0013322831,"EUR 1,79 CAISSE DES DEPOT",10.11,CBF&CBL
DE000DW6CZ61,"EUR 2,50 DZ BANK AG - FFT",7.50,CBF&CBL
DE000WBP0BJ1,"EUR 3,125 WUESTENROT BSPK",1.17,CBF&CBL
FR001400KJ19,"EUR 4,05 BPCE (REGS) 23-2",18.04,CBF&CBL
XS2678204574,"EUR 4,00 BANK GOSPODARSTW",7.50,CBF&CBL
DE000DW6C946,"EUR 3,55 DZ BANK AG - FFT",7.50,CBF&CBL
BE0390121847,"EUR 3,125 VLAAMS GEMEENSC",2.52,CBF&CBL
DE000DJ9AJU5,"EUR 3,00 DZ BANK AG - FFT",7.50,CBF&CBL
DE000DJ9AMP9,"EUR 3,00 DZ BANK AG - FFT",7.50,CBF&CBL
DE000DJ9AP51,"EUR 1,90 DZ BANK AG - FFT",7.50,CBF&CBL
DE000NLB4795,"EUR 2,90 NORD/LB GZ 25-20",23.89,CBF&CBL
DE000LB59A79,"EUR 3,00 LBK BADEN-WUERTT",25.18,CBF&CBL
XS1350139439,"EUR 1,673 NATIONWIDE BS (",4.23,CBF&CBL
AT0000A1K9F1,"EUR 1,50 AUSTRIA, REP.OF ",7.93,CBF&CBL
XS1610777556,"EUR 1,782 IBERDROLA FINAN",11.99,CBF&CBL
DE000NWB18D6,"EUR 0,625 NRW.BANK 18-202",0.62,CBF&CBL
FR0013346236,"EUR 1,905 RATP 18-2048",33.83,CBF&CBL
DE000A2G8W24,"EUR 0,00 BREMEN HANSTADT ",7.12,CBF&CBL
AT0000A3LJW6,"EUR 3,00 ERSTE GR.BK AG (",20.02,CBF&CBL
ES00001010T9,"EUR 2,976 COMUN.DE MADRID",2.19,CBF&CBL
DE000HEL0ZR3,"EUR 3,15 LANDESBANK HESS-",15.92,CBF&CBL
IT0004288590,"EUR 0,00 ITALY, REP.OF (B",4.45,CBF&CBL
BE0008076250,"EUR 0,00 BELGIUM, KINGDOM",8.31,CBF&CBL
XS0922375752,"EUR 2,224 DNB BOLIGKREDIT",0.62,CBF&CBL
FR0011942168,"EUR 2,834 DEPARTEM VAL OI",1.87,CBF&CBL
XS1082890663,"EUR 3,00 VOLKSWAGEN INTL.",27.56,CBF&CBL
AT0000A2AKV1,"EUR 0,35 ERSTE GR.BK AG (",10.80,CBF&CBL
IT0004534431,"EUR 0,00 ITALY, REP.OF (B",3.04,CBF&CBL
XS2238292010,"EUR 0,01 DNB BOLIGKREDIT ",0.36,CBF&CBL
FR00140009U0,"EUR 0,01 COMP.FINA.FONCIE",2.91,CBF&CBL
FI4000560990,"EUR 3,75 S-BANK LTD 23-20",0.77,CBF&CBL
DE000DJ9AGL0,"EUR 3,00 DZ BANK AG - FFT",11.77,CBF&CBL
DE000NLB41M2,"EUR 2,70 NORD/LB GZ 24-20",7.50,CBF&CBL
FR001400X2F1,"EUR 3,80 ILE-DE-FR. MOBI ",5.39,CBF&CBL
DE000LB5X9B6,"EUR 3,10 LBK BADEN-WUERTT",28.39,CBF&CBL
DE000BYL0E62,"EUR 2,05 BAYERISCH.LANDES",7.50,CBF&CBL
XS3187006211,"EUR 3,125 ASFINAG(AT) (RE",3.81,CBF&CBL
XS3276165449,"EUR 2,375 KOMM.INV.I SVER",8.73,CBF&CBL
ES0000012Q08,"EUR 3,30 SPAIN, KINGDOM O",3.24,CBF&CBL
AT0000A3SXU6,"EUR 3,00 ERSTE GR.BK AG (",24.26,CBF&CBL
DE000HEL0XJ5,"EUR 3,50 LANDESBANK HESS-",26.36,CBF&CBL
XS0094675641,"GBP 0,00 EUROP.INVEST.BK ",0.88,CBF&CBL
IT0003268890,"EUR 0,00 ITALY, REP.OF (B",0.70,CBF&CBL
XS0755873253,"EUR 3,50 EUROP.INVEST.BK ",0.12,CBF&CBL
BE0008528896,"EUR 0,00 BELGIUM, KINGDOM",9.04,CBF&CBL
FR0013256732,"EUR 1,90 CAISSE DES DEPOT",9.87,CBF&CBL
BE0002672534,"EUR FL.R BRUSSELS, REG. O",5.13,CBF&CBL
FR00140049N1,"EUR 0,125 CAISSE FCSE DE ",1.69,CBF&CBL
FR00140051P2,"EUR 0,00 REGION BRETAGNE ",2.07,CBF&CBL
XS2701725983,"GBP 4,75 INTL.DEVEL..ASSO",1.77,CBF&CBL
DE000A1RQE91,"EUR FL.R HESSEN LAND 25-2",0.52,CBF&CBL
DE000A4DFVB7,"EUR FL.R KFW 26-2029",0.39,CBF&CBL
DE000BU0E394,"EUR 0,00 BUNDES DEUTSCH 1",0.10,CBF&CBL
DE000A3827C6,"EUR FL.R DT. PFANDBRIEFBA",0.37,CBF&CBL
DE000LB6XEC0,"EUR 3,17 LBK BADEN-WUERTT",7.50,CBF&CBL
DE0001143345,"EUR 0,00 BRD (STRIP CPN) ",1.24,CBF&CBL
FR0010810218,"EUR 0,00 FRANCE (OAT STRI",0.65,CBF&CBL
FR0013286788,"EUR 1,125 COFIROUTE 17-20",5.00,CBF&CBL
IT0005323032,"EUR 2,00 ITALY, REP.OF (R",0.65,CBF&CBL
XS1881593971,"EUR 1,875 COMP.DE SAINT-G",6.09,CBF&CBL
DE000A2YNX91,"EUR 0,10 SPARKASSE HANNOV",1.21,CBF&CBL
XS2122894855,"EUR 0,00 IBRD-WORLD BANK ",0.80,CBF&CBL
FR0013504727,"EUR 1,375 BQUE FED.CRED.M",12.10,CBF&CBL
DE000A289K06,"EUR 0,15 BREMEN HANSTADT ",3.97,CBF&CBL
FR00140065Q0,"EUR 0,29 BOURGOGNE FRANCH",2.20,CBF&CBL
IT0005519787,"EUR 3,85 ITALY, REP.OF (B",1.70,CBF&CBL
AT0000A2GL44,"EUR 0,21 NIEDEROESTERREIC",1.81,CBF&CBL
DE000DK01198,"EUR 3,63 DEKABANK (REGS) ",21.51,CBF&CBL
XS2744177143,"EUR 2,55 ASIAN DEV.BK 24-",1.38,CBF&CBL
SK4000024923,"EUR 3,25 VSEOB. UVEROVA B",1.99,CBF&CBL
IT0005550170,"EUR 0,00 ITALY, REP.OF (B",4.65,CBF&CBL
BE0390230960,"EUR 3,967 VLAAMS GEMEENSC",6.31,CBF&CBL
DE000CZ457R4,"EUR 3,412 COMMERZBK AG 25",7.52,CBF&CBL
ES0440609529,"EUR FL.R CAIXABANK S.A. 2",0.81,CBF&CBL
XS0877035765,"EUR 0,00 BNG BANK N.V. (R",8.65,CBF&CBL
FR0011607969,"EUR 3,38 RTE EDF TRANSPOR",5.56,CBF&CBL
DE000NRW0JJ8,"EUR 1,25 NORDRHEIN-WESTFA",3.27,CBF&CBL
DE000A162A67,"EUR 1,085 LANDESBK BERLIN",1.61,CBF&CBL
DE000SLB8387,"EUR 0,75 LANDESBK SAAR 20",11.56,CBF&CBL
FR0014000MX1,"EUR 0,00 SOCIETE DE FINAN",1.54,CBF&CBL
DE0001141851,"EUR 0,00 BUNDES DEUTSCH 2",0.08,CBF&CBL
XS2393661397,"EUR 0,01 CIBC CANADA (REG",0.40,CBF&CBL
DE000LB38416,"EUR FL.R LBK BADEN-WUERTT",21.32,CBF&CBL
DE000NLB4T72,"EUR 3,55 NORD/LB GZ 23-20",9.62,CBF&CBL
DE000DW6C7Q5,"EUR 3,75 DZ BANK AG - FFT",7.50,CBF&CBL
DE000LB6E6S8,"USD 3,30 LBK BADEN-WUERTT",10.59,CBF&CBL
DE000BYL0FT3,"EUR 2,45 BAYERISCH.LANDES",14.06,CBF&CBL
DE000A5GS412,"EUR 2,70 SPARKASS.PFORZHE",8.39,CBF&CBL
EU000A1G0DB8,"EUR 2,35 EFSF (REGS) 14-2",9.00,CBF&CBL
FR0013266350,"EUR 1,375 GECINA SA (REGS",5.00,CBF&CBL
DE0001142867,"EUR 0,00 BUNDES DEUTSCH 1",0.63,CBF&CBL
XS1910948592,"GBP 4,125 VOLKSWAGEN INTL",14.07,CBF&CBL
XS1950509619,"EUR 1,292 SWEDBANK MORTGA",3.29,CBF&CBL
XS1951092144,"EUR 0,375 LANDWIRT.RENTEN",0.53,CBF&CBL
XS2337449214,"EUR 0,57 NORDIC INVEST.BK",2.09,CBF&CBL
XS2351089508,"EUR 0,05 BK OF MONTREAL (",1.06,CBF&CBL
XS2574267188,"USD 6,125 HUNGARY, REP.OF",2.03,CBF&CBL
DE000A3MQU37,"EUR 3,01 DZ HYP AG 23-202",0.65,CBF&CBL
DE000BLB9VM3,"EUR 3,359 BAYERISCH.LANDE",18.06,CBF&CBL
DE000BLB9W69,"EUR 3,00 BAYERISCH.LANDES",10.53,CBF&CBL
DE000A4DE2S0,"EUR FL.R IB SCHLESWIG-HOL",9.89,CBF&CBL
DE0001789402,"EUR 3,00 SACHSEN, FREISTA",1.84,CBF&CBL
SK4120008665,"EUR 4,40 SLOVAK, REP. 12-",2.25,CBF&CBL
XS0813929436,"EUR 3,20 SOC.GEN.PARIS. (",7.50,CBF&CBL
FR001400JMH0,"EUR 3,463 CREDIT AGRICOLE",2.63,CBF&CBL
ES0000012M85,"EUR 3,25 SPAIN, KINGDOM O",2.82,CBF&CBL
FR0014018DA0,"EUR 3,50 COMP.FINA.FONCIE",2.65,CBF&CBL
FR001401AO54,"EUR 4,125 LA MONDIALE (RE",3.60,CBF&CBL
FR0010809517,"EUR 0,00 FRANCE (OAT STRI",4.84,CBF&CBL
XS1384262389,"EUR 1,39 NATIONWIDE BS (R",3.18,CBF&CBL
DE000A1685W8,"EUR 0,625 HAMBURG HANSEST",0.39,CBF&CBL
DE000A194DE7,"EUR 1,50 MERCEDES-BENZ (R",5.00,CBF&CBL
XS2180643889,"USD 1,00 NEDERLAND.WATER.",1.38,CBF&CBL
FR0013522711,"EUR 0,173 CREDIT AGRICOLE",7.50,CBF&CBL
DE000NWB0AM9,"EUR 0,50 NRW.BANK (REGS/8",6.10,CBF&CBL
DE000BLB9SQ0,"EUR 3,39 BAYERISCH.LANDES",10.44,CBF&CBL
DE000BLB9UN3,"EUR FL.R BAYERISCH.LANDES",7.50,CBF&CBL
DE000LFA2105,"EUR 3,125 LFA FRDRBK.BAYE",1.93,CBF&CBL
DE000LB4YPS5,"EUR 2,90 LBK BADEN-WUERTT",7.50,CBF&CBL
FRCASA010456,"EUR 3,45 CREDIT AGRICOLE ",22.19,CBF&CBL
DE000DP9BHW5,"EUR FL.R DZ BANK AG - FFT",10.48,CBF&CBL
ES00000126I7,"EUR 0,00 SPAIN, KINGDOM O",2.85,CBF&CBL
AT0000A1JUJ8,"EUR 1,395 HYPO NOE GRUPPE",1.98,CBF&CBL
FR0013154119,"EUR 0,00 FRANCE (OAT STRI",5.48,CBF&CBL
BE0008553175,"EUR 0,00 BELGIUM, KINGDOM",21.85,CBF&CBL
XS1692486308,"EUR FL.R LANDESBANK HESS-",7.50,CBF&CBL
XS1747444831,"EUR 1,125 BMW FIN.NV (REG",5.00,CBF&CBL
IT0004534423,"EUR 0,00 ITALY, REP.OF (B",2.86,CBF&CBL
XS2154339860,"EUR 0,00 EUROP.INVEST.BK ",0.39,CBF&CBL
DE000A3H2Y99,"EUR FL.R LAND BERLIN 22-2",0.49,CBF&CBL
FR001400BWL8,"EUR 2,566 CREDIT AGRICOLE",8.16,CBF&CBL
DE000NLB4U20,"EUR 4,00 NORD/LB GZ 23-20",19.61,CBF&CBL
XS2746103014,"EUR 4,125 POLAND, REP.OF ",9.32,CBF&CBL
XS3028251497,"EUR 2,875 NORDIC INVEST.B",1.16,CBF&CBL
DE000BYL0C23,"EUR 2,70 BAYERISCH.LANDES",9.31,CBF&CBL
FR001400ZZ61,"EUR FL.R VINCI SA (REGS) ",5.00,CBF&CBL
DE000A460GQ9,"EUR 2,75 NIEDERSACHSEN LA",2.09,CBF&CBL
IT0005716714,"EUR 0,00 ITALY, REP.OF (B",0.35,CBF&CBL
CZ0001007751,"EUR 0,00 CZECH REPUBLIC 1",0.86,CBF&CBL
FR0000486763,"GBP 5,50 CIE FINANCEMENT ",0.46,CBF&CBL
XS0177699369,"EUR 5,50 ENEL SPA 03-2033",17.35,CBF&CBL
FR0010810184,"EUR 0,00 FRANCE (OAT STRI",0.37,CBF&CBL
XS0862196036,"EUR 4,00 SANDVIK AB(PUBL.",16.45,CBF&CBL
FR0011898832,"EUR 3,71 METROPOLE D AIX ",7.94,CBF&CBL
XS1706200463,"EUR 1,25 STATNETT SF (REG",9.30,CBF&CBL
ES0001351537,"EUR 1,11 CASTILLA Y LEON ",1.83,CBF&CBL
XS2051664675,"EUR 1,375 BABCOCK INTER.G",5.00,CBF&CBL
XS2689094279,"EUR 3,50 DEKABANK (REGS) ",0.40,CBF&CBL
DE000BU4Z052,"EUR 0,00 BUNDES DEUTSCH 2",1.73,CBF&CBL
DE000DJ9AML8,"EUR 2,75 DZ BANK AG - FFT",7.50,CBF&CBL
DE000LB5X8V6,"USD 3,70 LBK BADEN-WUERTT",7.50,CBF&CBL
DE000SLB1648,"EUR FL.R LANDESBK SAAR 25",1.33,CBF&CBL
XS3168189358,"USD 3,25 DZ BK AG (REGS/A",7.50,CBF&CBL
XS3247737037,"EUR 2,947 ACHMEA BANK N.V",1.98,CBF&CBL
DE000NLB52G1,"EUR 2,50 NORD/LB GZ 26-20",11.48,CBF&CBL
DE0001053957,"EUR 2,75 BAYERN, FREISTAA",2.35,CBF&CBL
FR0129704161,"EUR 0,00 BANQUE DE FRANCE",0.10,CBF&CBL
AT0000A3WAJ9,"EUR 3,57 ERSTE GR.BK AG 2",26.78,CBF&CBL
XS0911388832,"EUR 3,50 VOLKSWAGEN INTL.",30.29,CBF&CBL
ES00000126F3,"EUR 0,00 SPAIN, KINGDOM O",1.54,CBF&CBL
DE000NRW0GB1,"EUR FL.R NORDRHEIN-WESTFA",1.23,CBF&CBL
BE0008544083,"EUR 0,00 BELGIUM, KINGDOM",17.36,CBF&CBL
AT0000A1UEX0,"EUR 1,17 ERSTE GR.BK AG (",7.50,CBF&CBL
DE000DDA0U24,"EUR 0,18 DZ BANK AG - FFT",7.50,CBF&CBL
FR0013521978,"EUR 0,643 REGION HAUTS (R",8.31,CBF&CBL
XS2397082939,"EUR 0,375 BANK GOSPODARST",7.50,CBF&CBL
DE000LB34MP2,"EUR 2,95 LBK BADEN-WUERTT",7.50,CBF&CBL
FI4000527551,"EUR 1,375 FINLAND REP.OF ",0.54,CBF&CBL
IT0005676504,"EUR 3,45 ITALY, REP.OF (B",3.32,CBF&CBL
DE000LB64FR9,"EUR 2,50 LBK BADEN-WUERTT",7.50,CBF&CBL
XS1499594916,"EUR 0,75 NEDERLAND.WATER.",4.68,CBF&CBL
DE000BLB6JH4,"EUR 0,75 BAYERISCH.LANDES",0.83,CBF&CBL
FR0013507951,"EUR 1,073 HOPITAUX PARIS ",11.03,CBF&CBL
DE000A3MQYM8,"EUR FL.R LAND BERLIN 22-2",0.39,CBF&CBL
FR001400DXR9,"EUR 3,125 CAISSE FCSE DE ",0.40,CBF&CBL
DE000A3E5Y77,"EUR 5,5654 NIEDERSACHSEN ",0.68,CBF&CBL
EU000A3LVAL6,"EUR 2,75 EUROP.INVEST.BK ",0.66,CBF&CBL
DE000LB5R743,"EUR 2,10 LBK BADEN-WUERTT",7.50,CBF&CBL
XS3187014231,"EUR FL.R LEASYS S.P.A. (R",5.00,CBF&CBL
DE000BYL0GF0,"EUR 2,40 BAYERISCH.LANDES",8.11,CBF&CBL
DE000LB664B6,"EUR 2,70 LBK BADEN-WUERTT",9.74,CBF&CBL
DE000HEL4B03,"EUR 4,03 LANDESBANK HESS-",24.94,CBF&CBL
DE000A5ENMU5,"EUR 3,036 BREMEN HANSTADT",1.00,CBF&CBL
DE000A14KK08,"EUR FL.R DEUT.GENOSS-HYPO",12.27,CBF&CBL
XS1448353018,"EUR 0,52 IBRD-WORLD BANK ",1.33,CBF&CBL
XS1451581091,"EUR 1,288 BNP PARIBAS (RE",16.09,CBF&CBL
XS1508566392,"EUR 1,00 POLAND, REP.OF (",1.74,CBF&CBL
IT0005259988,"EUR 1,125 INTESA SANPAOLO",0.37,CBF&CBL
DE000DG4UBS8,"EUR FL.R DZ BANK AG - FFT",7.50,CBF&CBL
XS1821894133,"EUR 1,545 DNB BOLIGKREDIT",3.60,CBF&CBL
XS1989389041,"EUR 0,95 EUROP.INVEST.BK ",2.18,CBF&CBL
XS2065946837,"EUR 1,00 ENI SPA (REGS/23",19.05,CBF&CBL
XS2118276026,"EUR 0,25 SIEMENS FIN.NL (",5.79,CBF&CBL
XS2193733503,"EUR 1,00 CZECH GAS NETWO ",5.00,CBF&CBL
XS2250916843,"EUR 0,19 NEDERLAND.WATER.",7.60,CBF&CBL
DE000SLB8726,"EUR 2,50 LANDESBK SAAR 22",7.50,CBF&CBL
AT0000A30ZH4,"EUR 3,25 HYPO VORARLBERG ",0.36,CBF&CBL
XS2633136317,"EUR 3,106 COOPERATIEVE RA",1.97,CBF&CBL
ES0000106759,"EUR 3,40 BASQUE COUNTRY (",3.01,CBF&CBL
DE000LB51CT9,"EUR 3,00 LBK BADEN-WUERTT",17.51,CBF&CBL
XS0162869076,"EUR 5,875 TELEFONICA EURO",16.08,CBF&CBL
IT0003268874,"EUR 0,00 ITALY, REP.OF (B",0.20,CBF&CBL
AT0000A10QD4,"EUR 2,65 NIEDEROESTERREIC",0.84,CBF&CBL
FR0013154317,"EUR 0,00 FRANCE (OAT STRI",8.62,CBF&CBL
DE000NRW0J06,"EUR 0,06 NORDRHEIN-WESTFA",0.50,CBF&CBL
BE0001790444,"EUR 1,50 VLAAMS GEMEENSCH",6.13,CBF&CBL
FR0014009VY1,"EUR 1,808 HOPITAUX PARIS ",6.74,CBF&CBL
DE000BU3Z005,"EUR 2,30 BUNDES DEUTSCH (",1.30,CBF&CBL
AT0000A2EGK4,"EUR FL.R RAIFFEISENVERBAN",0.59,CBF&CBL
DE000DJ9AFB3,"EUR FL.R DZ BANK AG - FFT",15.55,CBF&CBL
FR001400PM50,"USD 5,00 SOCIETE DE FINAN",0.71,CBF&CBL
XS2878460885,"GBP 3,875 KFW (REGS) 24-2",1.32,CBF&CBL
DE000LB59MK0,"USD 3,80 LBK BADEN-WUERTT",15.67,CBF&CBL
DE000HEL0M04,"EUR FL.R LANDESBANK HESS-",12.58,CBF&CBL
DE000A4DE9L0,"EUR FL.R LAND BERLIN 26-2",2.11,CBF&CBL
BE0002432079,"EUR 3,25 ELIA SYS.OP. (RE",5.00,CBF&CBL
EU000A1ZR7H3,"EUR 1,375 EUROPEAN UNION ",0.73,CBF&CBL
EU000A1Z6TV6,"EUR 1,50 EUROPEAN UNION (",1.76,CBF&CBL
XS1353623959,"EUR 1,763 BNP PARIBAS (RE",14.56,CBF&CBL
IT0005093296,"EUR 0,00 ITALY, REP.OF (B",6.64,CBF&CBL
XS1696445516,"EUR 1,75 HUNGARY, REP.OF ",1.32,CBF&CBL
FI4000348727,"EUR 0,50 FINLAND REP.OF (",1.05,CBF&CBL
ES00001010E1,"EUR 1,646 COMUN.DE MADRID",12.83,CBF&CBL
FR0014005O82,"EUR 0,53 AUVERGNE- RHONE ",6.30,CBF&CBL
DE000DFK0R56,"EUR 0,00 DZ BANK AG - FFT",43.54,CBF&CBL
BE0002934157,"EUR 3,25 VLAAMS GEMEENSCH",2.16,CBF&CBL
XS2922763896,"EUR 3,125 POLAND, REP.OF ",3.83,CBF&CBL
DE000A3513T6,"EUR 2,50 LAND BERLIN 25-2",1.81,CBF&CBL
DE000DJ9AT99,"EUR FL.R DZ BANK AG - FFT",22.23,CBF&CBL
XS3109460959,"EUR 3,875 POLAND, REP.OF ",6.89,CBF&CBL
EU000A4ED0K0,"EUR 2,75 EUROPEAN UNION (",1.31,CBF&CBL
ES0L02611066,"EUR 0,00 SPAIN, KINGDOM O",0.07,CBF&CBL
XS3324775520,"EUR FL.R AUSTRIA, REP.OF ",1.04,CBF&CBL
DE000BYL0JT5,"USD FL.R BAYERISCH.LANDES",0.39,CBF&CBL
DE000A5ENMT7,"EUR 3,25 BREMEN HANSTADT ",2.60,CBF&CBL
XS0798497409,"EUR 4,10 SANDVIK AB(PUBL.",5.00,CBF&CBL
XS0936805612,"EUR 4,75 ITALY, REP.OF (R",5.76,CBF&CBL
IT0004976723,"EUR 0,00 ITALY, REP.OF (B",4.78,CBF&CBL
ES0000101677,"EUR 2,08 COMUN.DE MADRID ",1.61,CBF&CBL
DE000BLB4S78,"EUR 0,55 BAYERISCH.LANDES",0.40,CBF&CBL
AT0000A1PL77,"EUR 0,80 OBEROEST.LBK AG ",1.00,CBF&CBL
FR0013331543,"EUR 1,411 REGION BRETAGNE",5.40,CBF&CBL
DE000HLB4WG8,"EUR 0,91 LANDESBANK HESS-",7.50,CBF&CBL
FR0013523792,"EUR 0,671 DEPARTEMENT DU ",8.34,CBF&CBL
DE000A2GSR96,"EUR 0,20 WIRTSCHAFTS-INFR",7.25,CBF&CBL
XS2582112947,"EUR 3,00 ACHMEA BANK N.V ",1.15,CBF&CBL
XS2701206448,"EUR 3,26 IBRD-WORLD BANK ",0.54,CBF&CBL
FR001400N7K2,"EUR 3,00 AFD (REGS) 24-20",4.45,CBF&CBL
DE000DJ9AF79,"EUR 3,72 DZ BANK AG - FFT",28.80,CBF&CBL
DE000LB5LJ68,"EUR 2,50 LBK BADEN-WUERTT",11.67,CBF&CBL
XS2972982917,"GBP 4,375 CNCL.EU DEV.BK ",0.56,CBF&CBL
FR001400X0A6,"USD 4,625 CAISSE DES DEPO",0.94,CBF&CBL
DE000A4ECAU6,"EUR FL.R MERCEDES-BENZ (R",5.00,CBF&CBL
XS1084874533,"EUR 2,95 ROBERT BOSCH GMB",24.60,CBF&CBL
DE000HLB2J60,"EUR FL.R LANDESBANK HESS-",7.50,CBF&CBL
DE000HLB4XH4,"EUR FL.R LANDESBANK HESS-",7.50,CBF&CBL
DE000A254N12,"EUR 0,00 GEMEINSAME BUNDE",0.34,CBF&CBL
DE000NLB3B65,"EUR 0,90 NORD/LB GZ 20-20",17.94,CBF&CBL
DE000LB2ZSM3,"EUR 0,125 LBK BADEN-WUERT",1.00,CBF&CBL
XS2481491160,"EUR 1,50 RAIFFEISEN BANK ",0.37,CBF&CBL
EU000A3L1CN4,"EUR 2,875 EUROPEAN UNION ",0.73,CBF&CBL
DE000LB6F6P3,"EUR 3,10 LBK BADEN-WUERTT",29.07,CBF&CBL
DE000A5H27X9,"EUR 3,375 KFW (REGS) 26-2",3.00,CBF&CBL
ES0000090987,"EUR 3,35 JUNTA DE ANDALUC",3.18,CBF&CBL
BE6251142749,"EUR 3,19 BELGACOM S.A 13-",5.00,CBF&CBL
XS1800208701,"EUR 1,501 BK IRELAND MORT",3.56,CBF&CBL
XS2009128617,"EUR 0,964 NEDERLAND.WATER",7.37,CBF&CBL
AT0000A28F04,"EUR 2,735 HYPO VORARLBERG",2.36,CBF&CBL
XS2015227494,"EUR 0,125 EUROP.INVEST.BK",0.66,CBF&CBL
DE000A2GSSB3,"EUR 0,20 WIRTSCHAFTS-INFR",8.03,CBF&CBL
FR00140059K6,"EUR 0,215 DEPT DE L EURE ",3.97,CBF&CBL
DE000DJ9AGM8,"EUR 3,10 DZ BANK AG - FFT",17.23,CBF&CBL
DE000DJ9AG52,"EUR FL.R DZ BANK AG - FFT",11.11,CBF&CBL
IT0005600199,"EUR 3,811 UNICREDIT SPA (",1.36,CBF&CBL
AT0000A3GEN6,"EUR 2,90 ERSTE GR.BK AG 2",16.44,CBF&CBL
DE000A383XV8,"EUR 2,75 NIEDERSACHSEN LA",2.30,CBF&CBL
DE000NWB0AY4,"EUR 2,50 NRW.BANK (REGS) ",2.34,CBF&CBL
DE000HEL0G28,"EUR 2,05 LANDESBANK HESS-",7.50,CBF&CBL
DE000BYL0DB6,"EUR 2,82 BAYERISCH.LANDES",11.91,CBF&CBL
DE000BYL0G03,"EUR FL.R BAYERISCH.LANDES",0.86,CBF&CBL
DE000LB664H3,"EUR 3,20 LBK BADEN-WUERTT",24.80,CBF&CBL
DE000NRW0QS4,"EUR FL.R NORDRHEIN-WESTFA",0.49,CBF&CBL
DE000HEL0ZE1,"USD 4,00 LANDESBANK HESS-",7.50,CBF&CBL
BE0000333428,"EUR 3,00 BELGIUM, KINGDOM",4.49,CBF&CBL
DE000NRW0HQ7,"EUR 1,435 NORDRHEIN-WESTF",3.07,CBF&CBL
DE000NRW0LZ0,"EUR 0,00 NORDRHEIN-WESTFA",1.26,CBF&CBL
SK4000017380,"EUR 0,125 SLOVAK, REP. 20",0.85,CBF&CBL
DE000DFK0CS4,"EUR 0,80 DZ BANK AG - FFT",7.50,CBF&CBL
FR00140059O8,"EUR 0,643 DEPT DE L EURE ",8.90,CBF&CBL
BE0000349580,"EUR 0,10 BELGIUM, KINGDOM",2.55,CBF&CBL
FR0013482833,"EUR 0,125 LVMH (REGS) 20-",5.00,CBF&CBL
XS2166755509,"EUR 2,00 SCHLUMBERGER FIN",13.62,CBF&CBL
XS2186093410,"EUR 0,01 NORD/LB LUX COV ",0.36,CBF&CBL
DE000A2GSSK4,"EUR 0,20 WIRTSCHAFTS-INFR",2.41,CBF&CBL
BE0002807882,"EUR 0,90 BRUSSELS, REG. O",10.80,CBF&CBL
DE000A383C50,"EUR 3,125 SPARKASSE BREME",2.03,CBF&CBL
XS2833410033,"EUR 3,125 ACHMEA BANK N.V",2.71,CBF&CBL
DE000NLB46M1,"EUR 2,20 NORD/LB GZ 24-20",7.50,CBF&CBL
XS2911193956,"EUR 2,75 ASFINAG(AT) (REG",3.39,CBF&CBL
FI4000591862,"EUR 2,625 FINLAND REP.OF ",2.61,CBF&CBL
IT0005689887,"EUR 0,00 ITALY, REP.OF (B",0.17,CBF&CBL
FR0011349109,"EUR 3,085 COMP.FINA.FONCI",2.02,CBF&CBL
IT0004976640,"EUR 0,00 ITALY, REP.OF (B",3.68,CBF&CBL
DE000NRW23B6,"EUR FL.R NORDRHEIN-WESTFA",0.66,CBF&CBL
IT0005094088,"EUR 1,65 ITALY, REP.OF (R",2.55,CBF&CBL
XS1219616106,"EUR 1,25 ASSA ABLOY AB 15",9.24,CBF&CBL
FR0013153194,"EUR 1,55 HSBC CONTINENTA ",14.48,CBF&CBL
DE000LB2CJA6,"EUR FL.R LBK BADEN-WUERTT",7.50,CBF&CBL
FR0013506292,"EUR 1,25 ORANGE (REGS) 20",5.00,CBF&CBL
DE000A3H2W42,"EUR 0,01 NIEDERSACHSEN LA",1.33,CBF&CBL
BE0000352618,"EUR 0,00 BELGIUM, KINGDOM",3.28,CBF&CBL
FR001400ACQ1,"EUR 1,949 CAISSE FCSE DE ",1.93,CBF&CBL
FR001400ADF2,"EUR 1,625 AFD (REGS) 22-2",3.67,CBF&CBL
DE000LB4J8E1,"EUR 3,00 LBK BADEN-WUERTT",7.50,CBF&CBL
DE000LB58ZQ1,"EUR 2,25 LBK BADEN-WUERTT",11.75,CBF&CBL
XS3357292930,"EUR 3,25 NORDEA BK ABP (R",14.21,CBF&CBL
IT0005729931,"EUR 4,00 ITALY, REP.OF (B",3.55,CBF&CBL
XS0920838371,"EUR 2,562 HEINEKEN NV (RE",17.57,CBF&CBL
XS1109833522,"EUR 2,75 INVESTOR AB (REG",27.41,CBF&CBL
XS1252379679,"EUR 1,70 KOMMUNEKREDIT (R",38.93,CBF&CBL
XS1788586375,"EUR 1,25 RED ELECTRICA FI",5.00,CBF&CBL
DE000HLB4VH8,"EUR FL.R LANDESBANK HESS-",7.50,CBF&CBL
FR0013404969,"EUR 1,50 FRANCE (REGS OAT",4.03,CBF&CBL
AT000B015177,"EUR 0,238 RAIFFEISEN BANK",7.50,CBF&CBL
XS2386886803,"GBP 1,375 VOLKSWAGEN FIN(",6.17,CBF&CBL
XS2393518910,"EUR 0,01 ROYAL BK.CANADA ",0.80,CBF&CBL
ES0000012K46,"EUR 1,90 SPAIN, KINGDOM O",5.50,CBF&CBL
XS2449505820,"EUR 0,75 COOP RABOBK UA (",1.71,CBF&CBL
XS2679922828,"EUR 3,45 IBRD-WORLD BANK ",2.16,CBF&CBL
DE000DJ9AEK7,"EUR FL.R DZ BANK AG - FFT",19.60,CBF&CBL
DE000NLB44V7,"EUR 3,00 NORD/LB GZ 24-20",12.92,CBF&CBL
SK4120009762,"EUR 3,625 SLOVAK, REP. 14",1.89,CBF&CBL
XS1493724584,"EUR 0,625 DEUTSCHE BAHN A",5.00,CBF&CBL
FR0013234549,"EUR 0,00 FRANCE (OAT STRI",0.93,CBF&CBL
XS1800207216,"EUR 1,574 BK IRELAND MORT",4.73,CBF&CBL
DE000A2GSEH0,"EUR 1,375 INVESTITIONSBK ",4.10,CBF&CBL
BE0002717982,"EUR 1,00 VLAAMS GEMEENSCH",6.64,CBF&CBL
XS2198234879,"USD 0,96 NEDERLAND.WATER.",1.09,CBF&CBL
DE000A289KZ5,"EUR 0,01 BREMEN HANSTADT ",0.34,CBF&CBL
XS2227050379,"EUR 0,875 ROYAL SCHIPHOL ",14.72,CBF&CBL
AT0000A2RY95,"EUR 0,125 HYPO NOE LANDES",1.75,CBF&CBL
XS2439543047,"EUR 0,05 EUROP.INVEST.BK ",0.74,CBF&CBL
DE000SHFM1D1,"EUR 2,875 SCHLESWIG-HOLST",2.36,CBF&CBL
DE000BU2Z056,"EUR 2,60 BUNDES DEUTSCH 2",1.70,CBF&CBL
DE000LB6E6L3,"EUR 2,00 LBK BADEN-WUERTT",7.50,CBF&CBL
DE000HV2A086,"EUR 3,20 UNICREDIT BANK (",2.72,CBF&CBL
DE000DK013T7,"EUR 3,15 DEKABANK 26-2034",21.76,CBF&CBL
XS3435288413,"EUR 3,50 HUNGARY, REP.OF ",6.24,CBF&CBL
XS3479197488,"USD 5,875 BANK GOSPODARST",26.66,CBF&CBL
ES0000012049,"EUR 0,00 SPAIN, KINGDOM O",1.20,CBF&CBL
IT0004976632,"EUR 0,00 ITALY, REP.OF (B",3.51,CBF&CBL
XS1551294926,"EUR 0,75 BAWAG (AT) (REGS",0.36,CBF&CBL
DE000A2GSP98,"EUR 1,25 DEUT.GENOSS-HYPO",2.36,CBF&CBL
FR0013400298,"EUR 1,85 BPCE (REGS) 19-2",27.05,CBF&CBL
DE000BU4K054,"EUR 0,00 BUNDES DEUTSCH 2",3.33,CBF&CBL
SK4000026241,"EUR 3,00 SLOVAK, REP. (RE",3.84,CBF&CBL
DE000LB51CM4,"EUR 2,10 LBK BADEN-WUERTT",7.50,CBF&CBL
FR0011510072,"EUR 2,775 CAISSE DES DEPO",3.81,CBF&CBL
XS2010331101,"EUR 1,65 JNDR.CASH MGMT (",26.26,CBF&CBL
AT0000A2AZ93,"EUR 0,40 ERSTE GR.BK AG 1",11.05,CBF&CBL
IT0005421703,"EUR 1,80 ITALY, REP.OF (R",4.72,CBF&CBL
SK4000018958,"EUR 0,375 SLOVAK, REP. (R",7.37,CBF&CBL
AT000B093430,"EUR 3,589 RAIFFEISEN-LAND",0.39,CBF&CBL
AT000B122197,"EUR 3,625 VOLKSBANK WIEN ",0.50,CBF&CBL
DE000NLB4YX1,"EUR 3,10 NORD/LB GZ 24-20",10.90,CBF&CBL
DE000CZ439H3,"EUR 3,00 COMMERZBK AG 23-",7.50,CBF&CBL
AT0000A3R4Z1,"EUR 3,55 ERSTE GR.BK AG 2",35.02,CBF&CBL
FR0014015OL0,"EUR FL.R CAISSE DES DEPOT",1.12,CBF&CBL
DE000CZ46CV3,"EUR FL.R COMMERZBK AG 26-",22.35,CBF&CBL
FR0129704088,"EUR 0,00 BANQUE DE FRANCE",0.04,CBF&CBL
XS3441656702,"USD 6,00 ITALY, REP.OF (R",8.47,CBF&CBL
XS0438844093,"EUR 6,125 ENBW INTL.FIN. ",25.11,CBF&CBL
IT0004976525,"EUR 0,00 ITALY, REP.OF (R",1.18,CBF&CBL
DE000HLB2LC4,"EUR 0,375 LANDESBANK HESS",0.71,CBF&CBL
XS1750275486,"EUR 1,41 BNG BANK N.V. (R",3.49,CBF&CBL
XS1828033834,"EUR 2,00 DEUT.TKOM.INT.FI",8.27,CBF&CBL
DE000HLB46C4,"EUR 2,85 LANDESBANK HESS-",7.50,CBF&CBL
BE6338543786,"EUR 3,25 ARGENTA SPAARBAN",0.36,CBF&CBL
DE000SHFM907,"EUR 3,00 SCHLESWIG-HOLSTE",1.94,CBF&CBL
DE000RLP1452,"EUR 2,75 RHEINLAND-PFALZ ",0.48,CBF&CBL
DE000BU4K104,"EUR 0,00 BUNDES DEUTSCH 2",1.48,CBF&CBL
XS3518492312,"USD 0,00 AUSTRIA, REP.OF ",0.53,CBF&CBL
FR0010372045,"EUR 0,00 FRANCE (OAT STRI",1.80,CBF&CBL
DE000LB1P3K4,"EUR FL.R LBK BADEN-WUERTT",7.50,CBF&CBL
FI4000306758,"EUR 1,125 FINLAND REP.OF ",3.61,CBF&CBL
FR0013383254,"EUR 0,76 AUVERGNE- RHONE ",0.72,CBF&CBL
DE000LB12858,"EUR 2,00 LBK BADEN-WUERTT",17.92,CBF&CBL
ES0001348244,"EUR 1,549 COMUN.ISLAS BAL",1.52,CBF&CBL
DE000BLB7925,"EUR 0,30 BAYERISCH.LANDES",11.25,CBF&CBL
DE000NLB4ZC2,"EUR 3,23 NORD/LB GZ 24-20",7.50,CBF&CBL
IT0005585622,"EUR 3,50 CA ITALIA SPA (R",2.73,CBF&CBL
DE000A383JT1,"EUR 3,375 SPARKASSE KREFE",2.98,CBF&CBL
EU000A1Z99V7,"EUR 2,375 ESM (REGS) 24-2",0.25,CBF&CBL
XS2915279140,"EUR FL.R BMW INTL INV BV ",5.00,CBF&CBL
XS1369280661,"EUR 1,395 NATIONWIDE BS (",3.16,CBF&CBL
BE0008534951,"EUR 0,00 BELGIUM, KINGDOM",12.48,CBF&CBL
ES0000101818,"EUR 2,146 COMUN.DE MADRID",0.48,CBF&CBL
IT0005273013,"EUR 3,45 ITALY, REP.OF (R",4.94,CBF&CBL
DE000LB12957,"EUR 1,36 LBK BADEN-WUERTT",23.00,CBF&CBL
XS2049616894,"EUR 0,50 SIEMENS FIN.NL (",17.47,CBF&CBL
XS2156768546,"EUR 1,375 DEUTSCHE BAHN A",25.55,CBF&CBL
DE000NLB30C6,"EUR 3,50 NORD/LB GZ 22-20",7.50,CBF&CBL
XS2676779304,"EUR 3,666 TOR-DOMINION BK",1.66,CBF&CBL
FR001400M6G3,"EUR 4,125 SOCIETE GENERAL",7.54,CBF&CBL
ES0001352642,"EUR 2,87 GALICIA, XUNTA D",2.32,CBF&CBL
DE000HV2A219,"EUR 3,938 UNICREDIT BANK ",3.51,CBF&CBL
ES00000120T7,"EUR 0,00 SPAIN, KINGDOM O",4.08,CBF&CBL
FR0011509553,"EUR 2,58 CAISSE DES DEPOT",1.19,CBF&CBL
FR0011600477,"EUR 3,0425 LA BQE POST HO",2.32,CBF&CBL
FR0013322989,"EUR 1,625 GECINA SA (REGS",8.97,CBF&CBL
ES00000129Z5,"EUR 0,00 SPAIN, KINGDOM O",9.49,CBF&CBL
DE000A2LQRY1,"EUR 1,00 THUERINGEN, FREI",3.81,CBF&CBL
DE000LB2CUA3,"EUR 0,215 LBK BADEN-WUERT",13.28,CBF&CBL
XS2226280084,"EUR 0,125 KOMMUNEKREDIT (",36.94,CBF&CBL
DE0001053510,"EUR 0,03 BAYERN, FREISTAA",0.51,CBF&CBL
DE000A255CR0,"EUR 0,25 THUERINGEN, FREI",3.79,CBF&CBL
DE0001143865,"EUR 0,00 BUNDES DEUTSCH 2",0.40,CBF&CBL
BE0002861426,"EUR 1,80 BRUSSELS, REG. O",3.67,CBF&CBL
FR01CASA0019,"EUR 3,20 CREDIT AGRICOLE ",18.49,CBF&CBL
DE000LB4XAH2,"EUR 3,22 LBK BADEN-WUERTT",21.39,CBF&CBL
EU000A4EPCJ1,"EUR 0,00 EUROPEAN UNION 0",0.08,CBF&CBL
FR00140183Y5,"EUR 3,00 CAISSE DES DEPOT",2.99,CBF&CBL
FR0013150067,"EUR 1,591 BPCE (REGS) 16-",15.22,CBF&CBL
DE0001102432,"EUR 1,25 BUNDES DEUTSCH (",3.75,CBF&CBL
ES0000012E44,"EUR 0,00 SPAIN, KINGDOM O",6.76,CBF&CBL
XS1978552237,"EUR 0,10 EUROP.INVEST.BK ",0.03,CBF&CBL
XS2023873149,"EUR 1,45 AROUNDTOWN (REGS",5.51,CBF&CBL
IT0005394777,"EUR FL.R INTESA SANPAOLO ",1.97,CBF&CBL
BE0002714955,"EUR 0,125 BELFIUS BANK SA",2.46,CBF&CBL
FR0013522273,"EUR 0,735 DEPARTEM VAL OI",8.23,CBF&CBL
FR0014006UO0,"EUR 1,00 EDF (REGS) 21-20",19.76,CBF&CBL
XS2478690931,"EUR 1,75 SEB (REGS/320) 2",7.50,CBF&CBL
FR001400ALC2,"EUR 2,114 REGION PAYS LOI",8.16,CBF&CBL
DE000NLB4XG8,"EUR 4,25 NORD/LB GZ 23-20",20.73,CBF&CBL
NL0015001R87,"EUR 3,625 NATIONALE NL BA",0.36,CBF&CBL
DE000NLB54S2,"EUR 3,25 NORD/LB GZ 26-20",5.43,CBF&CBL
XS0919246099,"EUR 2,34 KOMMUNEKREDIT (R",8.13,CBF&CBL
DE0003811501,"EUR 0,00 BUNDES DEUTSCH (",1.44,CBF&CBL
EU000A1Z99A1,"EUR 1,80 ESM (REGS) 17-20",3.59,CBF&CBL
DE000CZ40M39,"EUR 1,50 COMMERZBK AG (RE",7.50,CBF&CBL
DE000LB2CJB4,"EUR FL.R LBK BADEN-WUERTT",7.50,CBF&CBL
FR00140028H7,"EUR 0,507 REGION PAYS LOI",5.55,CBF&CBL
BE0002802834,"EUR 1,144 BRUSSELS, REG. ",13.03,CBF&CBL
XS2489808779,"EUR 2,445 ING BANK N.V. (",0.72,CBF&CBL
XS2731508540,"USD 4,40 DZ BANK AG - FFT",7.50,CBF&CBL
IT0005550261,"EUR 0,00 ITALY, REP.OF (B",5.88,CBF&CBL
DE000HEL0J82,"EUR 2,30 LANDESBANK HESS-",9.86,CBF&CBL
FR0000571192,"EUR 0,00 FRANCE (OAT STRI",0.65,CBF&CBL
FR0010070078,"EUR 0,00 FRANCE (OAT PRIN",2.18,CBF&CBL
DE000WLB8ET1,"EUR FL.R ERSTE ABWICKLUNG",0.39,CBF&CBL
ES00000127J3,"EUR 0,00 SPAIN, KINGDOM O",1.85,CBF&CBL
DE000HEL0MJ8,"EUR 2,00 LANDESBANK HESS-",10.99,CBF&CBL
DE000NRW13E1,"EUR FL.R NORDRHEIN-WESTFA",2.36,CBF&CBL
EU000A1HBXS7,"EUR 2,50 EUROPEAN UNION (",0.27,CBF&CBL
FR0011617307,"EUR 2,917 BPIFRANCE (REGS",0.76,CBF&CBL
DE000NLB0RS3,"EUR FL.R NORD/LB GZ (REGS",7.50,CBF&CBL
FR0013383320,"EUR 2,145 SOCIETE GRAND 1",9.05,CBF&CBL
XS1956947532,"EUR 1,20 ASN BANK N.V. (R",2.56,CBF&CBL
BE0002689702,"EUR 0,444 BRUSSELS, REG. ",15.23,CBF&CBL
DE000A2TR6M3,"EUR 0,01 LAND, BRANDENBUR",0.34,CBF&CBL
XS2233120554,"EUR 0,00 LANDWIRT.RENTENB",0.39,CBF&CBL
FR0014001MO8,"EUR 0,01 BPCE (REGS) 21-2",0.83,CBF&CBL
DE000NLB3UQ5,"EUR 0,24 NORD/LB GZ 21-20",7.50,CBF&CBL
XS2434677998,"EUR 0,125 SPAREBNK 1 BOLI",0.46,CBF&CBL
DE000LB34MR8,"EUR 3,26 LBK BADEN-WUERTT",18.82,CBF&CBL
DE000A11QJM4,"EUR 1,25 OLDENBURGISCHE L",0.99,CBF&CBL
DE000SLB8866,"EUR 3,875 LANDESBK SAAR 2",9.70,CBF&CBL
BE0002907880,"EUR 3,034 BRUSSELS, REG. ",0.92,CBF&CBL
BE0002944255,"EUR 3,976 BRUSSELS, REG. ",10.68,CBF&CBL
XS2749769696,"EUR 2,875 JAPANFINANCE OR",6.12,CBF&CBL
DE000DJ9AGJ4,"EUR 2,70 DZ BANK AG - FFT",7.50,CBF&CBL
DE000HCB0B69,"EUR 3,50 HAMBURG COM BK (",7.50,CBF&CBL
FR001400SXM8,"EUR 2,75 CAISSE FCSE DE (",1.52,CBF&CBL
XS2922764191,"EUR 3,875 POLAND, REP.OF ",7.90,CBF&CBL
DE000NLB48S4,"EUR FL.R NORD/LB GZ 25-20",10.60,CBF&CBL
DE000LB599P4,"EUR 2,24 LBK BADEN-WUERTT",7.50,CBF&CBL
XS3154110509,"EUR 3,192 AB SVENSK EXP (",4.62,CBF&CBL
XS3239210324,"EUR FL.R AKTIA BANK PLC (",7.50,CBF&CBL
FR0129570604,"EUR 0,00 BANQUE DE FRANCE",0.05,CBF&CBL
NL0000103455,"EUR 0,00 DUTCH STATE (PRI",0.50,CBF&CBL
DE000RLP0835,"EUR 0,375 RHEINLAND-PFALZ",0.34,CBF&CBL
FR0013249554,"EUR 1,25 HSBC FRANCE 17-2",7.50,CBF&CBL
DE000HLB35Z8,"EUR FL.R LANDESBANK HESS-",15.93,CBF&CBL
FR0013482742,"EUR 0,00 ALPES COTE D AZU",0.72,CBF&CBL
DE000DFK0CM7,"EUR 0,34 DZ BANK AG - FFT",16.46,CBF&CBL
FR0014001I50,"EUR 0,00 VEOLIA ENVT. (RE",5.00,CBF&CBL
BE0002813948,"EUR 0,796 BRUSSELS, REG. ",9.19,CBF&CBL
FR001400KLW9,"EUR 3,375 BPCE SFH (REGS)",0.85,CBF&CBL
FR001400OFI2,"GBP 5,00 BQUE FED.CRED.MU",10.49,CBF&CBL
DE000NLB4753,"EUR 2,25 NORD/LB GZ 25-20",8.05,CBF&CBL
XS3008633888,"GBP 4,75 ABN AMRO BK NV (",10.40,CBF&CBL
DE000NLB51J7,"EUR 2,30 NORD/LB GZ 26-20",8.11,CBF&CBL
FR0129570620,"EUR 0,00 BANQUE DE FRANCE",0.11,CBF&CBL
DE000LFA2543,"EUR 3,25 LFA FRDRBK.BAYER",2.87,CBF&CBL
BE0008519804,"EUR 0,00 BELGIUM, KINGDOM",3.71,CBF&CBL
XS1434650393,"EUR 1,10 SNCF MOBILITES (",3.24,CBF&CBL
DE000BLB40C0,"EUR FL.R BAYERISCH.LANDES",7.50,CBF&CBL
XS1769049096,"EUR 1,565 COOP RABOBK UA ",3.52,CBF&CBL
XS2107302148,"EUR 0,01 DEXIA S.A (REGS/",5.00,CBF&CBL
FR0013515012,"EUR 0,651 CREDIT AGRICOLE",7.50,CBF&CBL
DE000A289PA7,"EUR 0,01 DZ HYP AG (REGS)",0.61,CBF&CBL
FR0014001GV5,"EUR 0,01 CAISSE FCSE DE (",1.59,CBF&CBL
XS2337324359,"EUR 0,36 DZ PRIVATEBK AG ",15.67,CBF&CBL
DE000HLB76J6,"EUR 2,25 LANDESBANK HESS-",7.50,CBF&CBL
DE000NLB4U04,"EUR 3,80 NORD/LB GZ 23-20",15.10,CBF&CBL
AT0000A3FWC3,"EUR 3,00 KOMMUNALKREDIT A",1.27,CBF&CBL
DE000DJ9AWJ1,"EUR 3,00 DZ BANK AG - FFT",17.70,CBF&CBL
XS3117840309,"GBP 5,25 VOLKSWAGEN FIN(N",13.29,CBF&CBL
DE000BYL0G60,"EUR 3,15 BAYERISCH.LANDES",16.03,CBF&CBL
IT0005716805,"EUR 3,00 UNICREDIT SPA (R",1.03,CBF&CBL
IT0004865900,"EUR 5,35 BPER BANCA S.P. ",2.34,CBF&CBL
BE6253136319,"EUR 3,221 COMMUNAUT FRANC",7.02,CBF&CBL
IT0005248171,"EUR 0,00 ITALY, REP.OF (B",11.41,CBF&CBL
FR0013330693,"EUR 1,00 CAISSE FCSE DE (",0.55,CBF&CBL
FR0013355310,"EUR 1,811 CAISSE DES DEPO",10.27,CBF&CBL
XS2589441943,"EUR FL.R LANDESBANK HESS-",1.13,CBF&CBL
DE000A1RQEL5,"EUR 3,415 HESSEN LAND 23-",4.38,CBF&CBL
DE000NLB4XE3,"EUR 3,50 NORD/LB GZ 23-20",2.32,CBF&CBL
DE000LB5LJ92,"EUR 2,80 LBK BADEN-WUERTT",22.09,CBF&CBL
XS2988659632,"USD 4,50 NED.FIN.MAATSCH.",0.59,CBF&CBL
FR0014010RV3,"EUR 3,486 CAISSE FCSE DE ",4.95,CBF&CBL
DE000LB6J0U2,"EUR 2,90 LBK BADEN-WUERTT",16.76,CBF&CBL
DE000A4DFKQ8,"EUR 3,125 DZ HYP AG (REGS",2.64,CBF&CBL
DE000LB67YU7,"EUR 3,40 LBK BADEN-WUERTT",26.69,CBF&CBL
IT0003269013,"EUR 0,00 ITALY, REP.OF (B",2.65,CBF&CBL
IT0003268932,"EUR 0,00 ITALY, REP.OF (B",1.70,CBF&CBL
XS1637394617,"EUR 1,085 COOPERATIEVE RA",7.50,CBF&CBL
XS1685663368,"EUR 1,585 ASN BANK N.V. (",3.42,CBF&CBL
XS1721422902,"EUR 2,875 VODAFONE GROUP ",25.68,CBF&CBL
DE000NWB9056,"EUR 0,00 NRW.BANK (REGS) ",1.98,CBF&CBL
XS2250201329,"EUR 0,00 QUEBEC,PROVINCE ",2.91,CBF&CBL
FR0014000SM1,"EUR 0,397 BOURGOGNE FRANC",11.32,CBF&CBL
DE000A3MQYJ4,"EUR 1,75 LAND BERLIN 22-2",5.81,CBF&CBL
DE000BLB9RY6,"EUR 2,10 BAYERISCH.LANDES",7.50,CBF&CBL
DE000A3SJZQ8,"EUR 2,427 WIRTSCHAFTS-INF",5.57,CBF&CBL
NL0015001DQ7,"EUR 2,50 DUTCH STATE 23-2",1.24,CBF&CBL
DE000NLB45D2,"EUR 3,36 NORD/LB GZ 24-20",22.71,CBF&CBL
DE000DJ9AM54,"EUR 2,40 DZ BANK AG - FFT",7.50,CBF&CBL
FR00140143T9,"EUR 3,128 CREDIT MUTU ARK",13.84,CBF&CBL
DE000A3MQTM8,"EUR FL.R HAMBURG HANSESTA",0.65,CBF&CBL
IT0005709289,"EUR 0,00 ITALY, REP.OF (B",0.31,CBF&CBL
DE000DK8AEG4,"EUR FL.R DEKABANK 11-2031",14.59,CBF&CBL
IT0004976798,"EUR 0,00 ITALY, REP.OF (B",5.77,CBF&CBL
XS1328124893,"EUR 2,375 ABN AMRO BK NV ",26.80,CBF&CBL
FR0013515269,"EUR 0,46 LYON, COMMUNE 20",2.60,CBF&CBL
FR00140028J3,"EUR 0,392 REGION PAYS LOI",4.30,CBF&CBL
FR00140045Q2,"EUR 0,65 SOCIETE GENERALE",2.72,CBF&CBL
FR0014007YI2,"EUR 0,553 CREDIT AGRICOLE",7.50,CBF&CBL
DE000WBP0BK9,"EUR 3,375 WUESTENROT BSPK",0.76,CBF&CBL
DE000BU4Z094,"EUR 0,00 BUNDES DEUTSCH 2",3.32,CBF&CBL
DE000DJ9AHK0,"EUR FL.R DZ BANK AG - FFT",20.15,CBF&CBL
DE000A383EK1,"EUR FL.R INV.UND STR.BK I",7.50,CBF&CBL
DE000A3L2RQ4,"EUR FL.R MERCEDES-BENZ (R",5.00,CBF&CBL
DE000CZ45ZB8,"EUR 2,75 COMMERZBK AG (RE",1.12,CBF&CBL
XS0953199808,"EUR 2,532 ING BANK N.V. (",0.70,CBF&CBL
XS1634536491,"EUR 1,447 DNB BOLIGKREDIT",3.37,CBF&CBL
XS2081058096,"EUR 0,625 KOMMUNEKREDIT (",33.92,CBF&CBL
DE000A2LQZ26,"EUR 0,00 HAMBURGISCHE INV",7.50,CBF&CBL
XS2093705064,"EUR 0,45 ABN AMRO BK NV 1",3.01,CBF&CBL
FR001400IKW5,"EUR 0,55 FRANCE (OAT) 23-",5.95,CBF&CBL
DE000A30VRE4,"EUR 3,375 LANDESBK BERLIN",0.95,CBF&CBL
DE000LB4W4W5,"EUR 2,625 LBK BADEN-WUERT",0.39,CBF&CBL
DE000LB5JMY8,"USD 4,00 LBK BADEN-WUERTT",13.79,CBF&CBL
FR001400ZR04,"EUR 3,375 CAISSE FCSE DE ",2.73,CBF&CBL
DE000MHB67L9,"EUR FL.R MUENCHENER HYPOB",11.49,CBF&CBL
DE000BU0E378,"EUR 0,00 BUNDES DEUTSCH 0",0.07,CBF&CBL
XS1579316362,"EUR 1,557 MUNICIPALITY FI",46.23,CBF&CBL
DE000DDA0ME7,"EUR FL.R DZ BANK AG - FFT",7.50,CBF&CBL
IT0005397028,"EUR 0,25 CA ITALIA SPA (R",0.48,CBF&CBL
AT0000A2GK03,"EUR 0,262 NIEDEROESTERREI",1.80,CBF&CBL
XS2767246148,"GBP 4,25 BNG BANK N.V. (R",1.06,CBF&CBL
DE000DJ9AK72,"EUR 2,70 DZ BANK AG - FFT",9.31,CBF&CBL
DE000DJ9AP69,"EUR 2,05 DZ BANK AG - FFT",10.56,CBF&CBL
FR001400TNN5,"EUR FL.R PARIS, VILLE DE ",2.80,CBF&CBL
DE000SLB8999,"EUR 3,125 LANDESBK SAAR 2",14.16,CBF&CBL
XS3074411524,"EUR 3,50 ITALY, REP.OF 25",3.47,CBF&CBL
FR00140142B9,"EUR 3,307 SOCIETE GEN.SFH",2.27,CBF&CBL
ES0440609537,"EUR FL.R CAIXABANK S.A. 2",0.86,CBF&CBL
EU000A4ESJ04,"EUR 0,00 EUROPEAN UNION 0",0.11,CBF&CBL
BE0008072218,"EUR 0,00 BELGIUM, KINGDOM",6.08,CBF&CBL
BE6248483347,"EUR FL.R BELGIUM, KINGDOM",0.69,CBF&CBL
DE000BLB4062,"EUR FL.R BAYERISCH.LANDES",7.50,CBF&CBL
FR0013285566,"EUR 1,50 ALPES COTE D AZU",4.50,CBF&CBL
DE000A2NB9R0,"EUR 0,75 LAND BERLIN 19-2",2.65,CBF&CBL
DE000A2LQPD9,"EUR 0,01 HAMBURG HANSESTA",0.60,CBF&CBL
DE000DB9U5S4,"EUR FL.R DEUTSCHE BANK AG",7.50,CBF&CBL
XS2528875714,"EUR 2,50 INTL.DEVEL..ASSO",3.16,CBF&CBL
XS2803760359,"EUR 2,75 CNCL.EU DEV.BK (",0.98,CBF&CBL
DE000DJ9AK80,"EUR 3,14 DZ BANK AG - FFT",20.18,CBF&CBL
IT0005633794,"EUR 2,55 ITALY, REP.OF (B",0.21,CBF&CBL
XS1442166366,"EUR 0,539 IBRD-WORLD BANK",1.15,CBF&CBL
DE000SLB8510,"EUR 0,60 LANDESBK SAAR 20",7.50,CBF&CBL
ES0000093452,"EUR 0,714 COM AUTO CANARI",3.39,CBF&CBL
XS2434412859,"EUR 0,375 SPAREBANKEN NOR",1.69,CBF&CBL
DE000DJ9AE13,"EUR FL.R DZ BANK AG - FFT",7.50,CBF&CBL
XS2928593925,"GBP 4,00 L-BANK (REGS) 24",1.14,CBF&CBL
XS2972044163,"GBP 4,375 LANDWIRT.RENTEN",1.43,CBF&CBL
IT0005631541,"EUR FL.R INTESA SANPAOLO ",0.70,CBF&CBL
XS3167394827,"EUR 2,75 SPAREBNK 1 BOLIK",1.78,CBF&CBL
BE0390304732,"EUR 3,00 KBC BANK NV 26-2",1.53,CBF&CBL
XS3420368998,"EUR 3,25 FERROVIE DEL STA",13.36,CBF&CBL
DE000DK0T0J7,"EUR 0,61 DEKABANK (REGS) ",10.83,CBF&CBL
FR0013461688,"EUR 0,50 AFD (REGS) 19-20",5.67,CBF&CBL
DE000NWB2MM0,"EUR 0,1055 NRW.BANK (REGS",9.96,CBF&CBL
BE0002762434,"EUR 0,01 BNP PARIBAS FORT",0.42,CBF&CBL
DE000A3T0YL7,"EUR 2,375 DT. PFANDBRIEFB",6.23,CBF&CBL
FR0014009UW7,"EUR 1,397 BNP PARIBAS HOM",0.37,CBF&CBL
ES0413679533,"EUR FL.R BANKINTER (REGS)",0.78,CBF&CBL
DE000HLB53M9,"EUR 3,00 LANDESBANK HESS-",7.99,CBF&CBL
DE000DJ9AFC1,"EUR FL.R DZ BANK AG - FFT",17.74,CBF&CBL
XS2804679871,"EUR 3,14 ACHMEA BANK N.V ",0.89,CBF&CBL
DE000LB6A069,"EUR 2,30 LBK BADEN-WUERTT",10.34,CBF&CBL
FR0010482604,"EUR 0,00 FRANCE (OAT STRI",3.82,CBF&CBL
DE000NLB9AH3,"EUR FL.R NORD/LB GZ (REGS",7.50,CBF&CBL
DE000DK0T0V2,"EUR 0,705 DEKABANK 19-203",18.92,CBF&CBL
FR0013524014,"EUR 0,10 FRANCE (REGS OAT",4.96,CBF&CBL
DE000A2GS4H2,"EUR 0,30 SAECHS.AUFBAUBK ",39.05,CBF&CBL
FR0014001MX9,"GBP 0,875 BQUE FED.CRED.M",7.50,CBF&CBL
XS1107512227,"EUR 2,45 INVESTOR AB (REG",19.29,CBF&CBL
FR001400DLI3,"EUR 3,25 AGENCE FRANCE LO",3.31,CBF&CBL
BE0002919000,"EUR 3,564 BRUSSELS, REG. ",8.02,CBF&CBL
DE000A351PK4,"EUR FL.R LAND BERLIN 24-2",0.67,CBF&CBL
DE000DJ9ARW4,"EUR 2,35 DZ BANK AG - FFT",7.95,CBF&CBL
FR0014012II5,"EUR 3,50 FRANCE 25-2035",1.87,CBF&CBL
XS3332391757,"EUR 3,125 ING BANK N.V. (",1.53,CBF&CBL
XS0100373017,"EUR 0,00 LBB FINANCE (EIR",9.85,CBF&CBL
XS1048424375,"EUR 3,08 UNIBAIL-ROD WES ",19.23,CBF&CBL
DE000HLB4J84,"EUR 2,82 LANDESBANK HESS-",2.19,CBF&CBL
XS1960477864,"EUR 1,384 ROYAL BK.CANADA",3.84,CBF&CBL
DE000NRW0LT3,"EUR 3,60 NORDRHEIN-WESTFA",1.99,CBF&CBL
FR0013417334,"EUR 0,875 CREDIT AGR HOME",2.36,CBF&CBL
ES0000012D78,"EUR 0,00 SPAIN, KINGDOM O",9.82,CBF&CBL
XS2553554812,"EUR 2,75 NEDERLAND.WATER.",0.43,CBF&CBL
EU000A3K4D41,"EUR 3,25 EUROPEAN UNION (",1.63,CBF&CBL
DE000A351NR4,"EUR 3,125 DEUTSCHE BANK A",0.36,CBF&CBL
FR001400JMK4,"EUR 3,436 CREDIT AGRICOLE",2.56,CBF&CBL
DE000LB4W5H3,"EUR 3,171 LBK BADEN-WUERT",22.06,CBF&CBL
XS3091698244,"EUR 2,375 DNB BOLIGKREDIT",1.28,CBF&CBL
XS3095453208,"USD 4,666 NEDERLAND.WATER",2.72,CBF&CBL
DE000AAR0470,"EUR 2,625 AAREAL BK AG. (",1.48,CBF&CBL
DE000LB6E301,"EUR 2,90 LBK BADEN-WUERTT",21.29,CBF&CBL
DE000LB67YS1,"EUR 3,30 LBK BADEN-WUERTT",22.90,CBF&CBL
FR0011349034,"EUR 3,02 PARIS, VILLE DE ",2.13,CBF&CBL
XS0887582186,"EUR 3,55 E.ON INTL.FIN. (",27.28,CBF&CBL
XS1551068676,"EUR 1,50 ENI SPA (REGS/21",5.00,CBF&CBL
DE000MHB4214,"EUR 0,15 MUENCHENER HYPOB",1.39,CBF&CBL
DE0001102531,"EUR 0,00 BUNDES DEUTSCH (",1.00,CBF&CBL
DE000DW6C5D7,"EUR 3,96 DZ BANK AG - FFT",15.04,CBF&CBL
FR001400NGT9,"EUR 3,125 LA BQE POST HOM",2.13,CBF&CBL
XS2802887211,"GBP 4,125 OEST.KONTROLLBK",1.25,CBF&CBL
DE000HV2A0L0,"EUR 2,625 UNICREDIT BANK ",1.17,CBF&CBL
XS3094548123,"EUR 3,002 OTP MORTG.BK LT",2.52,CBF&CBL
DE000A30V4D4,"EUR FL.R BREMEN HANSTADT ",0.88,CBF&CBL
DE000NRW0P73,"EUR 2,75 NORDRHEIN-WESTFA",2.04,CBF&CBL
AT0000A303B8,"EUR 2,40 ERSTE GR.BK AG (",7.50,CBF&CBL
FR0010372052,"EUR 0,00 FRANCE (OAT STRI",2.05,CBF&CBL
IT0004848484,"EUR 0,00 ITALY, REP.OF (B",1.83,CBF&CBL
FR0011504323,"EUR 2,355 BPCE SFH 13-202",0.65,CBF&CBL
XS1190624038,"EUR 1,25 STATOIL ASA (REG",5.00,CBF&CBL
DE000A2GSEY5,"EUR 0,75 SSPK.MUENCHEN (R",0.47,CBF&CBL
FR0013279635,"EUR 1,25 CREDIT AGRICOLE ",7.50,CBF&CBL
DE000A2TSDQ6,"EUR 1,127 THUERINGEN, FRE",6.06,CBF&CBL
DE000LB35XY8,"EUR 2,30 LBK BADEN-WUERTT",7.50,CBF&CBL
DE000A3MQYH8,"EUR FL.R LAND BERLIN 22-2",0.39,CBF&CBL
FR001400N5A7,"EUR 2,75 CRH (REGS) 24-20",0.80,CBF&CBL
DE000DJ9AL30,"EUR 2,85 DZ BANK AG - FFT",12.77,CBF&CBL
DE000CZ45Y71,"EUR FL.R COMMERZBK AG (RE",0.35,CBF&CBL
DK0009416976,"EUR 2,50 JYSKE REALKREDI ",0.79,CBF&CBL
DE000NLB51X8,"EUR 2,25 NORD/LB GZ 25-20",0.77,CBF&CBL
DE000A3MQTH8,"EUR 3,375 HAMBURG HANSEST",4.02,CBF&CBL
DE000DP9BLJ4,"EUR FL.R DZ BANK AG - FFT",21.90,CBF&CBL
EU000A1G6TV9,"EUR 2,875 EUROPEAN UNION ",0.36,CBF&CBL
ES0000101834,"EUR 2,084 COMUN.DE MADRID",1.08,CBF&CBL
XS2227906034,"EUR 0,05 MUNICIPALITY FIN",26.95,CBF&CBL
XS2250024010,"EUR 0,375 INVESTOR AB (RE",19.76,CBF&CBL
DE000A30V6W9,"EUR FL.R LAND, BRANDENBUR",0.34,CBF&CBL
BE6340780848,"EUR FL.R BRUSSELS, REG. O",2.83,CBF&CBL
DE000NLB40Z6,"EUR 3,50 NORD/LB GZ 24-20",20.91,CBF&CBL
IT0005550352,"EUR 0,00 ITALY, REP.OF (B",7.22,CBF&CBL
DE000DKB0531,"EUR 3,00 DEUTSCHE KREDITB",1.29,CBF&CBL
FR001400WR49,"EUR 3,65 REG. ILE DE FRAN",3.32,CBF&CBL
DE000DJ9ATS8,"EUR 2,48 DZ BANK AG - FFT",7.50,CBF&CBL
XS3091296445,"USD 4,00 KOMM.INV.I SVERI",7.50,CBF&CBL
XS3187827251,"EUR 2,75 NEDERLAND.WATER.",1.99,CBF&CBL
DE000A5ENMS9,"EUR 3,625 BREMEN HANSTADT",4.00,CBF&CBL
XS3364763212,"EUR 3,25 LLOYDS BANK PLC ",1.94,CBF&CBL
ES0000012031,"EUR 0,00 SPAIN, KINGDOM O",0.58,CBF&CBL
DE000A11P8P0,"EUR 1,02 SAARLAND 15-2030",1.37,CBF&CBL
XS1769091296,"EUR 1,625 UNILEVER FIN BV",15.37,CBF&CBL
AT0000A2N837,"EUR 0,25 ERSTE GR.BK AG (",14.91,CBF&CBL
FR0014004628,"EUR 0,648 SYCTOM LAGENCE ",9.39,CBF&CBL
FR0014007PY7,"EUR 0,625 CAISSE FCSE DE ",4.31,CBF&CBL
AT0000A2VLR3,"EUR 1,50 OBERBANK AG(AT) ",1.01,CBF&CBL
IT0005580771,"EUR 3,375 BANCO BPM S.P.A",1.19,CBF&CBL
XS3187006302,"EUR 2,50 ASFINAG(AT) (REG",1.71,CBF&CBL
XS3512752604,"USD 0,00 EUROP.INVEST.BK ",0.37,CBF&CBL
FR0013154192,"EUR 0,00 FRANCE (OAT STRI",6.55,CBF&CBL
FR0013184447,"EUR 1,199 DEPARTEM VAL OI",3.30,CBF&CBL
FR0013420957,"EUR 0,091 BNP PARIBAS HOM",3.23,CBF&CBL
SK4000015475,"EUR 0,50 VSEOB. UVEROVA B",1.28,CBF&CBL
DE000LB2BGG1,"EUR 0,15 LBK BADEN-WUERTT",16.62,CBF&CBL
XS2495966637,"EUR 2,50 VAN LANSCHOT KE ",0.50,CBF&CBL
DE000DJ9ADE2,"EUR 3,55 DZ BANK AG - FFT",25.38,CBF&CBL
XS2745726047,"EUR 4,00 VOLKSWAGEN LEASI",12.75,CBF&CBL
XS2752052063,"EUR 3,00 RAIF.LBK NIEDERO",0.36,CBF&CBL
BE0390111749,"EUR 2,99 BRUSSELS, REG. O",2.44,CBF&CBL
IT0005550311,"EUR 0,00 ITALY, REP.OF (B",6.49,CBF&CBL
DE000A4DE2N1,"EUR FL.R IB SCHLESWIG-HOL",7.50,CBF&CBL
EU000A4D5QM6,"EUR 2,625 EUROPEAN UNION ",0.44,CBF&CBL
DE000A1RQEU6,"EUR FL.R HESSEN LAND 24-2",0.49,CBF&CBL
FR001401B5Y0,"EUR FL.R L OREAL SA 26-20",5.00,CBF&CBL
IT0004532559,"EUR 5,00 ITALY, REP.OF (R",4.05,CBF&CBL
XS0735918723,"EUR 4,00 HYPO NOE GRUPPE ",1.06,CBF&CBL
DE000NLB8GB5,"EUR FL.R NORD/LB GZ 15-20",12.37,CBF&CBL
DE000DK0EQ38,"EUR FL.R DEKABANK 16-2031",14.06,CBF&CBL
BE6308603149,"EUR 1,21 WALLONE, REGION ",1.44,CBF&CBL
XS2050980114,"EUR 1,30 BIL LUXEMBOURG S",7.50,CBF&CBL
DE000A2TR6Q4,"EUR 0,00 LAND, BRANDENBUR",1.39,CBF&CBL
DE000NRW0MM6,"EUR 2,35 NORDRHEIN-WESTFA",1.55,CBF&CBL
AT0000A2HQ30,"EUR 0,01 EB UND HYPO 20-2",0.79,CBF&CBL
XS2338991941,"EUR 0,25 QUEBEC,PROVINCE ",3.26,CBF&CBL
DE000DW6C896,"EUR 3,40 DZ BANK AG - FFT",7.50,CBF&CBL
IT0005652828,"EUR FL.R ITALY, REP.OF 25",3.38,CBF&CBL
DE000HEL0LA9,"EUR 2,50 LANDESBANK HESS-",13.16,CBF&CBL
FR0010809749,"EUR 0,00 FRANCE (OAT STRI",3.09,CBF&CBL
DE000LB1P3L2,"EUR FL.R LBK BADEN-WUERTT",7.50,CBF&CBL
XS1910255477,"EUR 1,62 ASN BANK N.V. (R",3.70,CBF&CBL
XS1967636199,"EUR 3,00 ABERTIS INFRAES ",12.81,CBF&CBL
XS2010045198,"EUR 0,25 SCHLUMBERGER FIN",5.00,CBF&CBL
DE000DDA0Y38,"EUR 0,00 DZ BANK AG - FFT",39.51,CBF&CBL
DE000SLB0GB7,"EUR 0,65 LANDESBK SAAR 20",27.95,CBF&CBL
XS2407024798,"EUR 0,204 DZ PRIVATEBK AG",11.00,CBF&CBL
DE000NLB4TH4,"EUR 3,50 NORD/LB GZ 23-20",7.50,CBF&CBL
DE000A3513R0,"EUR 2,471 LAND BERLIN (RE",2.27,CBF&CBL
FR001400ZY21,"GBP 4,25 CAISSE DES DEPOT",1.09,CBF&CBL
XS3106088407,"USD 3,50 DZ BK AG (REGS/A",7.50,CBF&CBL
DE000BYL0EG3,"EUR 3,175 BAYERISCH.LANDE",19.78,CBF&CBL
DE000CZ46CW1,"EUR 3,33 COMMERZBK AG (RE",15.29,CBF&CBL
FR001401AM98,"EUR FL.R CREDIT AGR HOME ",0.37,CBF&CBL
DE0001142263,"EUR 0,00 BRD 05-2037",2.45,CBF&CBL
XS1542177545,"EUR 4,00 TEL.EMISIONES SA",34.31,CBF&CBL
IT0005387052,"EUR 0,40 ITALY, REP.OF (R",3.05,CBF&CBL
FR0013463676,"EUR 0,75 ESSILORLUXOTTIC ",13.00,CBF&CBL
FR0013483914,"EUR 1,00 SOCIETE GRAND (R",9.21,CBF&CBL
XS2149308970,"EUR 1,413 PROV OF ALBERTA",7.90,CBF&CBL
DE0001053593,"EUR 0,01 BAYERN, FREISTAA",2.56,CBF&CBL
DE000A351TS9,"EUR 3,386 KREISSPARK GOEP",4.04,CBF&CBL
DE000NLB4X84,"EUR 2,60 NORD/LB GZ 24-20",7.50,CBF&CBL
BE0390105683,"EUR 2,875 BELFIUS BANK SA",1.49,CBF&CBL
FR0010809673,"EUR 0,00 FRANCE (OAT STRI",2.47,CBF&CBL
XS1508566558,"EUR 2,00 POLAND, REP.OF (",11.64,CBF&CBL
IT0005425233,"EUR 1,70 ITALY, REP.OF (R",5.81,CBF&CBL
DE000MHB63N4,"EUR 0,047 MUENCHENER HYPO",14.12,CBF&CBL
DE000A2GSSJ6,"EUR 0,35 WIRTSCHAFTS-INFR",4.27,CBF&CBL
AT0000A3DZE7,"EUR 3,206 NIEDEROESTERREI",3.22,CBF&CBL
DE000A383XY2,"EUR FL.R NIEDERSACHSEN LA",1.38,CBF&CBL
DE000LB5USA2,"EUR 2,45 LBK BADEN-WUERTT",8.81,CBF&CBL
XS2998909613,"USD 4,625 L-BANK (REGS/56",1.56,CBF&CBL
DE000LB51CX1,"EUR 3,25 LBK BADEN-WUERTT",27.93,CBF&CBL
XS3104454106,"EUR 2,50 SWEDBANK MORTGAG",1.29,CBF&CBL
XS3217498875,"EUR 2,50 PACCAR FIN.EURO ",5.64,CBF&CBL
XS3248212444,"GBP FL.R ABN AMRO BK NV (",7.50,CBF&CBL
ES0000093148,"EUR 5,75 COMUNIDAD AUTO D",2.06,CBF&CBL
FR0010482646,"EUR 0,00 FRANCE (OAT STRI",6.25,CBF&CBL
AT0000A0YEH7,"EUR 3,21 BKS BANK AG 13-2",0.51,CBF&CBL
FR0013233459,"EUR 1,657 BPCE (REGS) 17-",22.59,CBF&CBL
XS1639913067,"EUR 2,00 IRELAND, REP OF ",10.89,CBF&CBL
BE6301918221,"EUR 1,674 COMMUNAUT FRANC",6.61,CBF&CBL
DE000A2E4UF7,"EUR 1,05 L-BANK (MBS) 18-",1.75,CBF&CBL
FR0013476207,"EUR 0,625 BPCE (REGS) 20-",11.53,CBF&CBL
XS2147977636,"EUR 2,25 HEINEKEN NV (REG",10.39,CBF&CBL
XS2384726449,"EUR 1,25 MONDELEZ INTL (R",33.88,CBF&CBL
DE000NRW0NF8,"EUR 2,00 NORDRHEIN-WESTFA",1.98,CBF&CBL
XS2625986836,"EUR 2,875 KOMM.INV.I SVER",11.20,CBF&CBL
DE000LB5Y7T1,"EUR 3,10 LBK BADEN-WUERTT",28.49,CBF&CBL
DE000A1RQE67,"EUR FL.R HESSEN LAND 25-2",0.75,CBF&CBL
DE000A383U41,"EUR 3,125 SAARLAND 26-203",1.88,CBF&CBL
XS3481696618,"USD 4,25 BNG BANK N.V. (R",0.71,CBF&CBL
XS0858598898,"EUR 3,50 E.ON INTL.FIN. (",27.05,CBF&CBL
XS1586228824,"EUR 1,50 BNG BANK N.V. (R",3.53,CBF&CBL
DE000DDA0PU6,"EUR 0,725 DZ BANK AG - FF",7.50,CBF&CBL
AT0000A2KDQ5,"EUR 0,40 NIEDEROESTERREIC",9.42,CBF&CBL
DE000NLB3PW3,"EUR 0,125 NORD/LB GZ 21-2",7.50,CBF&CBL
DE000BLB9TA2,"EUR 3,30 BAYERISCH.LANDES",7.50,CBF&CBL
DE000A14JZV0,"EUR 1,65 BADEN-WUERTTEMBE",2.52,CBF&CBL
DE0001053767,"EUR 3,22 BAYERN, FREISTAA",2.18,CBF&CBL
DE000CZ45YB1,"EUR 3,00 COMMERZBK AG (RE",2.17,CBF&CBL
FR001400PGU2,"EUR 3,776 DEPT DE LA GIRO",6.77,CBF&CBL
DE000LB5L3W9,"EUR 2,79 LBK BADEN-WUERTT",14.35,CBF&CBL
DE000BYL0CY0,"EUR 2,15 BAYERISCH.LANDES",7.50,CBF&CBL
FR0014011DH0,"EUR 3,635 CREDIT MUTU ARK",24.42,CBF&CBL
DE000DJ9AZK2,"EUR 2,35 DZ BANK AG - FFT",16.32,CBF&CBL
DE000NLB54B8,"EUR 2,24 NORD/LB GZ 25-20",0.84,CBF&CBL
XS3241318339,"EUR 2,99 AUSTRIA, REP.OF ",6.83,CBF&CBL
DE000LB6K3X7,"EUR 3,20 LBK BADEN-WUERTT",21.62,CBF&CBL
XS3338901781,"USD 4,235 DNB BOLIGKREDIT",1.47,CBF&CBL
XS3391770743,"EUR 3,125 NORDIC INVEST.B",1.35,CBF&CBL
DE000LFA1743,"EUR 0,75 LFA FRDRBK.BAYER",0.38,CBF&CBL
XS1878266326,"EUR 1,375 STEDIN HLD N.V ",5.28,CBF&CBL
DE000LB13AB1,"EUR FL.R LBK BADEN-WUERTT",7.50,CBF&CBL
DE000A254YU1,"EUR 0,01 HAMBURGER SPARK.",0.48,CBF&CBL
XS2396616455,"EUR 0,01 HYPO VORARLBERG ",1.08,CBF&CBL
XS2435614693,"EUR 0,375 BK.NOVA SCOTIA ",1.37,CBF&CBL
DE000NLB4YV5,"EUR 2,90 NORD/LB GZ 24-20",7.95,CBF&CBL
DE000DJ9AEE0,"EUR 2,85 DZ BANK AG - FFT",11.56,CBF&CBL
DE000SLB8924,"EUR 3,67 LANDESBK SAAR 24",21.85,CBF&CBL
XS2823302026,"GBP 4,75 TOYOTA MOTO.FIN.",7.96,CBF&CBL
XS3205725255,"EUR 3,172 MBH MORTGAGE BK",2.94,CBF&CBL
FR0014019UO3,"EUR 4,375 AFD (REGS) 26-2",7.00,CBF&CBL
ES00000125L3,"EUR 0,00 SPAIN, KINGDOM O",0.48,CBF&CBL
DE000A2GSR39,"EUR 0,01 WIRTSCHAFTS-INFR",0.50,CBF&CBL
DE000HLB2WY5,"USD 1,07 LANDESBANK HESS-",7.50,CBF&CBL
XS2306082293,"EUR 0,95 WPC EURO. (SEC) ",11.02,CBF&CBL
DE000NLB3VK6,"EUR 0,525 NORD/LB GZ 22-2",16.81,CBF&CBL
AT0000A2T487,"EUR 0,01 KOMMUNALKREDIT A",0.94,CBF&CBL
AT0000A2VKS3,"EUR 0,73 ERSTE GR.BK AG 2",7.50,CBF&CBL
DE000DJ9ACW6,"EUR FL.R DZ BANK AG - FFT",19.54,CBF&CBL
AT0000A3D471,"EUR 3,15 ERSTE GR.BK AG (",20.28,CBF&CBL
DE000HEL0FL8,"EUR 2,40 LANDESBANK HESS-",8.87,CBF&CBL
DE000HEL0PP8,"EUR 2,35 LANDESBANK HESS-",10.83,CBF&CBL
DE000A351UR9,"EUR 2,75 LAND, BRANDENBUR",2.02,CBF&CBL
XS3277825330,"EUR 2,37 L-BANK (5706) 26",1.13,CBF&CBL
FI4000599006,"EUR 2,625 SUOMEN HYPOTEEK",1.29,CBF&CBL
FR0014018K40,"EUR 3,625 AGENCE FRANCE L",4.22,CBF&CBL
XS1352028432,"EUR 1,618 NATIONWIDE BS (",4.25,CBF&CBL
DE000BLB4SR9,"EUR FL.R BAYERISCH.LANDES",7.50,CBF&CBL
AT0000A21LC4,"EUR 1,38 ERSTE GR.BK AG 1",18.44,CBF&CBL
FR0013389343,"EUR 1,536 BPCE (REGS) 18-",3.74,CBF&CBL
AT0000A26Z69,"EUR 0,834 ERDOL LAGER 19-",5.96,CBF&CBL
XS2263647062,"EUR 0,28 AKTIA BANK PLC (",7.50,CBF&CBL
XS2297882644,"EUR 0,125 VATTENFALL AB (",7.33,CBF&CBL
DE000NLB4YA9,"EUR 2,80 NORD/LB GZ 24-20",7.71,CBF&CBL
DE000NLB44P9,"EUR 2,80 NORD/LB GZ 24-20",7.50,CBF&CBL
FR001400ZPR8,"EUR 2,375 CADES (REGS) 25",0.94,CBF&CBL
XS1758696972,"EUR 1,51 DNB BOLIGKREDIT ",3.52,CBF&CBL
DE000LB2CKZ1,"EUR FL.R LBK BADEN-WUERTT",9.49,CBF&CBL
DE000SLB1416,"EUR 0,01 LANDESBK SAAR 20",0.71,CBF&CBL
DE000DFK0BB2,"EUR 0,75 DZ BANK AG - FFT",12.88,CBF&CBL
FR00140070G1,"EUR 0,963 PARIS, VILLE DE",12.44,CBF&CBL
BE0002856376,"EUR 1,375 BELFIUS BANK SA",0.36,CBF&CBL
EU000A3K4DP2,"EUR 1,75 EUROPEAN UNION (",1.69,CBF&CBL
DE000LB4J859,"EUR 2,85 LBK BADEN-WUERTT",7.50,CBF&CBL
XS2694863841,"EUR 3,25 LANDWIRT.RENTENB",2.26,CBF&CBL
IT0005584849,"EUR 3,35 ITALY, REP.OF (B",1.52,CBF&CBL
XS2802866728,"EUR 3,125 PROV OF ALBERTA",3.31,CBF&CBL
DE000LB5CX95,"EUR 2,50 LBK BADEN-WUERTT",16.20,CBF&CBL
FR001400WS97,"EUR 2,75 CREDIT AGRICOLE ",0.98,CBF&CBL
DE000LB599Z3,"EUR 1,80 LBK BADEN-WUERTT",7.50,CBF&CBL
DE000LB6GLZ1,"EUR 1,80 LBK BADEN-WUERTT",7.50,CBF&CBL
SI0002105292,"EUR 3,00 SLOVENIA REP.OF ",1.60,CBF&CBL
DE000HV2A193,"EUR 3,55 UNICREDIT BANK (",2.89,CBF&CBL
FR0013154226,"EUR 0,00 FRANCE (OAT STRI",7.29,CBF&CBL
BE6287334856,"EUR 1,59 WALLONE, REGION ",5.96,CBF&CBL
FR0013359254,"EUR 1,625 SUEZ SA (REGS) ",11.71,CBF&CBL
XS1955187858,"EUR 1,25 SIEMENS FIN.NL (",10.25,CBF&CBL
DE000A254PP9,"EUR 0,00 KFW (REGS) 20-20",0.39,CBF&CBL
DE000DDA0YW4,"EUR 0,55 DZ BANK AG - FFT",7.50,CBF&CBL
FR0014009O62,"EUR 1,25 FRANCE (REGS OAT",2.45,CBF&CBL
FR001400JME7,"EUR 3,377 CREDIT AGRICOLE",1.96,CBF&CBL
DE000DW6DA44,"EUR 4,57 DZ BANK AG - FFT",33.90,CBF&CBL
DE000A351264,"EUR 3,92 DEUTSCHE BANK AG",29.89,CBF&CBL
DE000BU2Z031,"EUR 2,60 BUNDES DEUTSCH 2",1.53,CBF&CBL
DE000DJ9AWN3,"EUR FL.R DZ BANK AG - FFT",11.36,CBF&CBL
DE000CZ45Z47,"EUR 2,60 COMMERZBK AG 25-",10.31,CBF&CBL
AT0000A3H1Y2,"EUR 2,50 ERSTE GR.BK AG 2",11.00,CBF&CBL
XS3218654021,"EUR 3,264 NORDEA BK ABP (",27.53,CBF&CBL
DE000HEL0UM5,"EUR 2,00 LANDESBANK HESS-",7.50,CBF&CBL
FR0014019RX0,"EUR 3,375 BPIFRANCE (REGS",3.98,CBF&CBL
DE000LB664J9,"EUR 3,25 LBK BADEN-WUERTT",26.69,CBF&CBL
DE000LB4XHY2,"EUR 3,25 LBK BADEN-WUERTT",1.50,CBF&CBL
BE0001734855,"EUR 1,717 WALLONE, REGION",6.58,CBF&CBL
FR0013154127,"EUR 0,00 FRANCE (OAT STRI",5.75,CBF&CBL
DE000NRW0LV9,"EUR 0,80 NORDRHEIN-WESTFA",6.70,CBF&CBL
ES0001353475,"EUR 0,55 COMUNIDAD NAVARR",4.04,CBF&CBL
IT0005433195,"EUR 0,95 ITALY, REP.OF (R",3.80,CBF&CBL
DE000LFA2006,"EUR 1,875 LFA FRDRBK.BAYE",1.91,CBF&CBL
BE0002849306,"EUR 1,375 WALLONE, REGION",3.00,CBF&CBL
XS2577054716,"EUR 4,00 LANSFORSAKRINGA ",7.50,CBF&CBL
DE000DW6C375,"EUR 3,00 DZ BANK AG - FFT",7.50,CBF&CBL
EU000A3K4EN5,"EUR 3,125 EUROPEAN UNION ",0.56,CBF&CBL
DE000LB5CX53,"EUR 2,15 LBK BADEN-WUERTT",7.50,CBF&CBL
DE000LB51ZH5,"EUR 2,32 LBK BADEN-WUERTT",7.50,CBF&CBL
DE000DP9BKA5,"EUR FL.R DZ BANK AG - FFT",20.71,CBF&CBL
FR0011627868,"EUR 3,50 METROPOLE D AIX ",1.52,CBF&CBL
IT0005491250,"EUR FL.R ITALY, REP.OF (C",1.97,CBF&CBL
DE000A30V232,"EUR 3,125 INVESTITIONSBK ",1.80,CBF&CBL
DE000NLB4YG6,"EUR 3,40 NORD/LB GZ 24-20",20.43,CBF&CBL
DE000DJ9AND3,"EUR FL.R DZ BANK AG - FFT",11.94,CBF&CBL
XS3070628014,"EUR 2,375 SPAREBNK 1 BOLI",1.17,CBF&CBL
DE000NRW0P57,"EUR 2,35 NORDRHEIN-WESTFA",1.46,CBF&CBL
DE000HV2A0S5,"EUR 2,27 UNICREDIT BANK 2",7.50,CBF&CBL
DE000LB64FZ2,"EUR 3,25 LBK BADEN-WUERTT",24.64,CBF&CBL
DE000NLB6154,"EUR FL.R NORD/LB GZ 11-20",13.87,CBF&CBL
BE6247180894,"EUR 3,62 SPGE 13-2033",16.59,CBF&CBL
XS0948350110,"EUR FL.R LAND SACHSEN ANH",0.39,CBF&CBL
FR0013330156,"EUR 1,483 CAISSE FCSE DE ",3.58,CBF&CBL
AT0000A286W1,"EUR 0,875 ERSTE GR.BK AG ",2.37,CBF&CBL
DE000A1RQDT0,"EUR 0,221 HESSEN LAND 20-",1.76,CBF&CBL
FI4000466412,"EUR 0,01 OMA SAVINGS BANK",0.41,CBF&CBL
XS2353057123,"EUR 0,10 ASIAN DEV.BK 21-",1.58,CBF&CBL
DE000A30V2V0,"EUR 3,00 DEUTSCHE BANK AG",0.53,CBF&CBL
DE000A351LE6,"EUR 3,25 INVESTITIONSBK D",10.62,CBF&CBL
DE000A2LQZ75,"EUR 2,875 HAMBURGISCHE IN",18.26,CBF&CBL
XS2830444324,"EUR 3,00 KOMM.INV.I SVERI",7.50,CBF&CBL
BE6356934396,"EUR 2,50 ARGENTA SPAARBAN",0.38,CBF&CBL
DE000HV2A0M8,"EUR 3,10 UNICREDIT BANK 2",2.45,CBF&CBL
DE000A3MQTJ4,"EUR FL.R HAMBURG HANSESTA",0.38,CBF&CBL
DE000DJ9A0J1,"EUR 2,205 DZ BANK AG - FF",7.50,CBF&CBL
DE000LB63VW8,"EUR 2,85 LBK BADEN-WUERTT",9.49,CBF&CBL
DE000A46Z767,"EUR 3,54 LAND SACHSEN ANH",0.98,CBF&CBL
DE000A351UV1,"EUR 3,625 LAND, BRANDENBU",1.45,CBF&CBL
FR0010809491,"EUR 0,00 FRANCE (OAT STRI",4.54,CBF&CBL
DE000NRW2145,"EUR 2,27 NORDRHEIN-WESTFA",0.62,CBF&CBL
FR0013179249,"EUR 1,277 BPCE (BANQUE PO",3.25,CBF&CBL
XS1616594104,"EUR 1,95 NIEDEROESTERREIC",6.92,CBF&CBL
XS1693853944,"EUR 0,75 DEUT.APOTHEKER (",0.36,CBF&CBL
DE000DG4UEV6,"EUR FL.R DZ BANK AG - FFT",7.50,CBF&CBL
FR0013381415,"EUR 0,85 ALPES COTE D AZU",0.81,CBF&CBL
XS2148390755,"EUR 1,50 NESTLE FINANCE L",8.24,CBF&CBL
DE000LB3PJP4,"EUR 3,23 LBK BADEN-WUERTT",8.65,CBF&CBL
FR001400EI59,"EUR 2,893 CAISSE FCSE DE ",3.48,CBF&CBL
DE000DJ9AC56,"EUR 3,15 DZ BANK AG - FFT",11.24,CBF&CBL
FR001400RH06,"EUR 3,375 BPIFRANCE (REGS",4.59,CBF&CBL
DE000NRW0P08,"EUR 3,19 NORDRHEIN-WESTFA",2.11,CBF&CBL
DE000LB6SWF5,"EUR 2,90 LBK BADEN-WUERTT",22.22,CBF&CBL
IT0005730681,"EUR 0,00 ITALY, REP.OF (B",0.50,CBF&CBL
DE000HV2AKP8,"EUR 2,71 UNICREDIT BANK 1",3.55,CBF&CBL
XS1514051694,"EUR 1,00 SNCF RESEAU (REG",2.22,CBF&CBL
IT0005283491,"EUR 1,125 UBI BANCA S.P.A",0.37,CBF&CBL
XS1748236699,"EUR 0,75 BNG BANK N.V. (R",0.50,CBF&CBL
AT0000A272A7,"EUR 1,54 ERSTE GR.BK AG (",23.01,CBF&CBL
DE000DDA0XZ9,"EUR 0,215 DZ BANK AG - FF",7.50,CBF&CBL
FR0014006H23,"EUR 0,34 OCCITANIE, REG (",2.93,CBF&CBL
XS2462606489,"EUR 0,875 KOMM.INV.I SVER",9.34,CBF&CBL
XS2486282358,"EUR 3,00 BANK GOSPODARSTW",9.28,CBF&CBL
DE000NWB1W44,"EUR 3,50 NRW.BANK 23-2038",4.33,CBF&CBL
XS2744121869,"EUR 3,125 TOYOTA MOTO.FIN",5.00,CBF&CBL
DE000NLB43N6,"EUR 3,65 NORD/LB GZ 24-20",12.20,CBF&CBL
DE000LB5KB18,"EUR 2,35 LBK BADEN-WUERTT",8.39,CBF&CBL
DE000LB53613,"EUR 3,05 LBK BADEN-WUERTT",18.82,CBF&CBL
DE000LB52L16,"EUR 2,40 LBK BADEN-WUERTT",9.18,CBF&CBL
XS3155732541,"EUR FL.R TOYOTA MOTO.FIN.",5.00,CBF&CBL
DE000LB4XCR7,"EUR 3,383 LBK BADEN-WUERT",25.32,CBF&CBL
DE000DJ9A065,"EUR 2,80 DZ BANK AG - FFT",26.03,CBF&CBL
XS3299537426,"EUR 3,002 ING BANK N.V. (",2.41,CBF&CBL
FR0014018XB6,"EUR 3,125 BPCE SFH (REGS)",1.86,CBF&CBL
FR0129704096,"EUR 0,00 BANQUE DE FRANCE",0.04,CBF&CBL
ES00000120N0,"EUR 4,90 SPAIN, KINGDOM O",3.72,CBF&CBL
BE0002426014,"EUR 2,735 BELFIUS BANK SA",1.82,CBF&CBL
AT0000A26AR4,"EUR 1,20 ERSTE GR.BK AG (",8.75,CBF&CBL
DE0001030583,"EUR FL.R BUNDES DEUTSCH 2",2.73,CBF&CBL
AT0000A2JSN2,"EUR 0,85 EVN AG (REGS) 20",21.13,CBF&CBL
DE000SLB8668,"EUR 0,50 LANDESBK SAAR 21",17.38,CBF&CBL
DE000A3MQPN4,"EUR XXX L-BANK (REGS) 22-",2.47,CBF&CBL
BE0002918994,"EUR 3,537 BRUSSELS, REG. ",8.73,CBF&CBL
BE0002945260,"EUR 3,976 BRUSSELS, REG. ",9.89,CBF&CBL
DE000NLB4YZ6,"EUR 3,33 NORD/LB GZ 24-20",16.08,CBF&CBL
XS3002351073,"EUR 3,29 MANITOBA, PROV.O",4.71,CBF&CBL
ES04139000E9,"EUR FL.R BANCO SANTANDER ",2.65,CBF&CBL
XS0091740018,"GBP 5,625 EBRD (1-6) 98-2",0.85,CBF&CBL
FR0012757813,"EUR 1,311 LA BQE POST HOM",4.16,CBF&CBL
BE0008548126,"EUR 0,00 BELGIUM, KINGDOM",19.38,CBF&CBL
FR0013210507,"EUR 0,00 FRANCE (OAT STRI",4.62,CBF&CBL
DE000A2GSRM2,"EUR 1,07 MUENCHENER HYPOB",0.85,CBF&CBL
DE000DK0JSJ6,"EUR FL.R DEKABANK 18-2028",7.50,CBF&CBL
BE0002665462,"EUR 0,944 BRUSSELS, REG. ",13.48,CBF&CBL
XS2347663507,"EUR 0,375 ASTRAZENECA PLC",7.14,CBF&CBL
DE000LB383M0,"EUR FL.R LBK BADEN-WUERTT",7.50,CBF&CBL
DE000HLB43D9,"EUR 3,00 LANDESBANK HESS-",7.50,CBF&CBL
DE000SHFM865,"EUR 2,625 SCHLESWIG-HOLST",0.72,CBF&CBL
ES0000012N35,"EUR 3,45 SPAIN, KINGDOM O",2.89,CBF&CBL
DE000LB5CX46,"EUR 2,10 LBK BADEN-WUERTT",7.50,CBF&CBL
DE000A30VNU9,"EUR FL.R IB SCHLESWIG-HOL",7.50,CBF&CBL
DE000LB5LWW7,"EUR 3,00 LBK BADEN-WUERTT",16.83,CBF&CBL
DE000A3H25Y6,"EUR FL.R BADEN-WUERTTEMBE",0.39,CBF&CBL
XS3032938410,"EUR 2,875 CNCL.EU DEV.BK ",1.16,CBF&CBL
DE000BU4Z219,"EUR 0,00 BUNDES DEUTSCH 2",4.66,CBF&CBL
DE000SHFM790,"EUR 0,01 SCHLESWIG-HOLSTE",0.34,CBF&CBL
XS2382267750,"EUR 0,00 NEDERLAND.WATER.",1.76,CBF&CBL
XS2500674887,"EUR 1,875 BNG BANK N.V. (",1.97,CBF&CBL
AT0000A3B0X2,"EUR 3,125 ERSTE GR.BK AG ",2.10,CBF&CBL
ES00001010P7,"EUR 3,173 COMUN.DE MADRID",1.32,CBF&CBL
DE000A161R36,"EUR 3,425 BAYERISCHE LAND",4.51,CBF&CBL
BE0390271402,"EUR 2,851 KBC BANK NV (RE",1.84,CBF&CBL
DE000BLB6H87,"EUR FL.R BAYERISCH.LANDES",11.58,CBF&CBL
XS1295345919,"EUR 2,50 ABN AMRO BK NV (",25.74,CBF&CBL
IT0005319949,"EUR 1,76 CARIPARMA S.P.A.",3.22,CBF&CBL
FR0013343175,"EUR 1,375 REG. ILE DE FRA",2.85,CBF&CBL
XS2260183285,"EUR 0,01 OP MORTGAGE BK (",1.48,CBF&CBL
XS2637963146,"EUR 3,875 ABN AMRO BK NV ",7.50,CBF&CBL
DE000A161R10,"EUR 2,625 BAYERISCHE LAND",2.52,CBF&CBL
DE000RLP1619,"EUR FL.R RHEINLAND-PFALZ ",0.34,CBF&CBL
DE000LB6R0J5,"EUR 3,00 LBK BADEN-WUERTT",19.70,CBF&CBL
AT0000A04967,"EUR 4,15 AUSTRIA, REP.OF ",4.20,CBF&CBL
FR0011225143,"EUR 4,125 EDF (REGS) 12-2",5.00,CBF&CBL
FR0011575430,"EUR 3,75 ORANGE (REGS) 13",17.97,CBF&CBL
BE0008523848,"EUR 0,00 BELGIUM, KINGDOM",6.22,CBF&CBL
ES00000126P2,"EUR 0,00 SPAIN, KINGDOM O",4.67,CBF&CBL
DE000BLB4ZQ6,"EUR FL.R BAYERISCH.LANDES",7.50,CBF&CBL
FR0013286192,"EUR 0,75 FRANCE (REGS OAT",0.36,CBF&CBL
FR0013413499,"EUR 1,091 HOPITAUX PARIS ",5.36,CBF&CBL
ES0413900574,"EUR 0,125 BANCO SANTANDER",1.31,CBF&CBL
ES0000012D45,"EUR 0,00 SPAIN, KINGDOM O",9.02,CBF&CBL
ES0413900855,"EUR 2,75 BANCO SANTANDER ",1.78,CBF&CBL
DE000SHFM899,"EUR 3,00 SCHLESWIG-HOLSTE",1.22,CBF&CBL
DE000DJ9AFN8,"EUR FL.R DZ BANK AG - FFT",7.50,CBF&CBL
IT0005550238,"EUR 0,00 ITALY, REP.OF (B",5.64,CBF&CBL
DE000HV2A0E5,"EUR 2,665 UNICREDIT BANK ",2.07,CBF&CBL
DE000HEL0DG3,"EUR 2,20 LANDESBANK HESS-",7.50,CBF&CBL
FR001400YWV9,"EUR 3,25 CAISSE FCSE DE (",2.42,CBF&CBL
DE000LB5X972,"EUR 2,75 LBK BADEN-WUERTT",18.05,CBF&CBL
DE000SLB9104,"EUR 3,375 LANDESBK SAAR (",24.78,CBF&CBL
FR0014010I59,"EUR 2,625 CRH (REGS) 25-2",1.28,CBF&CBL
DE000LB6GH09,"EUR 2,30 LBK BADEN-WUERTT",12.56,CBF&CBL
XS3363426605,"EUR FL.R CESKA EXPORTNI B",13.40,CBF&CBL
FR0011613017,"EUR 3,06 REG. ILE DE FRAN",1.47,CBF&CBL
IT0005358806,"EUR 3,35 ITALY, REP.OF (R",3.21,CBF&CBL
FR0013426731,"EUR 0,35 RATP (REGS) 19-2",6.56,CBF&CBL
FI4000415153,"EUR 0,125 FINLAND REP.OF ",4.70,CBF&CBL
DE000LB2CSN0,"EUR 0,327 LBK BADEN-WUERT",3.86,CBF&CBL
FR0014006WB3,"EUR 0,125 CREDIT AGRICOLE",1.66,CBF&CBL
XS2525255647,"EUR 1,75 SPAREBNK 1 BOLIK",0.36,CBF&CBL
ES0413679558,"EUR FL.R BANKINTER (REGS)",0.55,CBF&CBL
XS2701206109,"EUR 3,315 IBRD-WORLD BANK",0.02,CBF&CBL
XS2792222379,"EUR 3,125 QUEBEC,PROVINCE",4.55,CBF&CBL
IT0005387185,"EUR 0,00 ITALY, REP.OF (B",1.26,CBF&CBL
XS2976476288,"GBP 4,50 OEST.KONTROLLBK ",1.83,CBF&CBL
DE000HEL4AM9,"EUR 2,50 LANDESBANK HESS-",7.50,CBF&CBL
ES0L02610092,"EUR 0,00 SPAIN, KINGDOM O",0.03,CBF&CBL
XS0113708969,"GBP 5,75 WORLD BANK (1-11",1.93,CBF&CBL
DE000DKB0432,"EUR 0,50 DEUTSCHE KREDITB",0.36,CBF&CBL
EU000A1Z99D5,"EUR 1,20 ESM (REGS) 18-20",1.36,CBF&CBL
FR0013469038,"EUR 0,36 LYON, COMMUNE 19",2.29,CBF&CBL
XS2265524210,"EUR FL.R ITALY, REP.OF (R",5.42,CBF&CBL
DE000SLB0GG6,"EUR 0,72 LANDESBK SAAR 21",26.91,CBF&CBL
XS2325331960,"EUR 0,00 ING BANK N.V. (R",0.53,CBF&CBL
FR001400FXU8,"EUR 3,125 CRH (REGS) 23-2",1.89,CBF&CBL
XS2673570995,"EUR 3,25 BNG BANK N.V. (R",2.24,CBF&CBL
FI4000562095,"EUR 3,50 OMA SAVINGS BANK",0.89,CBF&CBL
XS2733107622,"EUR 4,75 L-BANK (REGS/566",1.07,CBF&CBL
XS2828001953,"EUR 4,25 BANK GOSPODARSTW",31.71,CBF&CBL
DE000LB5VL62,"USD 3,70 LBK BADEN-WUERTT",7.50,CBF&CBL
DE000A3MQTB1,"EUR 2,75 HAMBURG HANSESTA",1.16,CBF&CBL
DE000DJ9AY76,"EUR 2,23 DZ BANK AG - FFT",7.50,CBF&CBL
FR0014013G74,"EUR 2,75 CAISSE DES DEPOT",2.77,CBF&CBL
XS3216984099,"USD 3,375 SWEDEN, KINGDOM",0.56,CBF&CBL
XS3218710625,"EUR 2,75 NORD/LB GZ (REGS",12.95,CBF&CBL
DE000LB619S4,"EUR 3,10 LBK BADEN-WUERTT",22.36,CBF&CBL
AT0000A3X172,"EUR 3,50 ERSTE GR.BK AG (",10.09,CBF&CBL
XS0276060083,"EUR FL.R REGION OF PIEMON",3.73,CBF&CBL
FR0013241676,"EUR 1,50 ORANGE (REGS) 17",5.00,CBF&CBL
DE000NLB0Q12,"EUR FL.R NORD/LB GZ (REGS",7.50,CBF&CBL
DE000DDA0L74,"EUR 0,91 DZ BANK AG - FFT",7.50,CBF&CBL
DE000NLB27U4,"EUR 0,35 NORD/LB GZ 19-20",7.50,CBF&CBL
FR0013494168,"EUR 0,25 SCHNEIDER ELEC. ",6.55,CBF&CBL
XS2324405203,"EUR 0,01 NATL BK CANADA (",0.59,CBF&CBL
XS2484093393,"EUR 1,50 EUROP.INVEST.BK ",1.21,CBF&CBL
BE0002956374,"EUR 3,75 WALLONE, REGION ",5.38,CBF&CBL
DE000A289M38,"EUR FL.R AAREAL BK AG. 25",16.36,CBF&CBL
XS3099010020,"EUR 2,875 OP CORPOR BK PL",11.91,CBF&CBL
IT0005674335,"EUR 0,00 ITALY, REP.OF (B",0.05,CBF&CBL
XS3343290204,"GBP FL.R NED.FIN.MAATSCH.",0.46,CBF&CBL
XS3521575111,"EUR 0,00 AUSTRIA, REP.OF ",0.54,CBF&CBL
FI4000242870,"EUR 1,375 FINLAND REP.OF ",7.97,CBF&CBL
XS1685542497,"EUR 1,625 ITALGAS SPA (RE",7.06,CBF&CBL
DE000A2G9GY4,"EUR 1,07 MUENCHENER HYPOB",0.87,CBF&CBL
DE000HLB4S34,"EUR FL.R LANDESBANK HESS-",7.50,CBF&CBL
XS1937720131,"EUR 2,08 ENBW INTL.FIN. (",30.98,CBF&CBL
FR0013409232,"EUR 1,385 BPCE SFH (REGS)",3.84,CBF&CBL
BE0002696772,"EUR 0,25 KBC BANK NV (REG",0.36,CBF&CBL
FR0014004ZZ0,"EUR 0,393 ALPES COTE D AZ",6.30,CBF&CBL
BE0002824051,"EUR FL.R BRUSSELS, REG. O",7.21,CBF&CBL
DE000BLB9SA4,"EUR FL.R BAYERISCH.LANDES",7.50,CBF&CBL
DE000NLB4Q18,"EUR 3,60 NORD/LB GZ 23-20",8.25,CBF&CBL
XS3037817494,"EUR 2,875 STADSHYP AB (PU",1.66,CBF&CBL
DE000LB0EC10,"EUR FL.R LBK BADEN-WUERTT",12.57,CBF&CBL
BE0002437128,"EUR 2,855 BELFIUS BANK SA",2.23,CBF&CBL
XS1770031745,"EUR 1,634 DNB BOLIGKREDIT",4.70,CBF&CBL
IT0004534548,"EUR 0,00 ITALY, REP.OF (B",4.62,CBF&CBL
XS2242924491,"EUR 0,00 MUNICIPALITY FIN",13.35,CBF&CBL
EU000A3K4D09,"EUR 2,75 EUROPEAN UNION (",2.21,CBF&CBL
ES0413900939,"EUR 3,25 BANCO SANTANDER ",0.48,CBF&CBL
DE000DW6DAC5,"EUR 4,00 DZ BANK AG - FFT",20.62,CBF&CBL
XS2800644671,"GBP 4,125 INTL.DEVEL..ASS",1.08,CBF&CBL
DE000SHFM956,"EUR 2,75 SCHLESWIG-HOLSTE",1.69,CBF&CBL
XS3028070350,"EUR 3,25 EIKA BOLIGKREDI ",2.41,CBF&CBL
FR0010482596,"EUR 0,00 FRANCE (OAT STRI",3.29,CBF&CBL
FR0011651744,"EUR 3,24 PARIS, VILLE DE ",4.37,CBF&CBL
XS1045398077,"USD 4,625 SNCF (123) 14-2",7.50,CBF&CBL
EU000A1Z0401,"EUR 0,49 EUROPEAN UNION (",0.12,CBF&CBL
AT0000A1KM22,"EUR 1,80 ERSTE GR.BK AG 1",15.22,CBF&CBL
DE000HLB4YM2,"EUR 0,637 LANDESBANK HESS",11.00,CBF&CBL
ES0413860745,"EUR 0,125 BCO.DE SABADELL",0.48,CBF&CBL
DE000HLB4ZX6,"EUR 0,75 LANDESBANK HESS-",7.50,CBF&CBL
XS2211183244,"EUR 1,539 PROSUS N.V. (RE",5.71,CBF&CBL
DE000BLB9S57,"EUR FL.R BAYERISCH.LANDES",7.50,CBF&CBL
XS2590268814,"EUR 3,00 MUNICIPALITY FIN",7.50,CBF&CBL
DE000RLP1569,"EUR 2,374 RHEINLAND-PFALZ",1.72,CBF&CBL
AT0000A3QRA4,"EUR 3,01 ERSTE GR.BK AG 2",23.61,CBF&CBL
XS3268032516,"EUR FL.R AKTIA BANK PLC (",7.53,CBF&CBL
DE000A30VRW6,"EUR 2,80 LANDESBK BERLIN ",14.61,CBF&CBL
FR0129704146,"EUR 0,00 BANQUE DE FRANCE",0.08,CBF&CBL
AT000B048715,"EUR 4,04 UNICREDIT BK AT ",1.44,CBF&CBL
FR0012697969,"EUR 0,50 SOCIETE GEN.SFH ",0.36,CBF&CBL
NL0013088990,"EUR 1,00 NATIONALE NL BAN",0.70,CBF&CBL
DE000NWB18N5,"EUR 0,875 NRW.BANK 19-203",3.35,CBF&CBL
XS2454249652,"EUR 0,25 NORDIC INVEST.BK",0.60,CBF&CBL
DE000HCB0BV0,"EUR 3,375 HAMBURG COM BK ",0.47,CBF&CBL
DE000NLB41Z4,"EUR 4,10 NORD/LB GZ 24-20",20.32,CBF&CBL
DE000LFA2311,"EUR 2,625 LFA FRDRBK.BAYE",1.52,CBF&CBL
XS3106087771,"USD 3,875 DENMARK, KINGDO",0.37,CBF&CBL
DE000HV2A0Q9,"EUR 2,30 UNICREDIT BANK 2",12.92,CBF&CBL
XS3258578890,"EUR FL.R NORDEA BK ABP (R",7.50,CBF&CBL
DE000NRW0GQ9,"EUR FL.R NORDRHEIN-WESTFA",0.49,CBF&CBL
XS1345321571,"EUR 1,625 ROYAL BK.CANADA",3.09,CBF&CBL
XS1756296965,"EUR 1,447 TEL.EMISIONES S",5.00,CBF&CBL
FR0013514502,"EUR 0,01 BPCE (REGS) 20-2",1.30,CBF&CBL
FR0014009ED1,"EUR 0,875 CREDIT AGR HOME",0.36,CBF&CBL
DE000NLB4QD9,"EUR 3,85 NORD/LB GZ 23-20",18.40,CBF&CBL
XS2615680399,"EUR 3,125 MUNICIPALITY FI",12.19,CBF&CBL
XS2823825802,"EUR 3,50 BMW INTL INV BV ",14.23,CBF&CBL
IT0005326076,"EUR 0,00 ITALY, REP.OF (B",0.70,CBF&CBL
DE000A460ND3,"EUR 3,00 INVESTITIONSBK D",23.53,CBF&CBL
DE000HEL0TV8,"EUR FL.R LANDESBANK HESS-",13.74,CBF&CBL
DE000DP9BGP1,"EUR 1,85 DZ BANK AG - FFT",7.50,CBF&CBL
FR0014017XI3,"EUR 3,875 SOC. NAT. SNCF ",5.33,CBF&CBL
DE000HV2A2H4,"EUR 2,50 UNICREDIT BANK 2",15.61,CBF&CBL
XS3495741525,"EUR 3,375 TENNET NETHERLA",13.75,CBF&CBL
ES0000090540,"EUR 4,25 JUNTA DE ANDALUC",5.45,CBF&CBL
XS1441837546,"EUR 0,875 DEUTSCHE BAHN A",11.09,CBF&CBL
XS1961772560,"EUR 1,788 TEL.EMISIONES S",7.48,CBF&CBL
XS1985004370,"EUR 1,125 ABN AMRO BK NV ",3.49,CBF&CBL
DE000A2YNQ25,"EUR 0,10 HAMBURGER SPARK.",0.70,CBF&CBL
FR0014000D80,"EUR 0,5755 SOCIETE GRAND ",10.61,CBF&CBL
FR001400FFW1,"EUR 2,875 CAISSE FCSE DE ",1.15,CBF&CBL
IT0005550337,"EUR 0,00 ITALY, REP.OF (B",6.87,CBF&CBL
DE000DJ9AR42,"EUR 2,55 DZ BANK AG - FFT",24.44,CBF&CBL
BE6367794359,"EUR 2,815 BELFIUS BANK SA",10.25,CBF&CBL
EU000A4ET792,"EUR 0,00 EUROPEAN UNION 0",0.13,CBF&CBL
DE000HEL4B29,"EUR 3,48 LANDESBANK HESS-",1.51,CBF&CBL
EU000A18Z2D4,"EUR 0,75 EUROPEAN UNION (",1.00,CBF&CBL
IT0005247884,"EUR 0,00 ITALY, REP.OF (B",7.45,CBF&CBL
BE6301672679,"EUR 1,66 COMMUNAUT FRANCA",6.60,CBF&CBL
DE000DK0JSN8,"EUR FL.R DEKABANK 18-2028",7.50,CBF&CBL
DE000SLB8213,"EUR 0,65 LANDESBK SAAR 19",9.76,CBF&CBL
DE000HLB4Y51,"EUR 0,75 LANDESBANK HESS-",7.50,CBF&CBL
EU000A3KT6B1,"EUR 0,45 EUROPEAN UNION (",3.13,CBF&CBL
BE0002958396,"EUR 3,40 BRUSSELS, REG. O",4.13,CBF&CBL
DE000NLB5A80,"EUR 2,35 NORD/LB GZ 25-20",7.50,CBF&CBL
DE000A3MQTC9,"EUR 2,875 HAMBURG HANSEST",2.40,CBF&CBL
XS0850228577,"EUR 3,875 TEOLLISUUDEN VO",16.08,CBF&CBL
DE000A1UDWN5,"EUR 2,875 SIEMENS FIN.NL ",5.00,CBF&CBL
DE000DG4UA22,"EUR FL.R DZ BANK AG - FFT",7.50,CBF&CBL
BE0002650316,"EUR 1,62 BRUSSELS, REG. O",10.77,CBF&CBL
XS2291788656,"EUR 0,01 ROYAL BK.CANADA ",1.71,CBF&CBL
FR001400A2U7,"EUR 1,375 SOCIETE GEN.SFH",0.56,CBF&CBL
FR001400CMY0,"EUR 3,125 BQUE FED.CRED.M",7.50,CBF&CBL
BE0002880616,"EUR FL.R BRUSSELS, REG. O",5.76,CBF&CBL
IE00080U68D3,"EUR 3,15 IRELAND, REP OF ",9.57,CBF&CBL
FR0011659176,"EUR 3,02 CAISSE DES DEPOT",3.17,CBF&CBL
EU000A1Z0AX5,"EUR 0,519 EUROPEAN UNION ",0.62,CBF&CBL
ES0000101867,"EUR 2,916 COMUN.DE MADRID",5.95,CBF&CBL
IT0005247967,"EUR 0,00 ITALY, REP.OF (B",8.12,CBF&CBL
FR0013311180,"EUR 1,593 AFD (REGS) 18-2",6.60,CBF&CBL
FR0013397452,"EUR 1,625 VINCI SA (REGS)",6.12,CBF&CBL
DE000A2TSDY0,"EUR 0,01 DZ HYP AG (REGS)",0.39,CBF&CBL
FR0013516176,"EUR 0,25 AXA BK EUROPE SC",4.03,CBF&CBL
DE000NLB3XH8,"EUR FL.R NORD/LB GZ 22-20",7.50,CBF&CBL
DE000BHY0H42,"EUR 0,01 LBK BADEN-WUERTT",7.50,CBF&CBL
BE0002841220,"EUR 4,452 WALLONE, REGION",0.94,CBF&CBL
BE0002859404,"EUR 1,50 ING BELGIUM SA /",0.93,CBF&CBL
DE000AAR0363,"EUR 2,375 AAREAL BK AG. (",1.03,CBF&CBL
BE6342562236,"EUR FL.R COMMUNAUT FRANCA",2.86,CBF&CBL
XS2617508481,"EUR 3,25 AB SVERIGES SAKE",0.56,CBF&CBL
IT0005549370,"EUR 3,50 UNICREDIT SPA (R",1.36,CBF&CBL
AT0000A3FTX5,"EUR 3,20 ERSTE GR.BK AG (",31.77,CBF&CBL
XS3295866183,"EUR 2,875 SANTANDER UK PL",1.90,CBF&CBL
DE000CZ46CZ4,"EUR 2,60 COMMERZBK AG 26-",9.84,CBF&CBL
DE000NWB1WG3,"EUR 3,70 NRW.BANK 26-2047",6.24,CBF&CBL
NL0000102788,"EUR 0,00 DUTCH STATE (PRI",3.42,CBF&CBL
DE000BLB6JC5,"EUR 0,75 BAYERISCH.LANDES",0.46,CBF&CBL
IT0005366288,"EUR 1,10 CARIPARMA S.P.A.",0.37,CBF&CBL
XS2010026305,"USD 5,25 HUNGARY, REP.OF ",3.27,CBF&CBL
XS2035406987,"GBP 0,875 LANDWIRT.RENTEN",0.46,CBF&CBL
DE000A254QW3,"EUR 0,01 SPARKASS.PFORZHE",0.53,CBF&CBL
DE000NLB34X4,"EUR 2,75 NORD/LB GZ 23-20",0.40,CBF&CBL
DE000DW6C953,"EUR 3,75 DZ BANK AG - FFT",13.35,CBF&CBL
XS2732248070,"EUR 3,75 BANK GOSPODARSTW",7.50,CBF&CBL
XS2749779570,"EUR 2,70 L-BANK (REGS/566",0.50,CBF&CBL
DE000LB6A093,"EUR 2,70 LBK BADEN-WUERTT",18.67,CBF&CBL
XS3282973455,"EUR FL.R BMW FIN.NV (REGS",5.00,CBF&CBL
XS3330368518,"EUR 2,875 NORDEA MORTGAGE",0.97,CBF&CBL
XS3519684511,"EUR 0,00 EUROP.INVEST.BK ",0.17,CBF&CBL
DE000A2G9GQ0,"EUR 0,798 KSPK. LUDWIGSBU",0.56,CBF&CBL
NL0012818504,"EUR 0,75 DUTCH STATE (REG",0.69,CBF&CBL
XS1814679756,"EUR 1,50 NEDERLAND.WATER.",3.55,CBF&CBL
FR0013372182,"EUR 1,704 REGION PAYS LOI",7.76,CBF&CBL
FR0013401593,"EUR 2,10 SOCIETE GRAND 19",9.18,CBF&CBL
BE0002724053,"EUR 0,69 BRUSSELS, REG. O",12.65,CBF&CBL
XS2232115423,"EUR 1,00 DIGITAL DUTCH F ",15.18,CBF&CBL
NL0015614579,"EUR 0,00 DUTCH STATE 20-2",8.20,CBF&CBL
DE0001053635,"EUR 0,01 BAYERN, FREISTAA",1.72,CBF&CBL
FR0013532967,"EUR 0,121 CREDIT AGRICOLE",7.50,CBF&CBL
DE000LB2BEW3,"EUR 0,30 LBK BADEN-WUERTT",16.12,CBF&CBL
FR001400INJ6,"EUR 3,42 CREDIT MUTUEL H ",2.45,CBF&CBL
XS2649050106,"GBP 4,875 EUROP.INVEST.BK",1.57,CBF&CBL
BE0390187533,"EUR 3,125 BELFIUS BANK SA",14.28,CBF&CBL
XS3197768347,"EUR 3,90 BRITISH COLUMBIA",8.49,CBF&CBL
DE000NWB1WD0,"EUR 2,50 NRW.BANK 26-2030",1.59,CBF&CBL
DE000LB62RY4,"EUR 3,15 LBK BADEN-WUERTT",20.18,CBF&CBL
DE000LB66YE3,"EUR 2,65 LBK BADEN-WUERTT",7.50,CBF&CBL
BE6254168931,"EUR 4,44 WALLONE, REGION ",3.36,CBF&CBL
XS1262406272,"EUR 1,652 ROYAL BK.CANADA",1.84,CBF&CBL
SI0002103966,"EUR 0,275 SLOVENIA REP.OF",2.77,CBF&CBL
XS2314675997,"EUR 0,01 EUROP.INVEST.BK ",0.93,CBF&CBL
BE0002798792,"EUR 1,50 BRUSSELS, REG. O",13.46,CBF&CBL
XS2433363509,"EUR 0,25 EUROP.INVEST.BK ",1.17,CBF&CBL
AT0000A3UZM4,"EUR 3,25 HYPO TIROL BANK ",2.19,CBF&CBL
XS3450688133,"EUR FL.R BNG BANK N.V. (R",1.42,CBF&CBL
IT0001464194,"EUR 0,00 ITALY, REP.OF (B",2.05,CBF&CBL
FR0010033381,"EUR 6,125 VEOLIA ENVIRONN",17.43,CBF&CBL
ES0000012726,"EUR 0,00 SPAIN, KINGDOM O",0.38,CBF&CBL
XS2002491863,"EUR 1,50 TENNET NETHERLA ",23.26,CBF&CBL
XS2177555062,"EUR 2,875 AMADEUS IT GROU",5.00,CBF&CBL
DE000LB2CW24,"EUR 0,04 LBK BADEN-WUERTT",14.86,CBF&CBL
XS2247546711,"USD 1,00 CADES (REGS/26) ",1.87,CBF&CBL
DE000A254Q19,"EUR 2,68 LAND SACHSEN ANH",0.80,CBF&CBL
DE0001789378,"EUR 2,75 SACHSEN, FREISTA",1.15,CBF&CBL
AT0000A3AJS7,"EUR 3,10 ERSTE GR.BK AG (",14.61,CBF&CBL
IT0005588881,"EUR 1,80 ITALY, REP.OF (B",7.21,CBF&CBL
DE000NLB4589,"EUR 2,70 NORD/LB GZ 24-20",13.53,CBF&CBL
DE000LB6JCS9,"USD 3,89 LBK BADEN-WUERTT",13.84,CBF&CBL
XS3249932073,"EUR 3,576 ABN AMRO BK NV ",28.62,CBF&CBL
XS3307434095,"USD 4,00 CADES (REGS/43) ",2.62,CBF&CBL
DE0001142602,"EUR 0,00 BRD (STRIP CPN) ",0.08,CBF&CBL
ES0000012C12,"EUR FL.R SPAIN, KINGDOM O",3.83,CBF&CBL
BE0002858398,"EUR 2,00 BELFIUS BANK SA/",2.81,CBF&CBL
XS2485152362,"EUR 2,10 SWEDBANK AB (REG",7.50,CBF&CBL
DE000BLB9UA0,"EUR 3,81 BAYERISCH.LANDES",7.50,CBF&CBL
DE000A30VN02,"EUR XXX BAUSPARK. SCHWA (",1.03,CBF&CBL
AT0000A30ST4,"EUR 2,50 ERSTE GR.BK AG 2",7.50,CBF&CBL
ES0413900921,"USD FL.R BANCO SANTANDER ",0.53,CBF&CBL
DE000HLB50Q6,"EUR 3,15 LANDESBANK HESS-",7.50,CBF&CBL
FR001400PT61,"EUR 3,125 UNEDIC (REGS) 2",3.08,CBF&CBL
XS2895057094,"GBP 4,75 BMW INTL INV BV ",9.91,CBF&CBL
DE000LB63W44,"EUR 3,55 LBK BADEN-WUERTT",32.37,CBF&CBL
IT0005733115,"EUR 0,00 ITALY, REP.OF (B",0.28,CBF&CBL
AT0000A10A25,"EUR 2,50 EB UND HYPO 13-2",1.12,CBF&CBL
DE000NLB8CC2,"EUR 2,27 NORD/LB GZ 14-20",1.78,CBF&CBL
FR0013233418,"EUR 0,965 BPCE (BANQUE PO",0.91,CBF&CBL
FR0013352499,"EUR 1,488 CAISSE FCSE DE ",3.65,CBF&CBL
AT000B049689,"EUR 1,00 UNICREDIT BK AT ",1.81,CBF&CBL
XS2065939469,"EUR 0,00 QUEBEC,PROVINCE ",2.17,CBF&CBL
BE0002998798,"EUR 3,08 BRUSSELS, REG. O",3.93,CBF&CBL
DE000A1RQES0,"EUR 3,125 HESSEN LAND (RE",3.55,CBF&CBL
DE000HEL0JE5,"EUR 2,50 LANDESBANK HESS-",12.76,CBF&CBL
XS3328489334,"EUR 3,25 KOMERCNI BANKA A",1.70,CBF&CBL
XS0782697071,"EUR 3,375 OEBB INFRASTRUK",1.94,CBF&CBL
BE0001728790,"EUR 2,65 WALLONE, REGION ",8.63,CBF&CBL
FR0012353480,"EUR 1,87 REGION BRETAGNE ",1.56,CBF&CBL
DE000LFA1719,"EUR 1,00 LFA FRDRBK.BAYER",0.54,CBF&CBL
BE6302008154,"EUR FL.R COMMUNAUT FRANCA",0.89,CBF&CBL
FR0013322658,"EUR 1,59 COMP.FINA.FONCIE",3.55,CBF&CBL
ES00000129S0,"EUR 0,00 SPAIN, KINGDOM O",7.29,CBF&CBL
IT0005347973,"EUR FL.R UBI BANCA S.P.A.",0.71,CBF&CBL
DE000DFK0QZ9,"EUR 1,12 DZ BANK AG - FFT",10.80,CBF&CBL
FR001400A5I5,"EUR 1,832 AUVERGNE- RHONE",8.32,CBF&CBL
IT0005579997,"EUR 3,50 CA ITALIA SPA (R",2.07,CBF&CBL
DE000BLB9X92,"EUR 3,00 BAYERISCH.LANDES",9.57,CBF&CBL
EU000A1Z99U9,"EUR 2,75 ESM (REGS) 24-20",1.58,CBF&CBL
BE0390189554,"EUR FL.R COMMUNAUT FRANCA",5.15,CBF&CBL
DE000NLB5BA4,"EUR 2,50 NORD/LB GZ 25-20",8.86,CBF&CBL
DE000LB544M7,"EUR 3,45 LBK BADEN-WUERTT",34.17,CBF&CBL
AT000B079363,"EUR FL.R RAIF.LBK NIEDERO",0.53,CBF&CBL
DE000HEL0TK1,"EUR 2,50 LANDESBANK HESS-",11.77,CBF&CBL
DE000LB4XGB2,"EUR 3,125 LBK BADEN-WUERT",1.69,CBF&CBL
FR0010379255,"GBP 5,5 BOUYGUES 06-2026",5.00,CBF&CBL
FR0010809863,"EUR 0,00 FRANCE (OAT STRI",4.04,CBF&CBL
FR0011461631,"EUR 0,00 FRANCE (OAT STRI",3.81,CBF&CBL
FR0013108248,"EUR 1,397 CAISSE FCSE DE ",1.68,CBF&CBL
DE000A2NB9V2,"EUR 0,10 LAND BERLIN (REG",1.31,CBF&CBL
FR0013515806,"EUR 0,50 FRANCE (REGS OAT",2.92,CBF&CBL
BE0002705862,"EUR 1,053 VLAAMS GEMEENSC",11.92,CBF&CBL
DE0001102507,"EUR 0,00 BUNDES DEUTSCH 2",0.86,CBF&CBL
BE0002752336,"EUR 0,562 BRUSSELS, REG. ",16.61,CBF&CBL
DE000LB13WN0,"EUR 0,20 LBK BADEN-WUERTT",15.61,CBF&CBL
DE000A289NR6,"EUR 0,01 LAND, BRANDENBUR",1.07,CBF&CBL
XS2354569407,"EUR 0,50 JDE PEET S N.V. ",7.09,CBF&CBL
EU000A3KZ8U9,"EUR 0,00 EURO.ATM.NRG.CMN",1.27,CBF&CBL
XS2469466390,"EUR 1,25 RAIF.LBK NIEDERO",0.36,CBF&CBL
FR0128564160,"EUR FL.R CREDIT MUTUEL MA",7.50,CBF&CBL
FR001400UB98,"EUR 3,068 SOCIETE GEN.SFH",2.34,CBF&CBL
XS2976491592,"GBP 4,50 NORDIC INVEST.BK",0.53,CBF&CBL
DE000DJ9AZ34,"EUR 1,85 DZ BANK AG - FFT",7.50,CBF&CBL
FR0010482638,"EUR 0,00 FRANCE (OAT STRI",5.61,CBF&CBL
XS0934053157,"EUR 2,29 ING BANK N.V. (R",0.64,CBF&CBL
DE000A12T192,"EUR FL.R DEUT.GENOSS-HYPO",9.29,CBF&CBL
XS1293570021,"EUR 1,459 AB SVERIGES SAK",1.74,CBF&CBL
ES0000101891,"EUR 3,288 COMUN.DE MADRID",10.75,CBF&CBL
XS2066706735,"EUR 1,125 ENEL FINANCE IN",21.68,CBF&CBL
DE000A254RY7,"EUR 0,00 INVESTITIONSBK D",7.50,CBF&CBL
DE000A2NB9Z3,"EUR 0,125 LAND BERLIN (RE",3.12,CBF&CBL
DE000A2TR182,"EUR 0,01 IB SCHLESWIG-HOL",7.50,CBF&CBL
DE000HLB78G8,"EUR 2,50 LANDESBANK HESS-",7.50,CBF&CBL
FR001400DAI6,"EUR 3,25 CAISSE FCSE DE (",0.83,CBF&CBL
DE000DJ9AA33,"EUR 3,93 DZ BANK AG - FFT",10.58,CBF&CBL
XS2830098666,"EUR 2,875 FINNVERA PLC (R",6.85,CBF&CBL
DE000NRW0PJ5,"EUR 3,00 NORDRHEIN-WESTFA",1.04,CBF&CBL
DE000CZ45YR7,"EUR 3,893 COMMERZBK AG 24",24.09,CBF&CBL
DE000A383RW8,"EUR 2,89 BAUSPARK. SCHWA ",3.67,CBF&CBL
XS2984226899,"EUR 2,875 SANTANDER UK PL",1.60,CBF&CBL
BE0008075245,"EUR 0,00 BELGIUM, KINGDOM",7.71,CBF&CBL
XS1681003965,"EUR 1,557 DNB BOLIGKREDIT",4.63,CBF&CBL
DE0003811659,"EUR 0,00 BUNDES DEUTSCH (",4.70,CBF&CBL
BE0002599778,"EUR 1,571 BELFIUS BANK SA",4.37,CBF&CBL
FR0013383502,"EUR FL.R HSBC CONTINENTA ",7.50,CBF&CBL
XS2025468542,"EUR 0,04 CIBC CANADA (REG",0.40,CBF&CBL
XS2178833690,"EUR 1,375 EQUINOR ASA (RE",12.61,CBF&CBL
ES0000101990,"EUR 1,138 COMUN.DE MADRID",12.69,CBF&CBL
BE0002854355,"EUR 1,805 BRUSSELS, REG. ",6.27,CBF&CBL
FR001400GT70,"EUR FL.R REGION BRETAGNE ",0.73,CBF&CBL
FR001400H7V7,"EUR 3,00 FRANCE (REGS OAT",1.44,CBF&CBL
XS2655865546,"EUR 3,85 TOYOTA MOTOR CRE",9.56,CBF&CBL
EU000A3K4ES4,"EUR 3,00 EUROPEAN UNION (",1.72,CBF&CBL
FR0128958602,"EUR 3,70 CDC HABITAT 25-2",19.51,CBF&CBL
DE000LB5US82,"EUR 2,20 LBK BADEN-WUERTT",7.50,CBF&CBL
DE000A3825U2,"EUR FL.R DZ HYP AG 25-203",0.63,CBF&CBL
DE000A382699,"EUR 2,75 DT. PFANDBRIEFBA",1.20,CBF&CBL
IT0005694630,"EUR 3,95 ITALY, REP.OF (B",4.39,CBF&CBL
DE000DP9BF59,"EUR 2,00 DZ BANK AG - FFT",14.62,CBF&CBL
EU000A4E0DU7,"EUR 0,00 EUROPEAN UNION 0",0.22,CBF&CBL
IT0001312781,"EUR 0,00 ITALY, REP.OF (B",0.92,CBF&CBL
DE0001142693,"EUR 0,00 BRD 05-2036",2.22,CBF&CBL
XS0293217799,"EUR FL.R ITALY, REP.OF (R",32.51,CBF&CBL
BE0002445204,"EUR 2,89 KBC BANK NV 13-2",0.80,CBF&CBL
DE000MHB2697,"EUR 1,285 MUENCHENER HYPO",3.89,CBF&CBL
FR0013510476,"EUR 0,125 CRH (REGS) 20-2",0.36,CBF&CBL
DE000MHB63J2,"EUR 0,05 MUENCHENER HYPOB",12.57,CBF&CBL
XS2333649759,"EUR 0,125 NIBC BANK NV. (",1.62,CBF&CBL
DE000DJ9AA66,"EUR 3,20 DZ BANK AG - FFT",7.50,CBF&CBL
DE000A351PL2,"EUR FL.R LAND BERLIN 24-2",0.67,CBF&CBL
DE000DJ9AEF7,"EUR 3,05 DZ BANK AG - FFT",17.04,CBF&CBL
DE000SHFM1E9,"EUR FL.R SCHLESWIG-HOLSTE",1.20,CBF&CBL
XS3353891669,"GBP 4,25 NORDRHEIN-WESTFA",1.35,CBF&CBL
XS0875797515,"EUR 3,25 DEUT.TKOM.INT.FI",5.00,CBF&CBL
FR0011461490,"EUR 0,00 FRANCE (OAT STRI",1.23,CBF&CBL
DE000NLB1LD6,"EUR 2,13 NORD/LB GZ 13-20",1.10,CBF&CBL
XS1711580107,"EUR 0,00 IBRD-WORLD BANK ",7.31,CBF&CBL
FR0013396520,"EUR 2,00 ORANGE (REGS) 19",7.03,CBF&CBL
FR0013455813,"EUR 0,50 ENGIE (REGS) 19-",12.18,CBF&CBL
DE000SLB8379,"EUR 0,633 LANDESBK SAAR 1",11.14,CBF&CBL
DE000NLB3PH4,"EUR 0,35 NORD/LB GZ 21-20",14.27,CBF&CBL
DE000HV2AYF0,"EUR 0,075 UNICREDIT BANK ",1.77,CBF&CBL
DE000A3E5MG8,"EUR 0,375 VONOVIA SE (REG",5.00,CBF&CBL
DE000NLB3ZY8,"EUR 2,31 NORD/LB GZ 22-20",2.86,CBF&CBL
AT0000A2WSC8,"EUR 0,90 AUSTRIA, REP.OF ",2.66,CBF&CBL
FR001400B2Z5,"EUR 2,695 PARIS, VILLE DE",8.49,CBF&CBL
XS2851607403,"USD 5,75 BANK GOSPODARSTW",20.82,CBF&CBL
DE000LB5CX79,"EUR 2,30 LBK BADEN-WUERTT",10.46,CBF&CBL
FR001400TR51,"EUR 2,75 LA BANQUE POSTAL",1.40,CBF&CBL
DE000LB6A0D7,"EUR 3,15 LBK BADEN-WUERTT",33.23,CBF&CBL
FR0014019154,"EUR 3,50 CA CIB (REGS) 26",2.66,CBF&CBL
ES00000128P8,"EUR 1,50 SPAIN, KINGDOM O",0.25,CBF&CBL
XS2806483611,"EUR 2,935 NORDIC INVEST.B",0.13,CBF&CBL
AT0000A3DNT1,"EUR 3,375 RAIFFEISEN BPAS",1.07,CBF&CBL
DE000LB5USC8,"EUR 2,70 LBK BADEN-WUERTT",14.84,CBF&CBL
FR0014014V09,"EUR 3,21 BNP PARIBAS HOME",2.34,CBF&CBL
DE000MHB42J6,"EUR 2,75 MUENCHENER HYPOB",1.90,CBF&CBL
FR0013269347,"USD FL.R BPCE (REGS) 17-2",7.50,CBF&CBL
DE000BHY0HU3,"EUR 0,118 LBK BADEN-WUERT",11.54,CBF&CBL
ES0413900731,"EUR 0,19 BCO SANTANDER (R",1.69,CBF&CBL
XS2488626537,"EUR 2,494 HEMSO FASTIGHET",7.00,CBF&CBL
DE000A289MU2,"EUR FL.R AAREAL BK AG. 23",0.75,CBF&CBL
DE000NLB46B4,"EUR 3,10 NORD/LB GZ 24-20",23.27,CBF&CBL
DE000NLB5057,"EUR 2,30 NORD/LB GZ 25-20",11.03,CBF&CBL
IT0005678492,"EUR 0,00 ITALY, REP.OF (B",0.09,CBF&CBL
DE000BU22130,"EUR 2,50 BUNDES DEUTSCH 2",0.38,CBF&CBL
ES0000106650,"EUR 1,75 BASQUE COUNTRY (",11.06,CBF&CBL
DE000HLB40P9,"EUR 0,75 LANDESBANK HESS-",14.52,CBF&CBL
FR0013517026,"EUR 0,395 DANONE (REGS) 2",8.28,CBF&CBL
DE000NLB3QC3,"EUR 0,38 NORD/LB GZ 21-20",11.67,CBF&CBL
DE000DFK0EL5,"EUR 0,12 DZ BANK AG - FFT",13.96,CBF&CBL
ES0000106684,"EUR 0,25 BASQUE COUNTRY (",2.19,CBF&CBL
DE000NLB3SF2,"EUR 0,50 NORD/LB GZ 21-20",15.42,CBF&CBL
DE000DB9U4R9,"EUR FL.R DEUTSCHE BANK AG",7.50,CBF&CBL
DE000A3512U6,"EUR 3,15 LAND SACHSEN ANH",5.93,CBF&CBL
DE000LB5WXZ5,"EUR 3,06 LBK BADEN-WUERTT",20.23,CBF&CBL
DE000LB6FNH7,"USD 3,10 LBK BADEN-WUERTT",7.50,CBF&CBL
DE000LB6JC68,"EUR 2,80 LBK BADEN-WUERTT",14.57,CBF&CBL
XS1444483678,"EUR 0,846 DNB BOLIGKREDIT",3.36,CBF&CBL
XS1637333748,"EUR 1,50 BRITISH TELECO P",5.00,CBF&CBL
XS1725679598,"EUR 1,04 BNG BANK N.V. (R",5.96,CBF&CBL
DE000A3823Y9,"EUR FL.R NIEDERSACHSEN LA",1.04,CBF&CBL
DE000SCB0054,"EUR 2,875 DEUTSCHE KREDIT",2.68,CBF&CBL
XS2816664879,"EUR 3,30 SASKATCHEWAN PRO",3.14,CBF&CBL
FR001400SZ94,"EUR 3,50 STIF (REGS) 24-2",4.17,CBF&CBL
DE000SLB1GB5,"EUR 2,20 LANDESBK SAAR (R",0.71,CBF&CBL
BE0390269380,"EUR 2,375 VLAAMS GEMEENSC",0.85,CBF&CBL
FR0129704195,"EUR 0,00 BANQUE DE FRANCE",0.20,CBF&CBL
DE000LB66Z14,"EUR 2,00 LBK BADEN-WUERTT",13.91,CBF&CBL
FR0010172270,"EUR 0,00 FRANCE (OAT STRI",2.69,CBF&CBL
FR0013154283,"EUR 0,00 FRANCE (OAT STRI",7.95,CBF&CBL
BE0002578566,"EUR FL.R BRUSSELS, REG. O",0.72,CBF&CBL
DE000A1RQD92,"EUR 0,125 HESSEN LAND 21-",1.82,CBF&CBL
XS2570759154,"EUR 3,125 BAWAG (AT) (REG",0.80,CBF&CBL
DE000A30V877,"EUR 2,875 NIEDERSACHSEN L",0.53,CBF&CBL
DE000A3MQU45,"EUR 3,25 DZ HYP AG (REGS)",1.96,CBF&CBL
XS2895480411,"EUR 2,776 TOR-DOMINION BK",0.40,CBF&CBL
DE000LB5P5B4,"EUR 2,80 LBK BADEN-WUERTT",14.52,CBF&CBL
XS3325380718,"EUR FL.R SWEDBANK AB (REG",7.65,CBF&CBL
XS0718905978,"EUR 4,11 BUNDESIMMOBILIEN",5.00,CBF&CBL
XS1091637592,"EUR 2,035 NRW.BANK (REGS/",3.34,CBF&CBL
XS1374462197,"EUR 1,483 NORDEA BK ABP 1",7.50,CBF&CBL
BE0002669506,"EUR 0,01 BELFIUS BANK SA/",1.11,CBF&CBL
XS2107328291,"EUR 0,667 ROYAL BK.CANADA",4.27,CBF&CBL
XS2281478268,"GBP 0,125 KFW (REGS) 21-2",0.46,CBF&CBL
XS2391406530,"EUR 0,35 DEUTSCHE BAHN AG",11.53,CBF&CBL
DE000A161RU2,"EUR FL.R BAYERISCHE LANDB",0.38,CBF&CBL
DE000BLB9WN9,"EUR 3,00 BAYERISCH.LANDES",8.78,CBF&CBL
DE000A352AG2,"EUR 2,551 LAND SACHSEN AN",0.66,CBF&CBL
DE000NLB5BJ5,"EUR 3,10 NORD/LB GZ 25-20",24.27,CBF&CBL
DE000A352E30,"EUR FL.R HAMBURGISCHE INV",24.02,CBF&CBL
ES0413860935,"EUR 2,875 BCO.DE SABADELL",1.84,CBF&CBL
XS3289050190,"EUR FL.R AUSTRIA, REP.OF ",1.76,CBF&CBL
FR0011461433,"EUR 0,00 FRANCE (OAT STRI",0.13,CBF&CBL
EU000A1U9928,"EUR 1,625 ESM (REGS) 15-2",2.00,CBF&CBL
DE000NWB18C8,"EUR FL.R NRW.BANK 17-2027",0.49,CBF&CBL
DE000NLB2TD7,"EUR 0,75 NORD/LB GZ (REGS",0.46,CBF&CBL
DE000HLB4UB3,"EUR FL.R LANDESBANK HESS-",7.50,CBF&CBL
ES0000012G26,"EUR 0,80 SPAIN, KINGDOM O",0.36,CBF&CBL
NL00150008B6,"EUR FL.R NN LIFE (REGS) 2",4.18,CBF&CBL
XS2334578411,"EUR 0,00 ING BANK N.V. (R",0.91,CBF&CBL
DE000AAR0306,"EUR 0,01 AAREAL BK AG. (R",0.70,CBF&CBL
DE000DW6CWT5,"EUR 2,40 DZ BANK AG - FFT",18.39,CBF&CBL
DE0003811808,"EUR 0,00 BUNDES DEUTSCH 2",0.79,CBF&CBL
FR001400DZN3,"EUR 4,00 BQUE FED.CRED.MU",10.68,CBF&CBL
DE000DW6C9D9,"EUR 3,90 DZ BANK AG - FFT",7.50,CBF&CBL
AT0000A377E6,"EUR 3,625 NIEDEROESTERREI",2.29,CBF&CBL
DE000DJ9AGV9,"EUR 3,60 DZ BANK AG - FFT",19.35,CBF&CBL
IT0005550279,"EUR 0,00 ITALY, REP.OF (B",6.03,CBF&CBL
FR001400USK8,"EUR 3,00 BPCE SFH (REGS) ",4.62,CBF&CBL
DE000A383U25,"EUR FL.R SAARLAND 25-2031",0.52,CBF&CBL
DE000BYL0EE8,"EUR 2,50 BAYERISCH.LANDES",7.50,CBF&CBL
XS3166221948,"EUR 3,727 E.JP.RAIL CO. (",21.65,CBF&CBL
DE000DJ9A081,"EUR 2,00 DZ BANK AG - FFT",14.07,CBF&CBL
FR0010292169,"EUR 3,875 CIE FINANCEMENT",4.98,CBF&CBL
XS0577346553,"EUR 4,905 LLOYDS TSB BK P",1.58,CBF&CBL
FR0011580034,"EUR 3,155 PARIS, VILLE DE",0.72,CBF&CBL
XS1362330257,"EUR 1,444 BANQUE FEDERATI",7.50,CBF&CBL
FR0013210499,"EUR 0,00 FRANCE (OAT STRI",4.35,CBF&CBL
XS1808480534,"EUR 1,25 AB SVERIGES SAKE",2.03,CBF&CBL
FI4000496344,"EUR 0,01 MORTGAGE SOCIETY",1.77,CBF&CBL
DE000LB2BL51,"EUR 0,10 LBK BADEN-WUERTT",8.15,CBF&CBL
DE000A3E5MK0,"EUR 1,50 VONOVIA SE (REGS",32.70,CBF&CBL
DE000SLB8734,"EUR 2,25 LANDESBK SAAR 22",7.50,CBF&CBL
XS2484321950,"EUR 1,625 ACHMEA BANK N.V",0.93,CBF&CBL
DE000DB9VJB9,"EUR 3,70 DEUTSCHE BANK AG",7.50,CBF&CBL
XS2823927632,"USD 4,50 CADES (REGS/39) ",1.19,CBF&CBL
IT0005480980,"EUR 2,15 ITALY, REP.OF (B",5.62,CBF&CBL
FR0014008RP9,"EUR 0,625 CREDIT MUTUEL H",0.36,CBF&CBL
FR0014009N55,"EUR 1,375 ACTION LOGEMENT",3.62,CBF&CBL
XS2476822361,"EUR 1,625 BANK GOSPODARST",7.50,CBF&CBL
DE000DW6C4Y6,"EUR FL.R DZ BANK AG - FFT",11.42,CBF&CBL
DE000A3515S3,"EUR 4,375 HAMBURGER SPARK",7.85,CBF&CBL
IT0005595761,"EUR FL.R INTESA SANPAOLO ",1.12,CBF&CBL
XS2984226626,"EUR 2,625 SANTANDER UK PL",0.54,CBF&CBL
XS3076285389,"EUR 2,50 BNG BANK N.V. (R",1.38,CBF&CBL
XS3327692607,"EUR FL.R NATWEST MARKETS ",7.50,CBF&CBL
FR0014018263,"EUR 1,00 BNP PARIBAS (REG",7.50,CBF&CBL
FR0011558436,"EUR 3,01 BPCE SFH 13-2028",0.75,CBF&CBL
DE0001142859,"EUR 0,00 BUNDES DEUTSCH 1",0.33,CBF&CBL
DE000HEL4A87,"EUR 3,426 LANDESBANK HESS",23.76,CBF&CBL
ES00000128L7,"EUR 0,00 SPAIN, KINGDOM O",6.34,CBF&CBL
FR0013316643,"EUR 1,595 BPCE SFH (REGS)",3.52,CBF&CBL
DE000A2TR6K7,"EUR 0,01 LAND, BRANDENBUR",1.30,CBF&CBL
FR00140003P3,"EUR 0,10 BQUE FED.CRED.MU",7.50,CBF&CBL
BE0002755362,"EUR 0,25 FLUVIUS SYSTEM (",12.53,CBF&CBL
BE6326374343,"EUR 0,85 WALLONE, REGION ",15.60,CBF&CBL
DE000NLB3T81,"EUR 0,65 NORD/LB GZ 21-20",16.23,CBF&CBL
FR0014006268,"EUR 0,60 COMP.FINA.FONCIE",4.26,CBF&CBL
DE000A289MB2,"EUR 2,35 AAREAL BK AG. 22",1.97,CBF&CBL
XS2705564420,"EUR 3,741 BRITISH COLUMBI",6.49,CBF&CBL
FR001400M4Z8,"EUR 2,875 CREDIT AGR HOME",2.14,CBF&CBL
DE000A382400,"EUR 2,75 KFW (REGS) 24-20",1.65,CBF&CBL
DE000NLB43P1,"EUR 3,75 NORD/LB GZ 24-20",14.99,CBF&CBL
IT0005550204,"EUR 0,00 ITALY, REP.OF (B",5.11,CBF&CBL
DE000NLB44Z8,"EUR 3,33 NORD/LB GZ 24-20",22.72,CBF&CBL
DE000A30V4B8,"EUR 2,75 BREMEN HANSTADT ",1.82,CBF&CBL
SK4000028304,"EUR 3,625 SLOVAK, REP. (R",7.07,CBF&CBL
FR0014018BH9,"EUR 3,50 SOCIETE DE FINAN",3.95,CBF&CBL
XS3520617864,"GBP 0,00 DEXIA S.A 250127",5.00,CBF&CBL
ES0000012734,"EUR 0,00 SPAIN, KINGDOM O",0.89,CBF&CBL
XS1325874771,"EUR 1,488 DNB BOLIGKREDIT",1.81,CBF&CBL
ES0413900418,"EUR 1,517 BANCO SANTANDER",0.58,CBF&CBL
EU000A19GY72,"EUR 0,75 EURO.ATM.NRG.CMN",0.13,CBF&CBL
XS1805353734,"EUR 1,45 ABN AMRO BK NV (",3.18,CBF&CBL
ES00000129E0,"EUR 0,00 SPAIN, KINGDOM O",4.08,CBF&CBL
FR0013459757,"EUR 0,10 CAISSE FCSE DE (",1.11,CBF&CBL
FR0014001S17,"EUR 0,00 CADES (REGS) 21-",2.23,CBF&CBL
BE0002779602,"EUR 1,25 WALLONE, REGION ",12.18,CBF&CBL
FR0014003MI6,"EUR 1,375 UNIBAIL-ROD WES",18.34,CBF&CBL
DE000MHB65V2,"EUR 0,89 MUENCHENER HYPOB",7.50,CBF&CBL
ES0000012L52,"EUR 3,15 SPAIN, KINGDOM O",2.65,CBF&CBL
DE000LB387C2,"EUR 3,25 LBK BADEN-WUERTT",1.98,CBF&CBL
BE0390245141,"EUR 2,75 ING BELGIUM SA /",1.77,CBF&CBL
ES0000090979,"EUR 3,45 JUNTA DE ANDALUC",3.65,CBF&CBL
DE0001143378,"EUR 0,00 BRD (STRIP CPN)0",1.84,CBF&CBL
XS1024136282,"EUR 3,50 HEINEKEN NV (REG",8.45,CBF&CBL
AT0000A1ERJ5,"EUR 3,00 CESKE DRAHY A.S.",21.52,CBF&CBL
ES00000127V8,"EUR 0,00 SPAIN, KINGDOM O",0.89,CBF&CBL
XS1794352093,"EUR 1,445 ASN BANK N.V. 1",2.24,CBF&CBL
BE0002646272,"EUR 1,922 BRUSSELS, REG. ",11.71,CBF&CBL
DE000SLB8262,"EUR 0,15 LANDESBK SAAR 19",10.43,CBF&CBL
DE000DDA0Y95,"EUR FL.R DZ BANK AG - FFT",7.50,CBF&CBL
DE000NLB3R00,"EUR 0,60 NORD/LB GZ 21-20",14.32,CBF&CBL
FR001400CWI2,"EUR 3,125 ACTION LOGEMENT",3.92,CBF&CBL
DE000A30VNP9,"EUR 3,25 IB SCHLESWIG-HOL",13.26,CBF&CBL
DE000NLB4WD7,"EUR 4,25 NORD/LB GZ 23-20",19.83,CBF&CBL
DE000DW6C9G2,"EUR 3,69 DZ BANK AG - FFT",15.79,CBF&CBL
FRCASA010225,"EUR 0,00 CREDIT AGRICOLE ",17.83,CBF&CBL
BE0002978592,"EUR 3,602 BELFIUS BANK SA",4.28,CBF&CBL
FR001400WO83,"EUR 3,125 CAISSE FCSE DE ",2.00,CBF&CBL
DE000HEL4BK1,"EUR 3,40 LANDESBANK HESS-",17.81,CBF&CBL
DE000DP9BNL6,"EUR 3,70 DZ BANK AG - FFT",15.81,CBF&CBL
BE0002449248,"EUR 3,025 KBC BANK NV (RE",2.61,CBF&CBL
FR0013234523,"EUR 0,00 FRANCE (OAT STRI",0.42,CBF&CBL
XS1615664544,"EUR 1,58 ASN BANK N.V. (R",3.33,CBF&CBL
BE6306343821,"EUR 2,105 COMMUNAUT FRANC",12.24,CBF&CBL
XS2051494495,"EUR 1,125 BRITISH TELECO ",8.96,CBF&CBL
AT0000A2Y7L6,"EUR 1,625 AUSTRIA, REP.OF",1.24,CBF&CBL
DE000LB3PF78,"EUR 3,10 LBK BADEN-WUERTT",7.50,CBF&CBL
DE000HV2AZ45,"EUR 2,58 UNICREDIT BANK 2",1.11,CBF&CBL
DE000LB5WWK9,"EUR 2,75 LBK BADEN-WUERTT",12.04,CBF&CBL
FR001400ZB28,"EUR 3,00 BFCM (BANQUE FE ",12.17,CBF&CBL
DE000BYL0EF5,"EUR 2,45 BAYERISCH.LANDES",13.55,CBF&CBL
DE000DJ9A1V4,"EUR FL.R DZ BANK AG - FFT",15.98,CBF&CBL
FR0014015G56,"GBP 4,25 CADES (REGS) 26-",2.38,CBF&CBL
DE000LB60162,"EUR 2,25 LBK BADEN-WUERTT",7.50,CBF&CBL
DE000LB63VU2,"EUR 2,65 LBK BADEN-WUERTT",7.50,CBF&CBL
FR0010070136,"EUR 0,00 FRANCE (OAT STRI",1.92,CBF&CBL
XS1437013870,"EUR 1,124 ROYAL SCHIPHOL ",5.00,CBF&CBL
BE6291369468,"EUR 1,58 COMMUNAUT FRANCA",2.20,CBF&CBL
XS2177021271,"EUR 0,25 LINDE FIN.BV (RE",5.00,CBF&CBL
BE0002709906,"EUR 1,05 WALLONE, REGION ",6.68,CBF&CBL
XS2405489092,"EUR 0,05 LANDWIRT.RENTENB",1.70,CBF&CBL
EU000A3K4DG1,"EUR 1,25 EUROPEAN UNION (",3.17,CBF&CBL
DE000A30V8Q7,"EUR 2,75 NIEDERSACHSEN LA",1.44,CBF&CBL
FR001400HM92,"EUR 3,9638 CREDIT AGRICOL",10.46,CBF&CBL
EU000A3K4D74,"EUR 3,375 EUROPEAN UNION ",2.28,CBF&CBL
DE000DJ9AAG3,"EUR 4,25 DZ BANK AG - FFT",20.73,CBF&CBL
XS2766752062,"GBP 4,125 NORDIC INVEST.B",0.44,CBF&CBL
AT0000A3BRV2,"EUR 3,05 ERSTE GR.BK AG (",6.65,CBF&CBL
DE000A382988,"EUR 3,250000 MERCEDES-BEN",10.32,CBF&CBL
XS2988555855,"EUR 2,625 MUNICIPALITY FI",10.46,CBF&CBL
EU000A2SCAS8,"EUR 2,875 EFSF (REGS) 25-",5.02,CBF&CBL
FR0129940666,"EUR 0,00 CAISSE DES DEPOT",0.72,CBF&CBL
XS1107247725,"EUR 1,75 EUROP.INVEST.BK ",3.40,CBF&CBL
BE0000344532,"EUR 1,45 BELGIUM, KINGDOM",6.12,CBF&CBL
DE000A2E4EA2,"EUR 1,30 LAND BERLIN 18-2",2.34,CBF&CBL
XS1856834608,"EUR 1,375 BQUE FED.CRED.M",7.50,CBF&CBL
FR0013508694,"EUR 1,375 LA POSTE (REGS)",13.71,CBF&CBL
ES0000012K20,"EUR 0,70 SPAIN, KINGDOM O",2.43,CBF&CBL
DE000A289KP6,"EUR FL.R INVESTITIONSBK 2",0.49,CBF&CBL
ES0001351602,"EUR 3,50 JC.CASTILLA-MANC",2.66,CBF&CBL
XS2753544902,"USD 4,25 BNG BANK N.V. (R",0.85,CBF&CBL
DE000A382475,"EUR 2,625 KFW (REGS) 24-2",0.99,CBF&CBL
DE000A351XW3,"EUR 3,00 DZ HYP AG (REGS)",1.70,CBF&CBL
FR001400WYO4,"EUR 3,60 FRANCE (OAT) 25-",2.75,CBF&CBL
EU000A1ZVYQ9,"EUR 0,77 EUROPEAN UNION (",0.54,CBF&CBL
ES00000128V6,"EUR 0,00 SPAIN, KINGDOM O",0.27,CBF&CBL
BE0000343526,"EUR 2,25 BELGIUM, KINGDOM",10.80,CBF&CBL
FR0013397676,"EUR 1,699 CAISSE FCSE DE ",4.87,CBF&CBL
XS2025480596,"EUR 1,625 ABERTIS INFRAES",8.47,CBF&CBL
FR0013515715,"EUR 0,01 CREDIT MUT ARK S",1.43,CBF&CBL
XS2234567233,"EUR 0,875 VOLKSWAGEN INTL",6.13,CBF&CBL
DE000A3510W6,"EUR 3,00 KSPK.KOELN 24-20",1.63,CBF&CBL
DE000A3825J5,"EUR 2,75 NIEDERSACHSEN LA",0.77,CBF&CBL
XS2853088362,"USD 4,375 FINLAND REP.OF ",2.77,CBF&CBL
FR001400WIO7,"USD FL.R EDF (REGS) 25-20",8.99,CBF&CBL
DE000HEL0LC5,"EUR 3,00 LANDESBANK HESS-",20.80,CBF&CBL
DE000LB6A051,"EUR 2,10 LBK BADEN-WUERTT",7.50,CBF&CBL
DE000LB6E2Z2,"EUR 2,80 LBK BADEN-WUERTT",18.92,CBF&CBL
XS3230666474,"EUR 2,75 DANSKE MTG BK (R",2.06,CBF&CBL
AT0000A3VW41,"EUR 0,00 AUSTRIA, REP.OF ",0.54,CBF&CBL
AT0000A3VW66,"EUR 0,00 AUSTRIA, REP.OF ",0.54,CBF&CBL
IT0003540389,"EUR 0,00 ITALY, REP.OF (B",3.23,CBF&CBL
FR0010511758,"EUR FL.R AUTOROUTE DU SUD",5.00,CBF&CBL
FR0011546886,"EUR 2,59 CAISSE FCSE DE (",2.28,CBF&CBL
IT0005210650,"EUR 1,25 ITALY, REP.OF (R",0.11,CBF&CBL
XS2481608029,"USD 3,00 LANDWIRT.RENTENB",0.99,CBF&CBL
FR001400EFP8,"EUR 2,75 CREDIT MUTUEL H ",0.42,CBF&CBL
FR001400F901,"EUR 3,095 CAISSE DES DEPO",6.15,CBF&CBL
EU000A2SCAM1,"EUR 2,625 EFSF (REGS) 24-",1.95,CBF&CBL
IT0005550220,"EUR 0,00 ITALY, REP.OF (B",5.50,CBF&CBL
FR0014014TL2,"EUR 3,125 BQUE FED.CRED.M",14.59,CBF&CBL
XS3285529148,"EUR 3,35 MANITOBA, PROV.O",5.44,CBF&CBL
BE0002579572,"EUR 1,75 BRUSSELS, REG. O",10.26,CBF&CBL
XS1885955457,"EUR FL.R CA CIB (REGS/437",7.50,CBF&CBL
DE000A2LQK23,"EUR 0,875 INVESTITIONSBK ",1.05,CBF&CBL
XS2066706909,"EUR 0,375 ENEL FINANCE IN",5.00,CBF&CBL
ES0001352626,"EUR 3,711 GALICIA, XUNTA ",1.32,CBF&CBL
DE000BLB9W02,"EUR 2,75 BAYERISCH.LANDES",7.50,CBF&CBL
DE000A351XY9,"EUR 3,125 DZ HYP AG (REGS",0.69,CBF&CBL
DE000DKB0614,"EUR 3,375 DEUTSCHE KREDIT",2.96,CBF&CBL
XS0096412548,"GBP 5,25 RESEAU FERRE DE ",1.16,CBF&CBL
DE000DL19U31,"EUR 0,125000 DEUTSCHE BAN",1.31,CBF&CBL
XS2435787283,"EUR 0,50 QUEBEC,PROVINCE ",3.56,CBF&CBL
ES0413900913,"EUR 3,375 BANCO SANTANDER",1.13,CBF&CBL
FR001400RNW0,"EUR 3,00 CREDIT MUTUEL H ",0.98,CBF&CBL
DE000DJ9AP28,"EUR 2,00 DZ BANK AG - FFT",7.50,CBF&CBL
XS3080786398,"EUR 2,50 INTL.DEVEL..ASSO",1.33,CBF&CBL
DE000CZ45Z05,"EUR FL.R COMMERZBK AG (RE",0.92,CBF&CBL
XS3367253567,"EUR 3,375 SEB (REGS/351) ",14.24,CBF&CBL
XS3512733307,"EUR 0,00 AUSTRIA, REP.OF ",0.54,CBF&CBL
FR0010763177,"GBP 6,125 EDF (REGS) 09-2",18.29,CBF&CBL
FR0010946855,"GBP 5,00 ENGIE (REGS) 10-",31.22,CBF&CBL
ES00000126R8,"EUR 0,00 SPAIN, KINGDOM O",4.97,CBF&CBL
FR0013284734,"EUR 1,474 ALPES COTE D AZ",4.50,CBF&CBL
FR0013341237,"EUR 3,35 CREDIT MUT ARK S",0.59,CBF&CBL
DE000NWB18Q8,"EUR 1,25 NRW.BANK 19-2049",7.95,CBF&CBL
DE000DL19UY4,"EUR 0,687 DEUTSCHE BANK A",50.75,CBF&CBL
ES0000101933,"EUR 0,419 COMUN.DE MADRID",1.71,CBF&CBL
NL00150002A1,"EUR 0,05 NATIONALE NL BAN",4.76,CBF&CBL
BE6333477568,"EUR 0,75 ARGENTA SPAARBAN",0.86,CBF&CBL
XS2673929944,"EUR 3,375 LANDESBANK HESS",0.46,CBF&CBL
FR001400NHX9,"EUR 3,20 REG. ILE DE FRAN",3.04,CBF&CBL
DE000A3H3GP3,"EUR 2,75 SAARLAND 24-2031",1.48,CBF&CBL
AT0000A3ND77,"EUR 2,70 ERSTE GR.BK AG 2",18.38,CBF&CBL
AT0000A3PGQ5,"EUR 3,10 ERSTE GR.BK AG 2",25.29,CBF&CBL
XS3344416287,"EUR 2,875 KFW (REGS) 26-2",1.77,CBF&CBL
DE000A351Z10,"EUR 2,682 SAECHS.AUFBAUBK",7.50,CBF&CBL
DE000A460KN8,"EUR 3,25 INV.UND STR.BK I",24.41,CBF&CBL
DE000A5H28B3,"EUR 3,3965 KFW 26-2041",3.92,CBF&CBL
XS1309061171,"EUR 1,652 LINDE FIN.BV (R",5.00,CBF&CBL
FR0013164530,"EUR 1,183 CAISSE DES DEPO",3.24,CBF&CBL
XS1551917591,"EUR 1,625 ITALGAS SPA (RE",5.00,CBF&CBL
DE000NRW0K03,"EUR 0,95 NORDRHEIN-WESTFA",0.57,CBF&CBL
ES0000090839,"EUR 1,95 JUNTA DE ANDALUC",7.97,CBF&CBL
XS2058989489,"EUR 0,01 DANSKE MTG BK (R",0.46,CBF&CBL
DE000NLB3PF8,"EUR 0,10 NORD/LB GZ 21-20",7.50,CBF&CBL
FR0014001K98,"EUR 0,15 REGION BRETAGNE ",5.53,CBF&CBL
FR0014003OF8,"GBP 0,875 SOC. NAT. SNCF ",0.79,CBF&CBL
XS2430951744,"EUR 0,125 BK OF MONTREAL ",0.40,CBF&CBL
FR001400F4B8,"EUR 3,00 AGENCE FRANCE LO",2.39,CBF&CBL
BE0002923044,"EUR 3,50 WALLONE, REGION ",6.49,CBF&CBL
FI4000549035,"EUR 3,125 OMA SAVINGS BAN",0.67,CBF&CBL
FR001400H8X1,"EUR 3,25 BPCE SFH (REGS) ",0.54,CBF&CBL
DE000DJ9AW60,"EUR 2,10 DZ BANK AG - FFT",12.65,CBF&CBL
DE000A3H2531,"EUR 2,125 BADEN-WUERTTEMB",0.69,CBF&CBL
FR0011461581,"EUR 0,00 FRANCE (OAT STRI",2.70,CBF&CBL
XS0921150974,"USD 3,90 DEUT.TKOM.INT.FI",14.87,CBF&CBL
BE0008524853,"EUR 0,00 BELGIUM, KINGDOM",6.66,CBF&CBL
DE000A2GSR21,"EUR 0,395 WIRTSCHAFTS-INF",5.10,CBF&CBL
IT0004534589,"EUR 0,00 ITALY, REP.OF (B",5.06,CBF&CBL
XS2110832040,"GBP 0,75 EUROP.INVEST.BK ",0.40,CBF&CBL
DE000BLB6JL6,"EUR 0,125 BAYERISCH.LANDE",1.10,CBF&CBL
XS2749477134,"EUR 2,75 DEXIA S.A (REGS)",6.09,CBF&CBL
DE000DJ9AJV3,"EUR 2,70 DZ BANK AG - FFT",9.03,CBF&CBL
DE000RLP1528,"EUR 2,75 RHEINLAND-PFALZ ",1.57,CBF&CBL
DE000LB5KZB6,"EUR 3,30 LBK BADEN-WUERTT",33.38,CBF&CBL
DE000HEL0FJ2,"EUR 2,10 LANDESBANK HESS-",7.50,CBF&CBL
DE000LB601E2,"EUR 3,15 LBK BADEN-WUERTT",24.33,CBF&CBL
DE000LB664K7,"EUR 3,40 LBK BADEN-WUERTT",32.67,CBF&CBL
DE000NRW2WL3,"EUR 4,9775 NORDRHEIN-WEST",4.04,CBF&CBL
XS0952926581,"EUR 3,50 DEUT.TKOM.INT.FI",15.44,CBF&CBL
IT0004976731,"EUR 0,00 ITALY, REP.OF (B",4.92,CBF&CBL
FR0013054897,"EUR 1,75 PARIS, VILLE DE ",3.21,CBF&CBL
DE000HLB4UU3,"EUR 1,15 LANDESBANK HESS-",7.50,CBF&CBL
FR0013371218,"EUR 1,392 REGION PAYS LOI",4.52,CBF&CBL
BE6323710861,"EUR 0,828 WALLONE, REGION",11.72,CBF&CBL
DE000SHFM808,"EUR 0,05 SCHLESWIG-HOLSTE",1.64,CBF&CBL
SK4000017190,"EUR 0,125 SLOVENSKA SPORI",0.44,CBF&CBL
EU000A3K4DY4,"EUR 3,00 EUROPEAN UNION (",4.07,CBF&CBL
DE000LB38945,"EUR FL.R LBK BADEN-WUERTT",7.50,CBF&CBL
FR001400N6J6,"EUR 2,875 BPCE SFH (REGS)",0.36,CBF&CBL
XS2829867527,"EUR 3,125 FEDE.CAIS.DESJA",1.03,CBF&CBL
XS2835735916,"EUR 3,125 DANSKE BANK AS ",1.58,CBF&CBL
DE000SHFM972,"EUR FL.R SCHLESWIG-HOLSTE",0.46,CBF&CBL
DE000HEL0PM5,"EUR 1,95 LANDESBANK HESS-",7.50,CBF&CBL
XS3324593097,"GBP 4,25 L-BANK (REGS/571",2.14,CBF&CBL
DE000NLB2HT8,"EUR FL.R NORD/LB GZ 15-20",11.30,CBF&CBL
XS1505567088,"EUR 0,875 EUROP.INVEST.BK",3.97,CBF&CBL
XS1632891138,"EUR 0,625 BNG BANK N.V. (",0.39,CBF&CBL
DE000DK0JR73,"EUR FL.R DEKABANK (REGS) ",7.50,CBF&CBL
BE6313647149,"EUR 1,25 WALLONE, REGION ",4.06,CBF&CBL
DE000LB388A4,"EUR 3,75 LBK BADEN-WUERTT",12.81,CBF&CBL
DE000LB5JMX0,"USD 3,75 LBK BADEN-WUERTT",7.50,CBF&CBL
DE000HEL0CE0,"EUR 2,35 LANDESBANK HESS-",7.50,CBF&CBL
DE000CZ45ZZ7,"EUR 2,30 COMMERZBK AG 25-",9.86,CBF&CBL
DE000A351UU3,"EUR FL.R LAND, BRANDENBUR",0.39,CBF&CBL
XS3403817003,"GBP 4,50 KFW (REGS) 26-20",2.05,CBF&CBL
IT0001312807,"EUR 0,00 ITALY, REP.OF (B",1.59,CBF&CBL
XS1053372303,"EUR 3,73 SANDVIK AB(PUBL.",14.92,CBF&CBL
DE000A13SWG1,"EUR 1,25 DT. PFANDBRIEFBA",2.72,CBF&CBL
BE0001777318,"EUR 1,76 COMMUNAUT FRANCA",8.68,CBF&CBL
DE000LB12924,"EUR FL.R LBK BADEN-WUERTT",20.85,CBF&CBL
FI4000507231,"EUR 0,125 FINLAND REP.OF ",2.48,CBF&CBL
DE000MHB66F3,"EUR FL.R MUENCHENER HYPOB",7.50,CBF&CBL
XS2615916850,"EUR 3,375 KOMMUNEKREDIT (",33.37,CBF&CBL
AT0000A34D99,"EUR 3,25 BSPK WUESTENROT ",0.40,CBF&CBL
FI4000562301,"EUR FL.R S-BANK LTD 23-20",7.50,CBF&CBL
DE000A11QJS1,"EUR 3,125 OLDENBURGISCHE ",1.60,CBF&CBL
XS2982332319,"EUR 3,50 BMW INTL INV BV ",14.58,CBF&CBL
XS3070018612,"EUR 2,08 DZ BANK AG - FFT",7.50,CBF&CBL
DE000A5H28E7,"EUR 2,895 KFW 26-2028",0.73,CBF&CBL
XS0085727559,"GBP 6 EUROP.INVEST.BK (EU",0.85,CBF&CBL
FR0010870956,"EUR 4,00 FRANCE (REGS OAT",3.85,CBF&CBL
FR0013028362,"EUR 2,10 PARIS, VILLE DE ",9.29,CBF&CBL
DE000A2LQ5K8,"EUR 1,00 KREISSPARK GOEPP",1.92,CBF&CBL
FR0013357407,"EUR 1,40 CREDIT AGRICOLE ",7.50,CBF&CBL
FR0013508033,"EUR 0,287 BNP PARIBAS HOM",0.55,CBF&CBL
DE0001030708,"EUR 0,00 BUNDES DEUTSCH (",0.86,CBF&CBL
DE000SHFM824,"EUR 0,01 SCHLESWIG-HOLSTE",0.34,CBF&CBL
DE000A2YNWB9,"EUR 2,375 ING DIBA AG (RE",1.36,CBF&CBL
DE000DK011U9,"EUR 3,61 DEKABANK 23-2030",13.81,CBF&CBL
XS2721089279,"EUR 3,59 KOMMUNEKREDIT 23",36.15,CBF&CBL
DE000NLB4ZM1,"EUR 2,65 NORD/LB GZ 24-20",7.50,CBF&CBL
XS2919192869,"EUR 2,625 ACHMEA BANK N.V",0.37,CBF&CBL
ES0000012O59,"EUR 2,40 SPAIN, KINGDOM O",0.70,CBF&CBL
DE000LB57N92,"EUR 2,65 LBK BADEN-WUERTT",15.87,CBF&CBL
FI4000609516,"EUR 3,30 FINLAND REP.OF 2",2.99,CBF&CBL
DE000NRW0EQ4,"EUR 2,60 NORDRHEIN-WESTFA",0.50,CBF&CBL
FR0012348878,"EUR 2,081 VILLE DE RENNES",2.00,CBF&CBL
DE000DG4T9X3,"EUR FL.R DZ BANK AG - FFT",7.50,CBF&CBL
XS1957349332,"EUR 0,50 LANDWIRT.RENTENB",0.94,CBF&CBL
FR0013420155,"EUR 1,101 COMP.FINA.FONCI",3.95,CBF&CBL
XS2150006562,"EUR 2,20 JNDR.CASH MGMT (",13.37,CBF&CBL
FR0013531399,"EUR 0,25 SOCIETE GENERALE",7.50,CBF&CBL
DE000A289QR9,"EUR 0,75 MERCEDES-BENZ G ",10.27,CBF&CBL
XS2445188423,"EUR 0,50 ING BANK N.V. (R",0.36,CBF&CBL
DE000A2YNWA1,"EUR 0,625 ING DIBA AG (RE",0.85,CBF&CBL
XS2489343793,"EUR 1,50 KOMMUNEKREDIT (R",8.40,CBF&CBL
IE00BMQ5JM72,"EUR 0,55 IRELAND, REP OF ",7.47,CBF&CBL
XS2407010656,"EUR 0,625 JDE PEET S N.V.",5.00,CBF&CBL
XS2748850687,"EUR 2,625 EXPORT DEV.CANA",0.59,CBF&CBL
XS3178628494,"EUR FL.R BMW FIN.NV (REGS",5.00,CBF&CBL
IT0004976699,"EUR 0,00 ITALY, REP.OF (B",4.32,CBF&CBL
ES00000126E6,"EUR 0,00 SPAIN, KINGDOM O",5.85,CBF&CBL
DE000A1RQC69,"EUR 0,625 HESSEN LAND (RE",0.40,CBF&CBL
XS1823502577,"EUR 1,50 BASF SE (REGS) 1",9.44,CBF&CBL
IT0005399677,"EUR FL.R INTESA SANPAOLO ",2.44,CBF&CBL
XS2191509038,"EUR 0,375 CARLSBERG BREW ",5.00,CBF&CBL
FR0013533403,"EUR 0,01 BPCE (REGS) 20-2",0.39,CBF&CBL
XS2312584779,"EUR 0,01 SR-BOLIGKREDITT ",1.58,CBF&CBL
DE000LB386P6,"EUR FL.R LBK BADEN-WUERTT",25.20,CBF&CBL
FR001400H4K7,"EUR 3,70 SOCIETE GRAND (R",6.12,CBF&CBL
BE0002937184,"EUR 3,295 KBC BANK NV (RE",1.54,CBF&CBL
XS2808189760,"EUR 3,375 DEUTSCHE BAHN A",15.37,CBF&CBL
DE000A383G31,"EUR FL.R INVESTITIONSBK D",7.50,CBF&CBL
XS3080782488,"EUR 2,50 AFRICAN DEV.BK (",1.19,CBF&CBL
XS3083189319,"EUR 2,75 ABN AMRO BK NV (",9.34,CBF&CBL
DE000BYL0E21,"EUR 2,625 BAYERISCH.LANDE",1.53,CBF&CBL
DE000DP9BHF0,"EUR 3,10 DZ BANK AG - FFT",16.28,CBF&CBL
DE000LB69KK3,"EUR 2,90 LBK BADEN-WUERTT",7.50,CBF&CBL
FR0010070128,"EUR 0,00 FRANCE (OAT STRI",1.69,CBF&CBL
DE000HLB2JR6,"EUR FL.R LANDESBANK HESS-",8.52,CBF&CBL
DE000A2AAWG5,"EUR 1,45 LAND, BRANDENBUR",3.19,CBF&CBL
DE000HLB32M3,"EUR 1,05 LANDESBANK HESS-",16.78,CBF&CBL
BE6313833061,"EUR 1,865 WALLONE, REGION",10.89,CBF&CBL
FR0013480514,"EUR 0,25 CRH (REGS) 20-20",2.65,CBF&CBL
EU000A28Z2F7,"EUR 0,20 EUROPEAN UNION (",1.94,CBF&CBL
FR001400AO71,"EUR 1,625 CREDIT AGR HOME",1.28,CBF&CBL
DE000LB517S0,"EUR 2,65 LBK BADEN-WUERTT",9.04,CBF&CBL
DE000NLB5180,"EUR 1,90 NORD/LB GZ 26-20",7.50,CBF&CBL
SI0002504155,"EUR 0,00 SLOVENIA REP.OF ",0.86,CBF&CBL
DE000LB64FV1,"EUR 2,90 LBK BADEN-WUERTT",15.49,CBF&CBL
FR0014019TN7,"EUR FL.R CAISSE DES DEPOT",3.68,CBF&CBL
DE000MHB5153,"EUR 3,073 MUENCHENER HYPO",1.11,CBF&CBL
AT0000A3X180,"EUR 3,875 ERSTE GR.BK AG ",20.45,CBF&CBL
DE000A2G9JD2,"EUR 1,00 KREISSPARK GOEPP",1.51,CBF&CBL
XS1721760541,"EUR 1,50 ORSTED (REGS/9) ",9.51,CBF&CBL
FR0013406626,"EUR 1,20 REGION PAYS LOIR",5.38,CBF&CBL
DE000A2GSRV3,"EUR 0,65 WIRTSCHAFTS-INFR",1.76,CBF&CBL
DE000DDA0R60,"EUR 0,40 DZ BANK AG - FFT",7.50,CBF&CBL
XS2084429963,"EUR 0,00 LANDWIRT.RENTENB",1.24,CBF&CBL
DE000A254P51,"EUR 0,875 LEG IMMOBILIEN ",5.00,CBF&CBL
DE000NLB3B24,"EUR 0,60 NORD/LB GZ 20-20",7.50,CBF&CBL
ES0000012H58,"EUR 1,45 SPAIN, KINGDOM O",7.27,CBF&CBL
DE000BHY0H91,"EUR 0,448 LBK BADEN-WUERT",10.99,CBF&CBL
XS2392593161,"EUR 0,25 ACHMEA BANK N.V ",2.98,CBF&CBL
IT0005496788,"EUR FL.R DEUTSCHE BK AG S",0.37,CBF&CBL
AT0000A2YD59,"EUR 2,50 RAIF.LBK.OBEROS.",0.96,CBF&CBL
FR001400F6E7,"EUR 4,25 AYVENS (REGS) 23",5.00,CBF&CBL
XS2756954835,"USD 4,125 KFW (REGS) 24-2",0.51,CBF&CBL
DE000A460GR7,"EUR FL.R BAUSPARK. SCHWA ",2.56,CBF&CBL
XS3212399193,"EUR FL.R BMW FIN.NV (1125",5.00,CBF&CBL
XS3411892170,"EUR 3,021 SID SLOVENSKA (",14.65,CBF&CBL
FR0010809533,"EUR 0,00 FRANCE (OAT STRI",5.04,CBF&CBL
FR0011526359,"EUR 2,79 BPCE SFH (REGS) ",0.68,CBF&CBL
BE0002600782,"EUR 1,403 BELFIUS BANK SA",2.79,CBF&CBL
FR0013382892,"EUR 1,914 AFD (REGS) 18-2",10.02,CBF&CBL
IT0005408015,"EUR FL.R INTESA SANPAOLO ",2.69,CBF&CBL
DE000A3KK6X5,"EUR 0,202 L-BANK 22-2030",1.64,CBF&CBL
DE000A3MQYR7,"EUR 3,00 LAND BERLIN 23-2",0.63,CBF&CBL
FR001400KDV8,"EUR 4,13 BPCE (REGS) 23-2",20.22,CBF&CBL
SI0002104592,"EUR 3,40 SLOVENIA REP.OF ",0.86,CBF&CBL
DE000LB5JDK6,"EUR 2,95 LBK BADEN-WUERTT",21.54,CBF&CBL
FR001400Z719,"EUR 3,421 BPCE (BANQUE PO",19.80,CBF&CBL
DE000DJ9A008,"EUR 1,85 DZ BANK AG - FFT",7.50,CBF&CBL
DE000NLB54C6,"EUR 2,875 NORD/LB GZ (REG",1.90,CBF&CBL
IT0005716797,"EUR 3,375 UNICREDIT SPA (",2.09,CBF&CBL
FR0129939627,"USD 0,00 CAISSE DES DEPOT",0.71,CBF&CBL
XS0807189690,"EUR 2,786 ABN AMRO BK NV ",1.09,CBF&CBL
XS1756716764,"EUR 0,75 CNCL.EU DEV.BK (",0.32,CBF&CBL
XS1834053149,"EUR 1,518 ABN AMRO BK NV ",3.61,CBF&CBL
FR0013403383,"EUR 1,805 AFD 19-2049",10.20,CBF&CBL
DE0001102473,"EUR 0,00 BUNDES DEUTSCH 1",0.64,CBF&CBL
FR0013448776,"EUR 0,05 BPIFRANCE (REGS)",2.14,CBF&CBL
XS2451376219,"EUR 1,375 DEUTSCHE BAHN A",16.00,CBF&CBL
SK4000026860,"EUR 3,30 SLOVAK, REP. 25-",3.11,CBF&CBL
DE000BU22114,"EUR 2,00 BUNDES DEUTSCH 2",0.26,CBF&CBL
DE000LB6HC52,"EUR 2,30 LBK BADEN-WUERTT",12.84,CBF&CBL
XS3276183343,"EUR 2,875 BAWAG (AT) (REG",1.91,CBF&CBL
DE000BU0E444,"EUR 0,00 BUNDES DEUTSCH 1",0.20,CBF&CBL
FR0012969707,"EUR 2,08 PARIS, VILLE DE ",6.31,CBF&CBL
DE000A2GS2H6,"EUR 1,07 MUENCHENER HYPOB",0.71,CBF&CBL
FR0013259082,"EUR 1,768 CRED. AGRICOLE ",27.82,CBF&CBL
DE000DG4UF92,"EUR FL.R DZ BANK AG - FFT",7.50,CBF&CBL
DE000A2GSR70,"EUR 0,101 WIRTSCHAFTS-INF",3.18,CBF&CBL
XS2332592760,"EUR 0,125 BNG BANK N.V. (",2.33,CBF&CBL
IE000GVLBXU6,"EUR 3,00 IRELAND, REP OF ",7.14,CBF&CBL
DE000BU2D004,"EUR 2,50 BUNDES DEUTSCH (",3.94,CBF&CBL
DE000LB59A61,"EUR 2,90 LBK BADEN-WUERTT",23.15,CBF&CBL
DE000DJ9A0E2,"EUR 2,21 DZ BANK AG - FFT",7.50,CBF&CBL
XS3275405309,"EUR 2,75 NATL BK CANADA (",1.63,CBF&CBL
IT0005729220,"EUR 0,00 ITALY, REP.OF (B",0.43,CBF&CBL
FR0010482307,"EUR 0,00 FRANCE (OAT PRIN",0.73,CBF&CBL
FR0011950716,"EUR 2,675 DEPARTEM VAL OI",0.72,CBF&CBL
FR0013522703,"EUR 1,125 RTE EDF TRANSPO",28.62,CBF&CBL
DE000HLB4017,"EUR 0,36 LANDESBANK HESS-",13.68,CBF&CBL
BE6326462254,"EUR 0,25 WALLONE, REGION ",6.56,CBF&CBL
ES0413679509,"EUR FL.R BANKINTER 21-202",0.35,CBF&CBL
DE000MHB64W3,"EUR 0,03 MUENCHENER HYPOB",7.50,CBF&CBL
ES00001010D3,"EUR 1,744 COMUN.DE MADRID",12.74,CBF&CBL
XS2366415110,"EUR 1,125 THERMO FISHER S",16.98,CBF&CBL
XS2381566616,"EUR 0,00 BNG BANK N.V. (R",0.75,CBF&CBL
XS2714460719,"EUR 3,485 KNAB N.V. 23-20",0.74,CBF&CBL
IT0005584880,"EUR 3,50 ICCREA BANCA SPA",1.69,CBF&CBL
DE000DJ9AXV4,"EUR 1,65 DZ BANK AG - FFT",7.50,CBF&CBL
DE000HEL0ML4,"USD 3,50 LANDESBANK HESS-",7.50,CBF&CBL
XS3189781589,"EUR 3,385 BCEE LUX. (REGS",27.28,CBF&CBL
BE0390353259,"EUR 3,844 BRUSSELS, REG. ",3.61,CBF&CBL
XS3429326815,"EUR FL.R NATWEST MARKETS ",7.50,CBF&CBL
XS3437589289,"EUR FL.R NED.FIN.MAATSCH.",0.45,CBF&CBL
NL0015074B12,"EUR 0,00 DUTCH STATE 2801",0.39,CBF&CBL
DE000NRW12R5,"EUR FL.R NORDRHEIN-WESTFA",2.65,CBF&CBL
DE0001102598,"EUR FL.R BUNDES DEUTSCH 2",2.27,CBF&CBL
AT000B127303,"EUR 2,90 OBERBANK AG(AT) ",1.78,CBF&CBL
DE000A383B77,"EUR 3,125 SPARKASSE HANNO",1.58,CBF&CBL
XS0544970329,"EUR 5,95 GENERALITAT CATA",4.20,CBF&CBL
DE0003811568,"EUR 0,00 BUNDES DEUTSCH (",2.75,CBF&CBL
XS1877595444,"EUR 1,25 HEINEKEN NV (REG",5.00,CBF&CBL
ES00000129T8,"EUR 0,00 SPAIN, KINGDOM O",7.59,CBF&CBL
BE0000350596,"EUR 0,40 BELGIUM, KINGDOM",8.14,CBF&CBL
XS2451856269,"EUR 1,07 ABN AMRO BK NV 2",8.80,CBF&CBL
XS3324588410,"EUR 3,125 EIKA BOLIGKREDI",2.19,CBF&CBL
FR0014019P10,"EUR 3,664 CAISSE FCSE DE ",3.87,CBF&CBL
DE000A3MQTU1,"EUR 3,375 HAMBURG HANSEST",1.91,CBF&CBL
FR0014001426,"EUR 0,395 PARIS, VILLE DE",11.34,CBF&CBL
XS2289410420,"EUR 0,20 IBRD-WORLD BANK ",7.16,CBF&CBL
DE000A289KG5,"EUR 0,01 INVESTITIONSBK 2",0.50,CBF&CBL
XS2445172187,"EUR 0,50 LANDESBANK HESS-",0.71,CBF&CBL
IT0005579807,"EUR 3,25 MEDIOBANCA SPA (",0.79,CBF&CBL
FR001400PU76,"EUR 3,00 CAISSE DES DEPOT",1.85,CBF&CBL
DE000LB5LJ76,"EUR 2,65 LBK BADEN-WUERTT",14.61,CBF&CBL
XS2642546399,"EUR 3,375 KNAB N.V. (REGS",1.28,CBF&CBL
DE000NLB5AA6,"EUR 2,625 NORD/LB GZ (REG",0.72,CBF&CBL
AT0000A3L979,"EUR 2,15 ERSTE GR.BK AG 2",1.86,CBF&CBL
EU000A4EYPS6,"EUR 0,00 EUROPEAN UNION 0",0.20,CBF&CBL
XS1204140971,"EUR 0,625 NORDEA BK FINLA",0.36,CBF&CBL
XS1884009140,"EUR 1,388 ING BANK N.V. 1",2.72,CBF&CBL
FR0013396876,"EUR 1,50 SCHNEIDER ELEC. ",5.00,CBF&CBL
FR0013533585,"EUR 0,515 DEPT DE L EURE ",8.35,CBF&CBL
IT0004534381,"EUR 0,00 ITALY, REP.OF (B",1.98,CBF&CBL
DE000HLB40X3,"EUR 0,232 LANDESBANK HESS",7.50,CBF&CBL
CZ0001006043,"EUR 0,00 CZECH REPUBLIC 2",0.66,CBF&CBL
AT0000A32232,"EUR 3,25 ERSTE GR.BK AG (",7.50,CBF&CBL
DE000HV2AZ78,"EUR 2,951 UNICREDIT BANK ",1.67,CBF&CBL
XS3035906844,"EUR 2,625 DNB BOLIGKREDIT",1.04,CBF&CBL
DE0003811469,"EUR 0,00 BUNDES DEUTSCH (",0.50,CBF&CBL
DE000BLB4WU5,"EUR FL.R BAYERISCH.LANDES",7.50,CBF&CBL
FR0013368867,"EUR 1,613 CRED.FONCIER (R",3.67,CBF&CBL
DE000SLB8239,"EUR 0,50 LANDESBK SAAR 19",7.50,CBF&CBL
IT0004534449,"EUR 0,00 ITALY, REP.OF (B",3.09,CBF&CBL
FR0014005NW0,"EUR 0,543 AUVERGNE- RHONE",6.29,CBF&CBL
DE000HV2AZT8,"EUR 3,00 UNICREDIT BANK (",0.36,CBF&CBL
FRCASA010209,"EUR 3,90 CREDIT AGRICOLE ",7.50,CBF&CBL
DE000A382277,"EUR FL.R INV.UND STR.BK I",18.06,CBF&CBL
DE000DW6C9F4,"EUR 3,44 DZ BANK AG - FFT",7.50,CBF&CBL
DE000LB57NE5,"EUR 3,15 LBK BADEN-WUERTT",28.53,CBF&CBL
DE000DJ9AZL0,"EUR 2,75 DZ BANK AG - FFT",25.62,CBF&CBL
EU000A4EW8B9,"EUR 0,00 EUROPEAN UNION 2",0.17,CBF&CBL
DE000NRW0GN6,"EUR FL.R NORDRHEIN-WESTFA",2.44,CBF&CBL
DE000A2E4DR8,"EUR 0,70 LAND SACHSEN ANH",0.39,CBF&CBL
XS1720947917,"EUR 0,75 DANSKE BANK AS (",0.40,CBF&CBL
DE000A14JY54,"EUR 0,80 BADEN-WUERTTEMBE",0.60,CBF&CBL
BE0002581594,"EUR FL.R BRUSSELS, REG. O",0.72,CBF&CBL
DE000DDA0QY6,"EUR 0,50 DZ BANK AG - FFT",7.50,CBF&CBL
EU000A1Z99L8,"EUR 0,01 ESM (REGS) 20-20",0.80,CBF&CBL
DE000A2LQZ42,"EUR 0,00 HAMBURGISCHE INV",13.59,CBF&CBL
DE000NLB3TK0,"EUR 0,325 NORD/LB GZ 21-2",15.89,CBF&CBL
ES0422714198,"EUR 3,55 CAJAMAR 23-2029",1.14,CBF&CBL
XS2749486556,"EUR 3,00 OP MORTGAGE BK (",1.79,CBF&CBL
AT0000A3KDS9,"EUR 3,00 ERSTE GR.BK AG (",19.95,CBF&CBL
DE000DJ9AZ91,"EUR 2,56 DZ BANK AG - FFT",10.52,CBF&CBL
DE000NLB54L7,"EUR FL.R NORD/LB GZ 26-20",0.92,CBF&CBL
XS0452187320,"GBP 5,75 ENEL FINANCE INT",25.67,CBF&CBL
FR0010810044,"EUR 0,00 FRANCE (OAT STRI",2.59,CBF&CBL
FR0012697985,"EUR 0,57 SOCIETE GEN.SFH ",0.73,CBF&CBL
XS1443997819,"EUR 0,75 TOTALENERGIES C ",5.00,CBF&CBL
FR0013284254,"EUR 1,375 ENGIE (REGS) 17",7.40,CBF&CBL
DE000BLB5192,"EUR FL.R BAYERISCH.LANDES",7.50,CBF&CBL
XS2024716099,"EUR 1,375 DEUT.TELEKOM 19",18.29,CBF&CBL
FR0013504677,"EUR 1,75 ENGIE (REGS) 20-",5.00,CBF&CBL
FR0014001616,"EUR 0,50 LYON, METROPOLE ",12.86,CBF&CBL
DE000LB38184,"EUR FL.R LBK BADEN-WUERTT",7.50,CBF&CBL
FR001400B5F0,"EUR 2,836 BOURGOGNE FRANC",7.82,CBF&CBL
DE000DFK0TP4,"EUR 1,80 DZ BANK AG - FFT",7.50,CBF&CBL
IT0005387219,"EUR 0,00 ITALY, REP.OF (B",2.02,CBF&CBL
XS3181120539,"EUR 2,75 ACHMEA BANK N.V ",1.79,CBF&CBL
BE6275921219,"EUR 1,50 COMMUNAUT FRANCA",9.62,CBF&CBL
DE000A161WX6,"EUR 1,36 LAND BERLIN 15-2",4.07,CBF&CBL
XS1614327416,"EUR 0,75 DANSKE BANK AS (",0.40,CBF&CBL
FR0013479128,"EUR 0,345 CREDIT AGRICOLE",7.50,CBF&CBL
DE000A2GSSA5,"EUR 0,17 WIRTSCHAFTS-INFR",6.49,CBF&CBL
XS2433385650,"EUR 0,25 NEDERLAND.WATER.",1.88,CBF&CBL
XS2468221747,"EUR 1,125 BAWAG (AT) (REG",0.65,CBF&CBL
DE000DW6C9B3,"EUR 3,70 DZ BANK AG - FFT",15.84,CBF&CBL
DE000DJ9AJ59,"EUR 2,90 DZ BANK AG - FFT",22.53,CBF&CBL
DE000DJ9AQ76,"EUR 2,10 DZ BANK AG - FFT",8.07,CBF&CBL
DE0001789394,"EUR 2,50 SACHSEN, FREISTA",1.57,CBF&CBL
DE000A3825T4,"EUR 3,00 DZ HYP AG (REGS)",2.47,CBF&CBL
XS3109446610,"EUR 3,125 POLAND, REP.OF ",4.30,CBF&CBL
DE000A4EKSF2,"EUR FL.R TRATON FIN LUX (",5.00,CBF&CBL
DE000HEL0UK9,"EUR 2,00 LANDESBANK HESS-",7.50,CBF&CBL
DE000DP9BMR5,"EUR 2,60 DZ BANK AG - FFT",7.50,CBF&CBL
DE000HEL0ZS1,"EUR 3,25 LANDESBANK HESS-",18.46,CBF&CBL
DE0001143329,"EUR 0,00 BRD (STRIP CPN) ",0.70,CBF&CBL
IT0004002835,"EUR 0,00 ITALY, REP.OF (B",4.10,CBF&CBL
XS0916345621,"EUR 3,25 HEINEKEN NV (REG",17.29,CBF&CBL
AT0000A10G94,"EUR 2,525 RAIF.LBK.OBEROS",1.39,CBF&CBL
DE000A14KQY1,"EUR 1,35 LAND BERLIN 15-2",0.50,CBF&CBL
FR0013384567,"EUR 1,45 LA POSTE (REGS) ",5.79,CBF&CBL
DE000A14JZN7,"EUR 0,01 BADEN-WUERTTEMBE",0.40,CBF&CBL
FR00140012O7,"EUR 0,55 DEPARTM LOIRET 2",11.07,CBF&CBL
XS2289593670,"EUR 0,01 DNB BOLIGKREDIT ",1.54,CBF&CBL
DE000A289NP0,"EUR 0,125 LAND, BRANDENBU",5.43,CBF&CBL
FR0014006KT0,"EUR 0,792 OCCITANIE, REG ",9.82,CBF&CBL
DE000MHB4784,"EUR FL.R MUENCHENER HYPOB",0.40,CBF&CBL
FR001400NNC1,"EUR 3,072 CREDIT MUT ARK ",2.14,CBF&CBL
ES0440609479,"EUR FL.R CAIXABANK, S.A. ",0.50,CBF&CBL
AT0000A3L961,"EUR 2,30 ERSTE GR.BK AG 2",7.50,CBF&CBL
DE000BYL0FV9,"EUR 1,90 BAYERISCH.LANDES",7.50,CBF&CBL
DE000LB6GM28,"EUR 2,30 LBK BADEN-WUERTT",8.32,CBF&CBL
DE000LB5JR47,"EUR 2,65 LBK BADEN-WUERTT",11.48,CBF&CBL
XS3285777713,"EUR 2,50 DEKABANK (REGS) ",1.39,CBF&CBL
FR0000578551,"EUR 0,00 FRANCE (OAT STRI",0.25,CBF&CBL
FR0013421815,"EUR 1,00 CRED. AGRICOLE L",9.72,CBF&CBL
XS2291340433,"EUR 0,75 SAGAX EURO MTN (",5.00,CBF&CBL
XS2386583145,"EUR 0,125 HUNGARY, REP.OF",2.54,CBF&CBL
DE000NLB4QQ1,"EUR 4,10 NORD/LB GZ 23-20",18.29,CBF&CBL
BE0002863448,"EUR 2,344 BRUSSELS, REG. ",10.73,CBF&CBL
DE000DW6C490,"EUR FL.R DZ BANK AG - FFT",15.07,CBF&CBL
DE000DK012F8,"EUR 3,59 DEKABANK 24-2029",9.55,CBF&CBL
DE000DB9VMR9,"EUR 3,10 DEUTSCHE BANK AG",7.98,CBF&CBL
DE000DJ9AKF4,"EUR 3,01 DZ BANK AG - FFT",31.52,CBF&CBL
IT0005596470,"EUR 4,05 ITALY, REP.OF (B",3.55,CBF&CBL
BE0312817894,"EUR 0,00 BELGIUM, KINGDOM",0.69,CBF&CBL
DE000HV2A1C7,"EUR 2,625 UNICREDIT BANK ",1.47,CBF&CBL
FR0129570638,"EUR 0,00 BANQUE DE FRANCE",0.12,CBF&CBL
BE0008067168,"EUR 0,00 BELGIUM, KINGDOM",3.56,CBF&CBL
FR0010172320,"EUR 0,00 FRANCE (OAT STRI",3.79,CBF&CBL
FR0010809574,"EUR 0,00 FRANCE (OAT STRI",5.46,CBF&CBL
FR0011461524,"EUR 0,00 FRANCE (OAT STRI",1.71,CBF&CBL
FR0013258456,"EUR 1,603 HSBC CONTINENTA",18.29,CBF&CBL
XS1837071080,"EUR 1,506 ASN BANK N.V. (",3.62,CBF&CBL
XS1894619847,"EUR 1,12 DNB BOLIGKREDIT ",0.81,CBF&CBL
DE000A2DAF93,"EUR 1,306 WIRTSCHAFTS-INF",4.95,CBF&CBL
XS1969600748,"EUR 1,75 CNH IND FIN EU (",5.00,CBF&CBL
XS2466426215,"EUR 1,125 SANTANDER UK PL",0.36,CBF&CBL
FR001400APV3,"EUR 2,162 REG CENTRE-VAL ",7.76,CBF&CBL
DE000A30VPZ3,"EUR 2,50 EMISSIONSKONSOR ",6.73,CBF&CBL
FR001400IDW0,"EUR 4,125 SOCIETE GENERAL",7.50,CBF&CBL
DE000HV2AZ11,"EUR 3,33 UNICREDIT BANK (",0.61,CBF&CBL
DE000NWB1W93,"EUR 2,46 NRW.BANK 25-2027",0.50,CBF&CBL
AT000B122064,"EUR FL.R VOLKSBANK WIEN 2",0.39,CBF&CBL
DE000A3513W0,"EUR 3,125 LAND BERLIN 25-",2.73,CBF&CBL
XS3275406885,"EUR 2,75 DNB BOLIGKREDIT ",1.61,CBF&CBL
FR0010809459,"EUR 0,00 FRANCE (OAT STRI",1.69,CBF&CBL
BE6209526712,"EUR 3,625 BELGIUM, KINGDO",9.30,CBF&CBL
BE0002612902,"EUR 1,294 BELFIUS BANK SA",2.88,CBF&CBL
AT000B049754,"EUR 0,625 UNICREDIT BK AT",0.88,CBF&CBL
IT0005388647,"EUR 0,25 BCA.POP.DELL ALT",0.47,CBF&CBL
DE000A289KB6,"EUR 0,50 SAARLAND (REGS) ",7.08,CBF&CBL
FR001400D8W7,"EUR 3,29 REG CENTRE-VAL (",3.76,CBF&CBL
FR001400EO69,"EUR 3,05 PARIS, VILLE DE ",6.29,CBF&CBL
XS2620585658,"EUR 3,773 BP CAPITAL MRKT",9.14,CBF&CBL
FRCASA010290,"EUR 3,30 CREDIT AGRICOLE ",21.27,CBF&CBL
DK0009414336,"EUR 3,00 JYSKE REALKREDI ",1.53,CBF&CBL
IT0005550147,"EUR 0,00 ITALY, REP.OF (B",4.26,CBF&CBL
DE000HEL0AM7,"EUR 2,10 LANDESBANK HESS-",7.50,CBF&CBL
FR001400Z156,"EUR 3,34 CREDIT AGRICOLE ",16.04,CBF&CBL
DE000LB619K1,"EUR 2,35 LBK BADEN-WUERTT",7.50,CBF&CBL
XS0123713652,"EUR FL.R LANDESBK HESSEN-",12.24,CBF&CBL
IT0004976715,"EUR 0,00 ITALY, REP.OF (B",4.63,CBF&CBL
EU000A1Z0AY3,"EUR 0,519 EUROPEAN UNION ",0.80,CBF&CBL
XS1231204006,"EUR 1,37 BNP PARIBAS (REG",7.50,CBF&CBL
XS1548773982,"EUR 0,625 LANDESBANK HESS",0.36,CBF&CBL
FR0013284650,"EUR 1,015 COMP.FINA.FONCI",0.77,CBF&CBL
FR0013324373,"EUR 1,875 SANOFI (REGS) 1",22.05,CBF&CBL
ES00000129F7,"EUR 0,00 SPAIN, KINGDOM O",4.44,CBF&CBL
AT0000A2CFT1,"EUR 0,50 RAIF.LBK.OBEROS.",2.61,CBF&CBL
XS2106563161,"EUR 0,01 BAWAG (AT) (REGS",0.46,CBF&CBL
DE000HLB40H6,"EUR 0,664 LANDESBANK HESS",18.93,CBF&CBL
DE000HCB0BE6,"EUR 0,55 HAMBURG COM BK 2",7.67,CBF&CBL
DE000NLB3284,"EUR 4,00 NORD/LB GZ 22-20",15.15,CBF&CBL
NL0015001GS6,"EUR 3,195 NATIONALE NL BA",1.70,CBF&CBL
BE6348335736,"EUR FL.R COMMUNAUT FRANCA",3.13,CBF&CBL
DE000LB39EG7,"EUR 3,57 LBK BADEN-WUERTT",22.20,CBF&CBL
EU000A3LX098,"EUR 2,875 EUROP.INVEST.BK",1.08,CBF&CBL
ES0413900947,"EUR 3,125 BANCO SANTANDER",0.92,CBF&CBL
DE000NLB5BG1,"EUR 2,85 NORD/LB GZ 25-20",19.94,CBF&CBL
DE000DJ9AUS6,"EUR 2,00 DZ BANK AG - FFT",7.50,CBF&CBL
XS3150740531,"EUR 3,056 AB SVENSK EXP (",4.07,CBF&CBL
DE000LB69KM9,"EUR 3,10 LBK BADEN-WUERTT",13.27,CBF&CBL
ES00000125H1,"EUR 0,00 SPAIN, KINGDOM O",1.08,CBF&CBL
FR0013200987,"EUR 0,00 FRANCE (OAT STRI",0.05,CBF&CBL
DE000DK0JRP5,"EUR FL.R DEKABANK (REGS) ",7.50,CBF&CBL
AT0000A1ZGE4,"EUR 0,75 AUSTRIA, REP.OF ",0.75,CBF&CBL
XS2293753856,"GBP 0,25 DEXIA S.A (REGS)",5.00,CBF&CBL
DE000SLB8650,"EUR 0,40 LANDESBK SAAR 21",16.42,CBF&CBL
DE000A3SJZS4,"EUR 2,625 WIRTSCHAFTS-INF",5.64,CBF&CBL
FR001400JML2,"EUR 3,426 CREDIT AGRICOLE",2.44,CBF&CBL
DE000A351XN2,"EUR 3,42 DZ HYP AG 23-203",2.44,CBF&CBL
FR001400QCF0,"EUR FL.R CAISSE DES DEPOT",4.54,CBF&CBL
AT0000A36FH3,"EUR 3,75 ERSTE GR.BK AG (",7.50,CBF&CBL
AT0000A3LMT6,"EUR 2,70 ERSTE GR.BK AG 2",12.29,CBF&CBL
IT0005138828,"EUR 1,25 ITALY, REP.OF (R",4.70,CBF&CBL
XS1794199551,"EUR 1,44 ASN BANK N.V. (R",2.24,CBF&CBL
FR0013375284,"EUR 1,235 CA CIB 18-2026",7.50,CBF&CBL
XS1953240261,"EUR 2,125 TELIA COMPANY A",19.61,CBF&CBL
XS1958534528,"EUR 1,00 POLAND, REP.OF (",2.04,CBF&CBL
BE0001799536,"EUR 0,94 VLAAMS GEMEENSCH",12.14,CBF&CBL
XS2203969246,"EUR 0,00 ASFINAG(AT) (REG",0.51,CBF&CBL
ES0000012H25,"EUR 0,00 SPAIN, KINGDOM O",7.20,CBF&CBL
DE000A3E5L80,"EUR FL.R SPARKASSE HOLSTE",1.50,CBF&CBL
DE000LB2ZV93,"EUR 1,75 LBK BADEN-WUERTT",0.50,CBF&CBL
DE000LFA2089,"EUR 3,25 LFA FRDRBK.BAYER",1.46,CBF&CBL
BE0002933142,"EUR 3,75 COMMUNAUT FRANCA",2.69,CBF&CBL
DE000LB5JVR3,"EUR 3,28 LBK BADEN-WUERTT",31.98,CBF&CBL
DE000HEL0FK0,"EUR 2,20 LANDESBANK HESS-",7.50,CBF&CBL
FR001400XUJ0,"EUR 3,00 SOCIETE GEN.SFH ",2.16,CBF&CBL
DE000A351UQ1,"EUR 2,50 LAND, BRANDENBUR",1.58,CBF&CBL
DE000A352AT5,"EUR 2,375 LAND SACHSEN AN",1.65,CBF&CBL
IT0004288616,"EUR 0,00 ITALY, REP.OF (B",4.75,CBF&CBL
SK4120008954,"EUR 3,875 SLOVAK, REP. (R",4.59,CBF&CBL
DE000NRW0KE7,"EUR 1,65 NORDRHEIN-WESTFA",5.65,CBF&CBL
DE000A1685X6,"EUR 1,20 HAMBURG HANSESTA",1.99,CBF&CBL
IT0004534571,"EUR 0,00 ITALY, REP.OF (B",4.93,CBF&CBL
DE000NLB3BH4,"EUR 0,97 NORD/LB GZ 20-20",12.08,CBF&CBL
DE000DDA0YH5,"EUR 0,685 DZ BANK AG - FF",7.50,CBF&CBL
DE000NLB3B32,"EUR 0,70 NORD/LB GZ 20-20",9.27,CBF&CBL
DE000BHY0SC8,"EUR 3,375 LBK BADEN-WUERT",0.66,CBF&CBL
DE000NLB4XT1,"EUR 3,80 NORD/LB GZ 23-20",13.08,CBF&CBL
FR001400N2M9,"EUR 3,75 CREDIT AGRICOLE ",21.34,CBF&CBL
FR0014015E17,"EUR 3,375 BPCE SFH (REGS)",2.59,CBF&CBL
XS3401887057,"EUR 3,125 CIBC CANADA (RE",1.99,CBF&CBL
DE000A5H2729,"EUR FL.R KFW 26-2035",1.28,CBF&CBL
XS1514171914,"EUR 2,00 BANK GOSPODARSTW",28.29,CBF&CBL
FR0013234564,"EUR 0,00 FRANCE (OAT STRI",1.51,CBF&CBL
AT0000A1ZYG2,"EUR 1,04 RAIF.LBK.OBEROS.",1.52,CBF&CBL
DE000NWB0659,"EUR 0,375 NRW.BANK (REGS/",1.30,CBF&CBL
DE000HLB4XZ6,"EUR 0,339 LANDESBANK HESS",9.96,CBF&CBL
DE000SLB8353,"EUR 0,50 LANDESBK SAAR 19",7.80,CBF&CBL
IT0004534324,"EUR 0,00 ITALY, REP.OF (B",0.24,CBF&CBL
IT0005554578,"EUR 3,625 INTESA SANPAOLO",0.64,CBF&CBL
DE000LB5KB59,"EUR 2,70 LBK BADEN-WUERTT",19.68,CBF&CBL
FR001400YS12,"GBP 4,50 AFD (REGS) 25-20",1.57,CBF&CBL
BE0390314830,"EUR 3,117 WALLONE, REGION",1.89,CBF&CBL
DE000HV2A2F8,"EUR 2,50 UNICREDIT BANK 2",15.47,CBF&CBL
ES00000124C5,"EUR 5,15 SPAIN, KINGDOM O",0.97,CBF&CBL
IT0004976657,"EUR 0,00 ITALY, REP.OF (B",3.79,CBF&CBL
DE000BLB46V7,"EUR FL.R BAYERISCH.LANDES",7.50,CBF&CBL
ES00000129Y8,"EUR 0,00 SPAIN, KINGDOM O",9.21,CBF&CBL
DE000A2YPE19,"EUR 0,01 KSPK. LUDWIGSBUR",1.35,CBF&CBL
DE000NLB3S33,"EUR 0,40 NORD/LB GZ 21-20",15.75,CBF&CBL
XS2383492902,"USD 3,30 JT INTL FIN SERV",30.04,CBF&CBL
FR001400IG08,"EUR 4,125 BQUE FED.CRED.M",19.81,CBF&CBL
XS2673564832,"EUR 3,50 DANSKE MTG BK (R",0.90,CBF&CBL
DE000NLB4W93,"EUR 2,90 NORD/LB GZ 24-20",7.50,CBF&CBL
EU000A3LS460,"EUR 2,75 EUROP.INVEST.BK ",1.45,CBF&CBL
XS2850664769,"EUR 3,126 ROYAL BK.CANADA",3.57,CBF&CBL
DE000A4DFWW1,"EUR 3,00 GEMEINSAME BUNDE",2.44,CBF&CBL
DE000LB6GM93,"EUR 3,10 LBK BADEN-WUERTT",25.96,CBF&CBL
FR0010809939,"EUR 0,00 FRANCE (OAT STRI",1.80,CBF&CBL
DE000NRW0CE4,"EUR 2,90 NORDRHEIN-WESTFA",4.93,CBF&CBL
FR0013518933,"EUR 0,286 HOPITAUX PARIS ",2.86,CBF&CBL
XS2393323071,"EUR 0,80 AGCO INTL HOLD (",6.25,CBF&CBL
DE000HV2AYU9,"EUR 0,50 UNICREDIT BANK (",0.36,CBF&CBL
XS2502386142,"EUR 1,792 LANDWIRT.RENTEN",1.45,CBF&CBL
DE000DW6CZK7,"EUR 3,31 DZ BANK AG - FFT",10.58,CBF&CBL
DE000HLB44X5,"EUR 2,45 LANDESBANK HESS-",10.46,CBF&CBL
BE6357166774,"EUR 2,578 BELFIUS BANK SA",7.50,CBF&CBL
SK4000027397,"EUR 2,50 SLOVAK, REP. 25-",2.20,CBF&CBL
AT0000A3R1P8,"EUR 2,70 ERSTE GR.BK AG 2",14.03,CBF&CBL
DE000DP9BF26,"EUR 1,85 DZ BANK AG - FFT",7.50,CBF&CBL
BE0390379510,"EUR 3,625 KBC BANK NV 26-",2.27,CBF&CBL
DE0001030559,"EUR FL.R BUNDES DEUTSCH (",1.58,CBF&CBL
XS1183208328,"EUR 1,00 EUROP.INVEST.BK ",0.97,CBF&CBL
BE0008541055,"EUR 0,00 BELGIUM, KINGDOM",16.34,CBF&CBL
DE000LB128A4,"EUR 2,33 LBK BADEN-WUERTT",14.11,CBF&CBL
XS1995781546,"EUR 1,00 CC.HBC FIN.BV (R",5.00,CBF&CBL
BE0002676576,"EUR 1,00 BRUSSELS, REG. O",13.79,CBF&CBL
DE000NLB3BD3,"EUR 0,87 NORD/LB GZ 20-20",12.00,CBF&CBL
DE000A3H2ZF6,"EUR 0,00 KFW (REGS) 21-20",1.68,CBF&CBL
EU000A3KM903,"EUR 0,20 EUROPEAN UNION (",2.17,CBF&CBL
FR001400B9R7,"USD FL.R BPCE (REGS) 22-2",8.95,CBF&CBL
DE000NLB35J0,"EUR 4,00 NORD/LB GZ 23-20",18.90,CBF&CBL
XS2613259774,"EUR 3,00 BNG BANK N.V. (R",1.35,CBF&CBL
DE000NLB4VN8,"EUR 4,00 NORD/LB GZ 23-20",15.19,CBF&CBL
XS2900265559,"USD 3,75 CADES (REGS/40) ",0.47,CBF&CBL
FR0014016EE4,"EUR 3,125 SAGESS (REGS) 2",15.32,CBF&CBL
FR0011475219,"EUR FL.R PARIS, VILLE DE ",1.23,CBF&CBL
FR0012222024,"EUR 1,99 BPCE SFH (REGS) ",3.84,CBF&CBL
XS1503131713,"EUR 1,00 TERNA RETE. SPA ",6.28,CBF&CBL
DE000NLB3RY5,"EUR 0,15 NORD/LB GZ 21-20",7.50,CBF&CBL
DE000BLB6JK8,"EUR 0,05 BAYERISCH.LANDES",1.63,CBF&CBL
FR001400DZI3,"EUR 2,875 CADES (REGS) 22",0.48,CBF&CBL
DE000BU0E451,"EUR 0,00 BUNDES DEUTSCH 1",0.23,CBF&CBL
XS0702076489,"EUR 3,21 BRITISH COLUMBIA",4.40,CBF&CBL
DE000NRW0GD7,"EUR FL.R NORDRHEIN-WESTFA",0.49,CBF&CBL
XS1180157544,"EUR 1,862 ITALY, REP.OF (",0.68,CBF&CBL
XS2194283839,"EUR 1,625 INFINEON TECH.A",8.31,CBF&CBL
BE0002873546,"EUR FL.R BRUSSELS, REG. O",5.44,CBF&CBL
IT0005550345,"EUR 0,00 ITALY, REP.OF (B",7.04,CBF&CBL
DE000LB5LJ50,"EUR 2,40 LBK BADEN-WUERTT",8.51,CBF&CBL
FR001400YPD1,"EUR 3,00 CREDIT AGR HOME ",1.73,CBF&CBL
DE000LB5Y7Q7,"EUR 2,85 LBK BADEN-WUERTT",20.64,CBF&CBL
FR0011461607,"EUR 0,00 FRANCE (OAT STRI",3.11,CBF&CBL
BE0002440155,"EUR 3,065 BELFIUS BANK SA",2.93,CBF&CBL
XS1559895054,"EUR 1,617 ASN BANK N.V. (",3.23,CBF&CBL
DE000DDA0K83,"EUR FL.R DZ BANK AG - FFT",7.50,CBF&CBL
BE0002633148,"EUR 1,50 BRUSSELS, REG. O",7.16,CBF&CBL
XS2152796269,"EUR 2,00 AIRBUS SE (REGS/",5.00,CBF&CBL
DE000LB2BZ63,"EUR 2,40 LBK BADEN-WUERTT",7.50,CBF&CBL
DE000NLB4UW1,"EUR 3,20 NORD/LB GZ 23-20",7.50,CBF&CBL
DE000BLB9WY6,"EUR 2,80 BAYERISCH.LANDES",7.50,CBF&CBL
BE0000361700,"EUR 3,50 BELGIUM, KINGDOM",9.87,CBF&CBL
DE000LB6GK38,"EUR 3,35 LBK BADEN-WUERTT",33.18,CBF&CBL
DE000BYL0GP9,"EUR 2,63 BAYERISCH.LANDES",11.65,CBF&CBL
DE000A289NL9,"EUR 0,01 LAND, BRANDENBUR",0.59,CBF&CBL
NL0015436072,"EUR 0,01 NATIONALE NL BAN",1.34,CBF&CBL
DE000MHB61Z2,"EUR 0,19 MUENCHENER HYPOB",12.61,CBF&CBL
DE000A254RK6,"EUR 1,625 KSPK.KOELN 22-2",0.40,CBF&CBL
XS2587748174,"EUR 2,75 LANDWIRT.RENTENB",1.81,CBF&CBL
DE000NLB4YK8,"EUR FL.R NORD/LB GZ 24-20",7.50,CBF&CBL
BE0002981620,"EUR 3,375 BELFIUS BANK SA",1.00,CBF&CBL
FR001400PTR1,"EUR 0,00 CAISSE DES DEPOT",3.82,CBF&CBL
IT0005595720,"EUR FL.R INTESA SANPAOLO ",0.37,CBF&CBL
XS2989575589,"EUR FL.R LEASYS S.P.A. (R",5.00,CBF&CBL
DE000DJ9AUM9,"EUR 2,975 DZ BANK AG - FF",11.86,CBF&CBL
DE000LB59A04,"EUR 2,05 LBK BADEN-WUERTT",7.50,CBF&CBL
DE000NLB5073,"EUR 2,45 NORD/LB GZ 25-20",14.03,CBF&CBL
DE000A460ES0,"EUR FL.R NIEDERSACHSEN LA",0.49,CBF&CBL
FR0011461599,"EUR 0,00 FRANCE (OAT STRI",2.90,CBF&CBL
XS1043097630,"EUR 3,125 BRITISH AMERICA",7.37,CBF&CBL
XS1225157533,"EUR 0,75 NATIONWIDE BS (R",2.99,CBF&CBL
ES0000101735,"EUR 2,398 COMUN.DE MADRID",3.18,CBF&CBL
AT000B092796,"EUR 1,415 RAIFFEISEN-LAND",2.92,CBF&CBL
BE6293260947,"EUR 2,16 WALLONE, REGION ",8.74,CBF&CBL
IT0005246134,"EUR 1,30 ITALY, REP.OF (B",1.39,CBF&CBL
IT0005247959,"EUR 0,00 ITALY, REP.OF (B",8.04,CBF&CBL
XS2389362687,"EUR 0,01 SOR BOLIGKREDITT",0.71,CBF&CBL
FR001400JI88,"EUR 0,60 FRANCE (REGS OAT",3.98,CBF&CBL
DE000LB39ED4,"USD 4,875 LBK BADEN-WUERT",0.46,CBF&CBL
DE000LB5CXN3,"USD 3,40 LBK BADEN-WUERTT",13.35,CBF&CBL
XS2897313263,"EUR 2,50 KOMM.INV.I SVERI",7.50,CBF&CBL
DE000DJ9AYU4,"EUR 2,15 DZ BANK AG - FFT",13.15,CBF&CBL
DE000SLB8080,"EUR 1,17 LANDESBK SAAR 18",7.50,CBF&CBL
XS1970682214,"EUR 1,21 ASN BANK N.V. (R",3.21,CBF&CBL
DE000HLB4Y44,"EUR 0,725 LANDESBANK HESS",7.50,CBF&CBL
BE0002247162,"EUR 1,08 BELFIUS BANK SA/",1.73,CBF&CBL
DE000A2YNZ16,"EUR 0,05 KFW (REGS) 19-20",2.84,CBF&CBL
FR0014006TX3,"EUR 0,75 PARIS, VILLE DE ",8.94,CBF&CBL
FR001400DNU4,"EUR 3,125 SOC. NAT. SNCF ",0.77,CBF&CBL
DE000A351SV5,"EUR 4,31 DEUTSCHE BANK AG",17.53,CBF&CBL
DE000A383NU1,"EUR 3,327 KSPSK HEILBRONN",6.63,CBF&CBL
XS3000592363,"EUR 2,875 SVENSKA HBN.(PU",16.24,CBF&CBL
AT0000A3KE04,"EUR 2,70 ERSTE GR.BK AG 2",9.05,CBF&CBL
XS3268973966,"GBP 3,875 CNCL.EU DEV.BK ",0.90,CBF&CBL
FR0014017VS6,"EUR 3,25 UNEDIC (REGS) 26",2.33,CBF&CBL
DE000SLB9252,"EUR 3,75 LANDESBK SAAR 26",25.97,CBF&CBL
AT0000A3VG25,"EUR 3,00 RAIF.LBK.OBEROS.",1.53,CBF&CBL
XS1923629114,"EUR 1,529 ASN BANK N.V. (",3.75,CBF&CBL
DE000A2NB908,"EUR 0,00 LAND BERLIN 20-2",1.84,CBF&CBL
DE000BU4K013,"EUR 0,00 BUNDES DEUTSCH 2",1.63,CBF&CBL
FR001400IVN1,"EUR 3,64 AGENCE FRANCE LO",6.34,CBF&CBL
BE0002995760,"EUR 3,463 BRUSSELS, REG. ",6.47,CBF&CBL
XS2907249457,"EUR 2,875 UNICREDIT BK CZ",1.14,CBF&CBL
DE000LB5KB42,"EUR 2,65 LBK BADEN-WUERTT",17.14,CBF&CBL
DE000HLB45G7,"EUR 3,304 LANDESBANK HESS",30.83,CBF&CBL
ES0440609495,"EUR FL.R CAIXABANK, S.A. ",0.62,CBF&CBL
FR00140134M3,"EUR 2,50 CCF SFH (REGS) 2",0.88,CBF&CBL
DE000HCB0CK1,"EUR 2,72 HAMBURG COM BK 2",7.50,CBF&CBL
DE000LB62RU2,"EUR 2,75 LBK BADEN-WUERTT",9.31,CBF&CBL
DE000LB64FT5,"EUR 2,70 LBK BADEN-WUERTT",9.56,CBF&CBL
FR0129704203,"EUR 0,00 BANQUE DE FRANCE",0.03,CBF&CBL
XS3518455541,"EUR 0,00 AUSTRIA, REP.OF ",0.54,CBF&CBL
IT0005248205,"EUR 0,00 ITALY, REP.OF (B",11.76,CBF&CBL
FR0013284205,"EUR 1,375 GECINA SA (REGS",5.00,CBF&CBL
XS1702822567,"EUR 1,542 DNB BOLIGKREDIT",3.45,CBF&CBL
BE0001785394,"EUR 2,07 WALLONE, REGION ",10.29,CBF&CBL
DE000DDA0M81,"EUR 0,75 DZ BANK AG - FFT",7.50,CBF&CBL
FR0013417375,"EUR 1,187 BPCE SFH (REGS)",3.92,CBF&CBL
FR0013478047,"EUR 0,01 AXA BK EUROPE SC",0.36,CBF&CBL
FR00140000Z8,"EUR 0,224 METROPOLE D AIX",0.72,CBF&CBL
FR0014002GI0,"EUR FL.R CADES (REGS) 21-",1.27,CBF&CBL
DE000CZ43ZW9,"EUR 3,21 COMMERZBK AG 23-",4.96,CBF&CBL
DE000A351PN8,"EUR 3,00 LAND BERLIN 24-2",1.02,CBF&CBL
FR001400R427,"EUR FL.R CREDIT MUTUEL H ",2.97,CBF&CBL
EU000A3L2773,"EUR 2,625 EUROP.INVEST.BK",1.58,CBF&CBL
XS2909743648,"EUR 2,625 CIBC CANADA (RE",1.16,CBF&CBL
XS3030091329,"EUR 2,875 EBRD 25-2032",1.16,CBF&CBL
EU000A4EG039,"EUR 4,00 EUROPEAN UNION (",4.13,CBF&CBL
XS1549401625,"EUR 1,375 SNCF MOBILITES ",3.48,CBF&CBL
XS1609719916,"EUR 1,075 NIEDEROESTERREI",0.50,CBF&CBL
DE000DG4UDV8,"EUR FL.R DZ BANK AG - FFT",7.50,CBF&CBL
ES0440609404,"EUR 1,64 CAIXABANK S.A. (",2.17,CBF&CBL
BE6312821612,"EUR 1,125 ANHEUSER-BUSCH ",5.00,CBF&CBL
FR0013428489,"EUR 0,375 ENGIE (REGS) 19",5.00,CBF&CBL
XS2185867913,"EUR 1,625 AIRBUS SE (REGS",9.55,CBF&CBL
FR0013521390,"EUR 0,61 REG. ILE DE FRAN",8.34,CBF&CBL
DE000RLP1379,"EUR 1,50 RHEINLAND-PFALZ ",5.56,CBF&CBL
AT0000A324S8,"EUR 2,90 AUSTRIA, REP.OF ",2.98,CBF&CBL
DE000BHY0JY1,"EUR 3,375 LBK BADEN-WUERT",0.51,CBF&CBL
DE000DW6C6F0,"EUR 3,60 DZ BANK AG - FFT",15.46,CBF&CBL
DE000NLB4XV7,"EUR 3,30 NORD/LB GZ 23-20",7.50,CBF&CBL
XS2758065796,"EUR 3,00 NORDEA MORTGAGE ",1.64,CBF&CBL
DE000NWB2TA0,"EUR 2,75 NRW.BANK (REGS) ",0.69,CBF&CBL
DE000A382640,"EUR 2,625 DT. PFANDBRIEFB",0.97,CBF&CBL
FR0011370378,"EUR 2,915 COMP.FINA.FONCI",2.07,CBF&CBL
DE000A14KK24,"EUR 1,53 DEUT.GENOSS-HYPO",3.25,CBF&CBL
DE000NRW0KB3,"EUR 0,50 NORDRHEIN-WESTFA",0.40,CBF&CBL
IT0005337834,"EUR FL.R UNICREDIT SPA (R",0.37,CBF&CBL
BE6313317727,"EUR 1,375 BRUSSELS, REG. ",7.31,CBF&CBL
XS2209794408,"EUR 0,00 KFW (REGS) 20-20",0.77,CBF&CBL
IT0005248007,"EUR 0,00 ITALY, REP.OF (B",8.75,CBF&CBL
DE000LB1P0D5,"EUR FL.R LBK BADEN-WUERTT",7.50,CBF&CBL
XS1940195560,"EUR 1,55 ING BANK N.V. (R",3.87,CBF&CBL
DE000NLB3DK4,"EUR 0,25 NORD/LB GZ 20-20",7.50,CBF&CBL
FR0013524568,"EUR 0,537 AFD 20-2040",8.40,CBF&CBL
FR0014000SL3,"EUR 0,30 BOURGOGNE FRANCH",8.81,CBF&CBL
XS2307309380,"EUR 0,00 TOYOTA MOTO.FIN.",5.00,CBF&CBL
AT0000A2VB39,"EUR 0,45 ERSTE GR.BK AG 2",10.23,CBF&CBL
DE000SLB8809,"EUR 3,64 LANDESBK SAAR 22",26.72,CBF&CBL
DE000DJ9AE96,"EUR FL.R DZ BANK AG - FFT",10.45,CBF&CBL
DE000NLB41R1,"EUR 2,90 NORD/LB GZ 24-20",9.11,CBF&CBL
DE000NLB41S9,"EUR 3,00 NORD/LB GZ 24-20",12.20,CBF&CBL
DE000LB5R7A0,"EUR 2,75 LBK BADEN-WUERTT",19.82,CBF&CBL
XS3048138492,"EUR 3,669 PROV OF ALBERTA",5.76,CBF&CBL
DE000DP9BER2,"EUR 2,00 DZ BANK AG - FFT",8.27,CBF&CBL
DE000DG4UBC2,"EUR FL.R DZ BANK AG - FFT",7.50,CBF&CBL
BE0002855360,"EUR 1,625 BELFIUS BANK SA",1.35,CBF&CBL
XS2722190795,"EUR 4,00 DEUTSCHE BAHN AG",25.59,CBF&CBL
FR001400RJX6,"EUR 3,15 AFD (REGS) 24-20",0.72,CBF&CBL
DE000LB5JMR2,"EUR 2,35 LBK BADEN-WUERTT",7.50,CBF&CBL
XS2965716959,"EUR 1,00 ACHMEA BANK N.V ",1.86,CBF&CBL
XS3186899970,"EUR 3,25 SASKATCHEWAN PRO",3.61,CBF&CBL
DE000A3MQTN6,"EUR FL.R HAMBURG HANSESTA",0.38,CBF&CBL
DE000DP9BE19,"EUR 3,13 DZ BANK AG - FFT",21.86,CBF&CBL
DE000DK0EW30,"EUR FL.R DEKABANK 17-2027",7.50,CBF&CBL
DE000HLB4SD3,"EUR FL.R LANDESBANK HESS-",7.50,CBF&CBL
DE000LB34MQ0,"EUR 3,10 LBK BADEN-WUERTT",10.71,CBF&CBL
FR001400I186,"EUR 3,875 CREDIT MUTU ARK",7.50,CBF&CBL
EU000A1Z99S3,"EUR 3,00 ESM (REGS) 23-20",1.36,CBF&CBL
DE000A31RJZ2,"EUR 3,625 DT. PFANDBRIEFB",0.39,CBF&CBL
EU000A3K4EU0,"EUR 3,25 EUROPEAN UNION (",3.76,CBF&CBL
IT0005597379,"EUR 3,25 BANCO BPM S.P.A ",1.63,CBF&CBL
EU000A4ECKZ8,"EUR 2,875 EUROP.INVEST.BK",1.69,CBF&CBL
XS3241239386,"EUR 4,00 AUSTRIA, REP.OF ",3.74,CBF&CBL
XS3302361913,"EUR 3,891 ONTARIO,PROVINC",7.32,CBF&CBL
DE000LB64FW9,"EUR 3,00 LBK BADEN-WUERTT",17.97,CBF&CBL
XS1397134609,"EUR 1,00 LINDE FIN.BV (01",5.00,CBF&CBL
DE000A1R0196,"EUR 1,367 WIRTSCHAFTS-INF",4.36,CBF&CBL
FR0013489259,"EUR 0,00 UNEDIC (REGS) 20",1.58,CBF&CBL
FR0014000485,"EUR 0,08 DEPART DES BOUCH",1.97,CBF&CBL
DE000HCB0A29,"EUR 0,375 HAMBURG COM BK ",7.50,CBF&CBL
FR0014006NV0,"EUR 0,30 SOCIETE GRAND (R",2.18,CBF&CBL
AT0000A32695,"EUR 2,875 OBEROEST.LBK AG",0.47,CBF&CBL
FR001400FZ24,"EUR 3,125 CREDIT MUTUEL H",0.36,CBF&CBL
DE000NLB4WS5,"EUR 3,50 NORD/LB GZ 23-20",10.31,CBF&CBL
XS2744491874,"EUR 2,625 NEDERLAND.WATER",2.39,CBF&CBL
DE000A30V398,"EUR 2,875 BREMEN HANSTADT",1.56,CBF&CBL
LU2922074849,"EUR 2,625 LUXEMBOURG, G-D",2.49,CBF&CBL
DE000LB5K7Q3,"EUR 2,25 LBK BADEN-WUERTT",8.27,CBF&CBL
DE000HEL0DF5,"EUR 2,10 LANDESBANK HESS-",7.50,CBF&CBL
DE000A4DFKP0,"EUR 2,75 DZ HYP AG (REGS)",2.31,CBF&CBL
XS0208462910,"EUR 5,265 AUSTRIA, REP.OF",2.33,CBF&CBL
FR0010765859,"EUR 5,20 SUEZ 09-2027",5.00,CBF&CBL
EU000A1ZVYR7,"EUR 0,77 EUROPEAN UNION (",0.74,CBF&CBL
XS2102284622,"EUR 0,10 BNG BANK N.V. (R",1.29,CBF&CBL
DE000DHY5074,"EUR 0,01 NORD/LB GZ (REGS",0.36,CBF&CBL
FR00140005B8,"EUR 0,00 SOCIETE GRAND (R",1.91,CBF&CBL
BE6331175826,"EUR 0,50 ARGENTA SPAARBAN",4.29,CBF&CBL
FR0014006CN0,"EUR 0,924 REGION PAYS LOI",10.04,CBF&CBL
XS2625968347,"EUR 3,25 BMW FIN.NV (REGS",9.62,CBF&CBL
FR001400N9R3,"EUR 3,178 BPCE SFH 24-204",4.84,CBF&CBL
DE000BU2Z049,"EUR 2,50 BUNDES DEUTSCH 2",1.61,CBF&CBL
DE000LB5P5A6,"EUR 2,70 LBK BADEN-WUERTT",11.59,CBF&CBL
XS2982058583,"GBP 4,75 NEDERLAND.WATER.",0.61,CBF&CBL
XS3022548260,"EUR XXX ING BANK N.V. 25-",1.19,CBF&CBL
DE000LFA2485,"EUR 2,25 LFA FRDRBK.BAYER",0.67,CBF&CBL
DE000A14J0U2,"EUR 3,20 NATIXIS PFANDBRI",1.96,CBF&CBL
XS2488800405,"EUR 1,75 ROYAL BK.CANADA ",1.05,CBF&CBL
XS0126293207,"GBP 5,125 EBRD 01-2032",1.95,CBF&CBL
XS0554753938,"EUR 4,17 UNIBAIL-ROD WES ",11.64,CBF&CBL
IT0005248122,"EUR 0,00 ITALY, REP.OF (B",10.49,CBF&CBL
DE000DG4UFB5,"EUR FL.R DZ BANK AG - FFT",7.50,CBF&CBL
DE000NLB3ZN1,"EUR 2,25 NORD/LB GZ 22-20",14.50,CBF&CBL
XS2436160183,"EUR 1,375 ACCIONA ENERGIA",15.16,CBF&CBL
DE000SLB4253,"EUR 0,25 LANDESBK SAAR (R",0.93,CBF&CBL
DE000SLB8882,"EUR 3,983 LANDESBK SAAR 2",20.43,CBF&CBL
BE0390154202,"EUR FL.R BELFIUS BANK SA/",7.50,CBF&CBL
DE000LB5GFY8,"EUR 3,20 LBK BADEN-WUERTT",27.24,CBF&CBL
FR001400TL81,"EUR 3,309 CREDIT MUTU ARK",23.18,CBF&CBL
BE0390193598,"EUR 3,25 VLAAMS GEMEENSCH",3.13,CBF&CBL
DE000BYL0C49,"USD 4,222 BAYERISCH.LANDE",0.39,CBF&CBL
XS3319130731,"EUR FL.R HENKEL AG+CO KGA",5.00,CBF&CBL
DE000DB9WSD4,"EUR 2,90 DEUTSCHE BANK AG",10.23,CBF&CBL
IT0004288608,"EUR 0,00 ITALY, REP.OF (B",4.60,CBF&CBL
FR0011461540,"EUR 0,00 FRANCE (OAT STRI",1.94,CBF&CBL
DE000MHB1954,"EUR FL.R MUENCHENER HYPOB",0.74,CBF&CBL
DE000A2G8W16,"EUR 0,00 BREMEN HANSTADT ",7.07,CBF&CBL
DE000A2TSDV6,"EUR 0,05 DZ HYP AG (REGS)",0.98,CBF&CBL
ES0000012G42,"EUR 1,20 SPAIN, KINGDOM O",4.16,CBF&CBL
EU000A1Z99N4,"EUR FL.R ESM (REGS) 21-20",0.05,CBF&CBL
BE0002822030,"EUR 0,981 BRUSSELS, REG. ",12.14,CBF&CBL
IT0005499543,"EUR 2,375 MEDIOBANCA SPA ",0.37,CBF&CBL
DE000NLB4UA7,"EUR 4,00 NORD/LB GZ 23-20",19.45,CBF&CBL
DE000NLB4WW7,"EUR 4,00 NORD/LB GZ 23-20",19.93,CBF&CBL
DE000LB5GFU6,"EUR 2,90 LBK BADEN-WUERTT",13.81,CBF&CBL
FR001400UO44,"EUR 3,40 CREDIT MUT ARK S",2.33,CBF&CBL
XS3002812066,"EUR FL.R OP CORPOR BK PL ",7.50,CBF&CBL
ES0000012M36,"EUR 0,00 SPAIN, KINGDOM O",4.64,CBF&CBL
XS3112552313,"GBP 4,75 BMW INTL INV BV ",11.68,CBF&CBL
FR0014011243,"EUR 2,50 CRELAN HOME LOA ",1.30,CBF&CBL
DE000CZ45Z39,"EUR FL.R COMMERZBK AG (RE",0.84,CBF&CBL
DE000NRW0QM7,"EUR 3,30 NORDRHEIN-WESTFA",3.02,CBF&CBL
DE000NLB5537,"EUR FL.R NORD/LB GZ 26-20",0.80,CBF&CBL
FR0010809996,"EUR 0,00 FRANCE (OAT STRI",1.58,CBF&CBL
FR0011286822,"EUR FL.R OSEO 12-2029",1.47,CBF&CBL
AT0000A17Z78,"EUR FL.R NIEDEROESTERREIC",1.48,CBF&CBL
DE000A14J2Q6,"EUR 0,375 FMS WERTMANAGEM",1.26,CBF&CBL
XS1626191792,"EUR 1,25 NEDERLAND.WATER.",1.97,CBF&CBL
DE000DK0EW48,"EUR FL.R DEKABANK 17-2027",7.50,CBF&CBL
DE000NWB18B0,"EUR 2,75 NRW.BANK (REGS) ",0.50,CBF&CBL
XS2014373851,"EUR 0,75 COOP RABOBK UA (",3.62,CBF&CBL
XS2024602240,"EUR 0,10 ASFINAG(AT) (REG",1.40,CBF&CBL
NL0014075509,"EUR 0,125 COOP RABOBK UA ",0.76,CBF&CBL
DE000A2LQPH0,"EUR 0,25 HAMBURG HANSESTA",4.05,CBF&CBL
DE000DJ9ABS6,"EUR 3,50 DZ BANK AG - FFT",7.55,CBF&CBL
ES0000012O00,"EUR 2,70 SPAIN, KINGDOM O",1.53,CBF&CBL
DE000A460PB2,"EUR 2,875 KSPK. LUDWIGSBU",2.82,CBF&CBL
NL0015073VV8,"EUR 2,75 DUTCH STATE 26-2",3.03,CBF&CBL
DE000BYL0K64,"EUR 2,35 BAYERISCH.LANDES",7.50,CBF&CBL
XS0306646042,"EUR 5,625 ENEL SPA (REGS)",5.00,CBF&CBL
XS1874729970,"EUR 1,42 ABN AMRO BK NV 1",2.68,CBF&CBL
DE000LB12965,"EUR FL.R LBK BADEN-WUERTT",7.98,CBF&CBL
XS2105085208,"EUR 0,05 CNCL.EU DEV.BK (",0.78,CBF&CBL
DE000SLB1481,"EUR 0,70 LANDESBK SAAR 22",2.41,CBF&CBL
DE000BLB6JR3,"EUR 2,875 BAYERISCH.LANDE",1.87,CBF&CBL
FR001400H626,"EUR FL.R AUVERGNE- RHONE ",0.72,CBF&CBL
FR001400IAR6,"EUR 3,49 REGION BRETAGNE ",1.87,CBF&CBL
DE000DW6C532,"EUR 2,50 DZ BANK AG - FFT",15.52,CBF&CBL
DE000BU4Z110,"EUR 0,00 BUNDES DEUTSCH 2",6.48,CBF&CBL
DE000HEL0MA7,"EUR 2,15 LANDESBANK HESS-",7.50,CBF&CBL
DE000LB5DV39,"EUR 2,80 LBK BADEN-WUERTT",23.53,CBF&CBL
DE000A3MQTA3,"EUR 2,625 HAMBURG HANSEST",1.56,CBF&CBL
DE000A30V4C6,"EUR 2,375 BREMEN HANSTADT",0.34,CBF&CBL
DE000LB57R64,"EUR 2,00 LBK BADEN-WUERTT",7.50,CBF&CBL
DE000A460BG1,"EUR 2,00 SPARKASS.PFORZHE",7.50,CBF&CBL
XS3402832441,"EUR 3,00 AFRICAN DEV.BK (",1.85,CBF&CBL
DE000DP9BLB1,"EUR 2,35 DZ BANK AG - FFT",7.50,CBF&CBL
BE0008063126,"EUR 0,00 BELGIUM, KINGDOM",1.02,CBF&CBL
FR0013154143,"EUR 0,00 FRANCE (OAT STRI",6.28,CBF&CBL
XS2066563524,"EUR 0,741 HYPO VORARLBERG",29.85,CBF&CBL
XS2176785447,"EUR 2,00 ENI SPA (REGS/26",11.66,CBF&CBL
DE000A3H2TW4,"EUR 0,375 EWE AG (REGS) 2",17.40,CBF&CBL
BE0002764455,"EUR 0,274 BRUSSELS, REG. ",8.86,CBF&CBL
XS3241318503,"EUR 2,99 AUSTRIA, REP.OF ",6.84,CBF&CBL
DE000DB9WKH2,"EUR 2,15 DEUTSCHE BANK AG",8.06,CBF&CBL
DE000A161R69,"EUR 2,918 BAYERISCHE LAND",2.35,CBF&CBL
DE000SLB1697,"EUR 3,48 LANDESBK SAAR (R",2.65,CBF&CBL
DE000SHFM691,"EUR 0,125 SCHLESWIG-HOLST",0.93,CBF&CBL
XS2354444379,"EUR 1,125 JDE PEET S N.V.",18.62,CBF&CBL
FR0014006OB0,"EUR 1,00 SOCIETE GRAND (R",7.85,CBF&CBL
DE000A383EE4,"EUR 3,115 BAUSPARK. SCHWA",3.97,CBF&CBL
DE000DJ9APA4,"EUR 3,70 DZ BANK AG - FFT",7.50,CBF&CBL
IT0005650855,"EUR 2,625 MEDIOBANCA SPA ",1.38,CBF&CBL
XS3346850392,"EUR 2,963 ASN BANK N.V. (",1.22,CBF&CBL
XS3375191486,"EUR 3,125 PACCAR FIN.EURO",6.86,CBF&CBL
EU000A1ZVYP1,"EUR 0,77 EUROPEAN UNION (",0.29,CBF&CBL
ES0000012B47,"EUR 2,70 SPAIN, KINGDOM O",4.84,CBF&CBL
DE000HV2ARE7,"EUR 0,937 UNICREDIT BANK ",1.55,CBF&CBL
XS2391860926,"EUR 0,475 LAND SACHSEN AN",9.30,CBF&CBL
DE000NLB4Y18,"EUR 3,40 NORD/LB GZ 23-20",10.42,CBF&CBL
DE000SLB8940,"EUR 3,71 LANDESBK SAAR 24",12.07,CBF&CBL
DE000A1RQE26,"EUR FL.R HESSEN LAND 25-2",0.49,CBF&CBL
DE000A1RQE83,"EUR 2,50 HESSEN LAND (REG",1.50,CBF&CBL
FR0014015GO0,"EUR FL.R BQUE FED.CRED.MU",7.58,CBF&CBL
DE000A3H2572,"EUR FL.R BADEN-WUERTTEMBE",0.85,CBF&CBL
DE000SLB9278,"EUR 3,20 LANDESBK SAAR 26",15.37,CBF&CBL
FR0011158849,"GBP 5,375 SUEZ 11-2030",11.86,CBF&CBL
XS1148073205,"EUR 2,25 REPSOL INTL.FIN.",5.00,CBF&CBL
DE000NRW0GC9,"EUR 1,11 NORDRHEIN-WESTFA",1.61,CBF&CBL
XS1180459395,"EUR 2,192 ITALY, REP.OF (",2.62,CBF&CBL
XS2176710510,"EUR 0,01 HYPO NOE LANDES ",0.37,CBF&CBL
XS2226241854,"EUR 0,125 NEDERLAND.WATER",3.15,CBF&CBL
XS2301120379,"USD 1,00 DZ BANK AG - FFT",7.50,CBF&CBL
DE000A3H2481,"EUR 0,01 INV.UND STR.BK I",14.08,CBF&CBL
FR001400AQH0,"EUR 0,10 FRANCE (OAT) 22-",5.73,CBF&CBL
DE000SHFM857,"EUR 2,375 SCHLESWIG-HOLST",1.74,CBF&CBL
DE000HLB5352,"EUR 2,60 LANDESBANK HESS-",8.13,CBF&CBL
DE000A351PM0,"EUR 3,00 LAND BERLIN (REG",6.02,CBF&CBL
AT0000A2QBR4,"EUR FL.R ERSTE GR.BK AG (",0.35,CBF&CBL
DE000NRW0PU2,"EUR 2,65 NORDRHEIN-WESTFA",1.27,CBF&CBL
DE000A3H2556,"EUR 2,875 BADEN-WUERTTEMB",2.89,CBF&CBL
FR0011461573,"EUR 0,00 FRANCE (OAT STRI",2.49,CBF&CBL
IT0004976749,"EUR 0,00 ITALY, REP.OF (B",5.06,CBF&CBL
XS1048424532,"EUR 3,08 UNIBAIL-ROD WES ",19.28,CBF&CBL
XS1577960203,"EUR 2,375 TAURON POLSKA (",5.00,CBF&CBL
BE6301481709,"EUR 1,93 COMMUNAUT FRANCA",10.10,CBF&CBL
FR0013378254,"EUR 1,27 VILLE DE RENNES ",2.30,CBF&CBL
ES0000012C53,"EUR 0,00 SPAIN, KINGDOM O",6.53,CBF&CBL
AT0000A2AQ52,"EUR 0,585 NIEDEROESTERREI",8.79,CBF&CBL
XS2823117556,"EUR FL.R SANTANDER UK PL ",0.35,CBF&CBL
DE000BYL0F12,"EUR 2,75 BAYERISCH.LANDES",16.65,CBF&CBL
BE0934300931,"EUR 5,441 ENI FINANCE INT",5.00,CBF&CBL
DE000NLB8FJ0,"EUR FL.R NORD/LB GZ 15-20",10.67,CBF&CBL
FR0012829406,"EUR 2,25 SUEZ SA 15-2030",11.05,CBF&CBL
DE000DDA0RV0,"EUR 0,375 DZ BANK AG - FF",7.50,CBF&CBL
DE000NWB18M7,"EUR 1,20 NRW.BANK 19-2039",5.02,CBF&CBL
XS1979447064,"EUR 0,375 FINNVERA PLC (R",6.10,CBF&CBL
FR0013424074,"EUR 0,6825 HOPITAUX PARIS",3.54,CBF&CBL
DE000SLB8502,"EUR 0,795 LANDESBK SAAR 2",18.91,CBF&CBL
DE000NLB3WP3,"EUR 0,70 NORD/LB GZ 22-20",8.28,CBF&CBL
DE000DJ9AHN4,"EUR FL.R DZ BANK AG - FFT",10.79,CBF&CBL
NL0015002CW5,"EUR FL.R ABN AMRO BK NV (",0.85,CBF&CBL
FR001400XJE4,"EUR 3,00 SAGESS (REGS) 25",12.42,CBF&CBL
DE000HEL4AJ5,"EUR FL.R LANDESBANK HESS-",14.44,CBF&CBL
XS3189771515,"USD 3,05 DZ BK AG (REGS/A",7.83,CBF&CBL
FR0129783595,"EUR 0,00 ACOSS (BT) 26-20",0.92,CBF&CBL
FR0010172213,"EUR 0,00 FRANCE (OAT STRI",2.47,CBF&CBL
BE6275557450,"EUR 1,564 WALLONE, REGION",5.22,CBF&CBL
DE000MHB2440,"EUR 0,886 MUENCHENER HYPO",5.05,CBF&CBL
ES0000106601,"EUR 2,50 BASQUE COUNTRY 1",6.41,CBF&CBL
DE000A1919H2,"EUR 2,50 JAB HOLDINGS B.V",8.26,CBF&CBL
DE000A2YPAD6,"EUR 0,00 GEMEINSAME BUNDE",1.03,CBF&CBL
FR0013493426,"EUR 0,125 CREDIT AGRICOLE",7.50,CBF&CBL
DE000DFK0AK5,"EUR 0,55 DZ BANK AG - FFT",7.50,CBF&CBL
DE000A161RL1,"EUR 0,03 BAYERISCHE LANDB",3.14,CBF&CBL
FR001400I9C2,"EUR 3,625 AGENCE FRANCE L",6.18,CBF&CBL
DE000HEL0FD5,"EUR 2,20 LANDESBANK HESS-",8.70,CBF&CBL
AT0000A3JH04,"EUR 3,25 HYPO NOE LANDES ",14.47,CBF&CBL
DE000DJ9AUL1,"EUR 2,25 DZ BANK AG - FFT",11.85,CBF&CBL
DE000BYL0HW3,"EUR 3,37 BAYERISCH.LANDES",24.67,CBF&CBL
DE000HV2A1T1,"EUR 2,316 UNICREDIT BANK ",0.94,CBF&CBL
IT0004848591,"EUR 0,00 ITALY, REP.OF (B",3.67,CBF&CBL
FR0011591148,"EUR 3,15 PARIS, VILLE DE ",1.44,CBF&CBL
FR0013250362,"EUR 1,60 DEPARTEM VAL OIS",3.13,CBF&CBL
FR0013252228,"EUR 1,50 UNEDIC (REGS) 17",2.28,CBF&CBL
XS2101336316,"EUR 0,375 ABN AMRO BK NV ",2.62,CBF&CBL
DE000DDA0ZR1,"EUR FL.R DZ BANK AG - FFT",11.25,CBF&CBL
ES0457089029,"EUR 0,125 C. RURAL CAST-M",1.60,CBF&CBL
FR001400F7C9,"EUR 2,875 AFD (REGS) 23-2",2.29,CBF&CBL
XS2835735163,"EUR FL.R DANSKE BANK AS (",0.35,CBF&CBL
DE000LB52LZ5,"EUR 3,32 LBK BADEN-WUERTT",30.51,CBF&CBL
XS3009004535,"EUR 2,625 AB SVERIGES SAK",1.18,CBF&CBL
FR001400ZYI9,"EUR 3,75 PARIS, VILLE DE ",4.65,CBF&CBL
DE000NLB5GQ9,"EUR FL.R NORD/LB GZ 25-20",11.94,CBF&CBL
DE000HV2A0Z0,"EUR 2,35 UNICREDIT BANK 2",13.30,CBF&CBL
NL0015002P70,"EUR 3,50 DUTCH STATE 25-2",5.92,CBF&CBL
EU000A2SCAV2,"EUR 2,50 EFSF (REGS) 25-2",2.82,CBF&CBL
XS3265588007,"USD 3,15 DZ BK AG (REGS/A",8.24,CBF&CBL
XS3515142993,"USD 0,00 AUSTRIA, REP.OF ",0.53,CBF&CBL
EU000A1G30R0,"EUR 3,375 EUROPEAN UNION ",2.22,CBF&CBL
FR0011351261,"GBP 3,765 COMP.FINA.FONCI",2.21,CBF&CBL
XS1703841210,"EUR 0,00 IBRD-WORLD BANK ",7.51,CBF&CBL
FR0013453172,"EUR 0,01 AXA HOME LOAN (R",1.09,CBF&CBL
XS2104915207,"EUR 0,01 ROYAL BK.CANADA ",0.40,CBF&CBL
FR0014001MN0,"EUR 0,01 BPCE (REGS) 21-2",2.99,CBF&CBL
ES0000012E28,"EUR 0,00 SPAIN, KINGDOM O",11.27,CBF&CBL
DE000NLB3Z75,"EUR 2,25 NORD/LB GZ (REGS",0.36,CBF&CBL
FR001400J2V6,"EUR 4,125 BPCE (REGS) 23-",7.50,CBF&CBL
AT0000A2XLJ6,"EUR 1,60 ERSTE GR.BK AG 2",7.50,CBF&CBL
DE000LB5JDG4,"EUR 2,80 LBK BADEN-WUERTT",13.99,CBF&CBL
DE000A4DFTC9,"EUR 3,06 KFW (REGS) 25-20",2.75,CBF&CBL
DE000NLB5016,"EUR 1,90 NORD/LB GZ 25-20",7.50,CBF&CBL
DE0001108504,"EUR 0,00 BUNDES DEUTSCH (",2.90,CBF&CBL
FR0010482323,"EUR 0,00 FRANCE (OAT PRIN",3.48,CBF&CBL
ES00000120B5,"EUR 0,00 SPAIN, KINGDOM O",3.98,CBF&CBL
FR0011472414,"EUR 2,97 DEP SEINE ET MAR",0.79,CBF&CBL
ES0440609164,"EUR FL.R CAIXABANK S.A. 1",0.35,CBF&CBL
IT0005377004,"EUR FL.R INTESA SANPAOLO ",2.10,CBF&CBL
BE0002712934,"EUR 1,22 WALLONE, REGION ",11.60,CBF&CBL
AT0000A30665,"EUR 2,50 ERSTE GR.BK AG 2",7.50,CBF&CBL
AT0000A320B2,"EUR FL.R ERSTE GR.BK AG 2",7.50,CBF&CBL
DE000A30WF68,"EUR 2,875 DT. PFANDBRIEFB",0.84,CBF&CBL
AT000B093604,"EUR FL.R RAIFFEISEN-LAND ",0.42,CBF&CBL
ES0422714206,"EUR 3,375 CAJAMAR (REGS) ",1.02,CBF&CBL
FR001400PDB9,"EUR 3,67 SOC. NAT. SNCF (",9.01,CBF&CBL
DE000DJ9AR59,"EUR 1,95 DZ BANK AG - FFT",7.50,CBF&CBL
DE000LB6GLE6,"EUR 2,69 LBK BADEN-WUERTT",13.85,CBF&CBL
DE000HEL4BS4,"EUR 3,12 LANDESBANK HESS-",8.95,CBF&CBL
XS1367138762,"EUR 1,213 DNB BOLIGKREDIT",3.18,CBF&CBL
DE000A2TR208,"EUR 0,75 LAND SACHSEN ANH",0.92,CBF&CBL
FR0013413168,"EUR 1,15 AUVERGNE- RHONE ",7.40,CBF&CBL
AT0000A2GUE3,"EUR 1,20 ERDOL LAGER 20-2",29.67,CBF&CBL
AT0000A2T198,"EUR 0,25 AUSTRIA, REP.OF ",4.78,CBF&CBL
IT0005482994,"EUR 0,10 ITALY, REP.OF (B",5.32,CBF&CBL
ES0000012G67,"EUR 0,00 SPAIN, KINGDOM O",0.38,CBF&CBL
DE000DB9VNX5,"EUR 3,00 DEUTSCHE BANK AG",8.42,CBF&CBL
DE000DJ9ARB8,"EUR 2,10 DZ BANK AG - FFT",11.09,CBF&CBL
DE000A383U09,"EUR FL.R SAARLAND 25-2035",1.18,CBF&CBL
NL0015002D74,"EUR FL.R ABN AMRO BK NV 2",1.30,CBF&CBL
EU000A2SCAR0,"EUR 2,50 EFSF (REGS) 25-2",1.29,CBF&CBL
SI0002104923,"EUR 2,75 SLOVENIA REP.OF ",0.96,CBF&CBL
FI4000587415,"EUR 3,00 FINLAND REP.OF 2",3.95,CBF&CBL
DE000RLP1635,"EUR 2,75 RHEINLAND-PFALZ ",2.48,CBF&CBL
XS3388170964,"EUR 3,625 BRITISH COLUMBI",5.53,CBF&CBL
DE000HEL0YR6,"EUR 2,85 LANDESBANK HESS-",10.06,CBF&CBL
XS1768125160,"EUR 1,50 COOPERATIEVE RAB",20.20,CBF&CBL
FR0013371192,"EUR 1,601 BPCE SFH (REGS)",3.69,CBF&CBL
DE000DK0TZX1,"EUR 0,65 DEKABANK (REGS) ",9.63,CBF&CBL
XS2001737910,"EUR 1,125 TELENOR ASA (RE",7.07,CBF&CBL
AT0000A2CN04,"EUR 0,125 OBERBANK AG(AT)",1.32,CBF&CBL
DE000HV2AYS3,"EUR 0,375 UNICREDIT BANK ",2.00,CBF&CBL
FR001400ABK6,"EUR 1,75 CREDIT MUT ARK S",1.74,CBF&CBL
DE000A1RQEE0,"EUR 1,75 HESSEN LAND 22-2",0.40,CBF&CBL
XS2939527102,"EUR FL.R BMW FIN.NV (REGS",5.00,CBF&CBL
XS3196504230,"EUR FL.R DANSKE BANK AS (",0.35,CBF&CBL
DE000CZ457P8,"EUR 2,30 COMMERZBK AG 25-",11.09,CBF&CBL
AT0000A3WAT8,"EUR 3,15 ERSTE GR.BK AG 2",18.32,CBF&CBL
XS3519669470,"EUR 0,00 AUSTRIA, REP.OF ",0.54,CBF&CBL
BE6249397751,"EUR 3,50 COMMUNAUT FRANCA",7.81,CBF&CBL
DE000A2BPJ11,"EUR 1,125 DEUT.GENOSS-HYP",2.80,CBF&CBL
IT0005274805,"EUR 2,05 ITALY, REP.OF (R",0.40,CBF&CBL
XS2262065233,"EUR 0,50 TENNET NETHERLA ",27.05,CBF&CBL
DE000DJ9ACE4,"EUR 3,45 DZ BANK AG - FFT",11.15,CBF&CBL
DE000LB59Z54,"EUR 2,50 LBK BADEN-WUERTT",13.11,CBF&CBL
XS3226698879,"EUR FL.R DANSKE BANK AS (",7.50,CBF&CBL
XS3344655512,"EUR 3,00 CNCL.EU DEV.BK (",1.33,CBF&CBL
XS3441656454,"USD 4,50 ITALY, REP.OF (R",3.16,CBF&CBL
ES0000093270,"EUR 3,90 CANARIAS, COMUNI",5.25,CBF&CBL
FR0013154093,"EUR 0,00 FRANCE (OAT STRI",5.05,CBF&CBL
FR0013305216,"EUR 1,112 AFD 17-2031",3.30,CBF&CBL
DE000NRW0L77,"EUR 0,463 NORDRHEIN-WESTF",3.10,CBF&CBL
DE000A254S82,"EUR 0,01 MECKLENBURG-VORP",0.34,CBF&CBL
DE000NLB3ST3,"EUR 0,20 NORD/LB GZ 21-20",7.50,CBF&CBL
XS2433126807,"EUR 0,01 LANDESBANK HESS-",0.36,CBF&CBL
DE000MHB4586,"EUR 0,867 MUENCHENER HYPO",6.02,CBF&CBL
DE000LB382B5,"EUR FL.R LBK BADEN-WUERTT",7.50,CBF&CBL
BE0000356650,"EUR 2,75 BELGIUM, KINGDOM",6.51,CBF&CBL
XS2608652934,"EUR 3,125 DEV.BK OF JAPAN",7.50,CBF&CBL
FR001400JMM0,"EUR 3,371 CREDIT AGRICOLE",1.56,CBF&CBL
XS2676440048,"EUR 3,125 KOMM.INV.I SVER",7.50,CBF&CBL
DE000CZ439Z5,"EUR 2,55 COMMERZBK AG 24-",31.74,CBF&CBL
FR001400WLD4,"EUR FL.R BQUE FED.CRED.MU",7.50,CBF&CBL
DE000LB56E60,"EUR 2,45 LBK BADEN-WUERTT",9.48,CBF&CBL
DE000HEL0JA3,"EUR 1,70 LANDESBANK HESS-",7.50,CBF&CBL
DE000NLB5EG5,"EUR 2,20 NORD/LB GZ 25-20",10.00,CBF&CBL
BE0312818900,"EUR 0,00 BELGIUM, KINGDOM",0.69,CBF&CBL
IE000LQ7YWY4,"EUR 2,60 IRELAND, REP OF ",4.15,CBF&CBL
XS2850581476,"EUR 3,30 BRITISH COLUMBIA",8.93,CBF&CBL
DE000LB6XFS3,"EUR FL.R LBK BADEN-WUERTT",7.50,CBF&CBL
EU000A1G0BJ5,"EUR 3,00 EFSF (REGS) 13-2",4.80,CBF&CBL
XS2026172713,"EUR 0,632 BNG BANK N.V. (",8.54,CBF&CBL
XS2424374465,"EUR 0,59 BRITISH COLUMBIA",9.65,CBF&CBL
FR0014007PX9,"EUR 0,375 CAISSE FCSE DE ",1.69,CBF&CBL
DE000A3MQA64,"EUR 0,45 KSPK. LUDWIGSBUR",2.30,CBF&CBL
XS2498154207,"EUR 2,00 KFW (REGS) 22-20",1.20,CBF&CBL
FR001400SNH9,"EUR 3,375 SOCIETE GRAND (",5.27,CBF&CBL
DE000A383XX4,"EUR FL.R NIEDERSACHSEN LA",1.15,CBF&CBL
XS3222747936,"USD 3,625 FINLAND REP.OF ",1.64,CBF&CBL
XS3241325896,"USD 3,00 DZ BK AG (REGS/A",7.50,CBF&CBL
DE000DG4UD03,"EUR FL.R DZ BANK AG - FFT",7.50,CBF&CBL
DE000DK0Q4M6,"EUR FL.R DEKABANK 19-2028",7.50,CBF&CBL
XS1973697011,"EUR 1,049 INTL.FIN.CORP. ",4.28,CBF&CBL
DE000A2TSDZ7,"EUR 0,375 DZ HYP AG (REGS",2.56,CBF&CBL
AT000B122049,"EUR 0,125 VOLKSBANK WIEN ",1.12,CBF&CBL
FR0014008TK6,"EUR 1,073 OCCITANIE, REG ",3.58,CBF&CBL
DE000DW6C8W1,"EUR FL.R DZ BANK AG - FFT",7.50,CBF&CBL
DE000LB4W514,"EUR 2,375 LBK BADEN-WUERT",0.73,CBF&CBL
DE000LB51CV5,"EUR 3,10 LBK BADEN-WUERTT",22.26,CBF&CBL
DE000HEL0G44,"EUR 2,50 LANDESBANK HESS-",12.31,CBF&CBL
DE000DJ9AZJ4,"EUR 2,05 DZ BANK AG - FFT",10.57,CBF&CBL
XS3232288681,"EUR FL.R MUNICIPALITY FIN",21.14,CBF&CBL
BE0390296656,"EUR 3,375 VLAAMS GEMEENSC",3.03,CBF&CBL
XS0545440900,"GBP 5,445 TEL.EMISIONES S",8.98,CBF&CBL
BE0002953348,"EUR 3,637 VLAAMS GEMEENSC",4.21,CBF&CBL
DE000DJ9ACJ3,"EUR 3,25 DZ BANK AG - FFT",7.88,CBF&CBL
DE000DJ9ADZ7,"EUR 0,00 DZ BANK AG - FFT",45.24,CBF&CBL
DE000NLB41U5,"EUR 3,40 NORD/LB GZ 24-20",22.15,CBF&CBL
XS2887887078,"EUR 3,00 PACCAR FIN.EURO ",5.00,CBF&CBL
DE000DJ9AR67,"EUR 2,15 DZ BANK AG - FFT",11.40,CBF&CBL
DE000DJ9ASE0,"EUR 2,13 DZ BANK AG - FFT",7.50,CBF&CBL
DE000NWB1WA6,"EUR 3,00 NRW.BANK 25-2036",3.94,CBF&CBL
XS3276325662,"GBP 3,875 ASIAN INFRA INV",12.36,CBF&CBL
NL00150742K1,"EUR 0,00 DUTCH STATE 2910",0.39,CBF&CBL
DE0001142677,"EUR 0,00 BRD 05-2034",1.70,CBF&CBL
XS0430512029,"EUR 5,075 SWEDBANK MORTGA",1.01,CBF&CBL
AT0000A28C72,"EUR 0,587 RAIF.LBK.OBEROS",2.97,CBF&CBL
XS2063349323,"EUR 0,478 BRITISH COLUMBI",13.03,CBF&CBL
DE000A254QV5,"EUR 0,25 KSPK. LUDWIGSBUR",1.56,CBF&CBL
XS2169281487,"EUR 1,625 CRH FUNDING B.V",10.72,CBF&CBL
DE000A11QJK8,"EUR 0,05 OLDENBURGISCHE L",1.76,CBF&CBL
ES0000012E10,"EUR 0,00 SPAIN, KINGDOM O",10.98,CBF&CBL
XS2527451905,"EUR 2,625 SVENSKA HBN.(PU",9.63,CBF&CBL
DE000NLB4UL4,"EUR 3,80 NORD/LB GZ 23-20",12.35,CBF&CBL
DE000A14JZ38,"EUR 2,75 BADEN-WUERTTEMBE",1.02,CBF&CBL
XS2824740778,"EUR 3,00 SPAREBANKEN NOR ",0.98,CBF&CBL
XS3080713756,"GBP 4,25 AB SVENSK EXP (R",1.26,CBF&CBL
ES0000012P33,"EUR 3,20 SPAIN, KINGDOM O",3.14,CBF&CBL
DE000SHFM1F6,"EUR 2,75 SCHLESWIG-HOLSTE",1.91,CBF&CBL
XS3236627546,"EUR 2,75 ING BANK N.V. (R",1.84,CBF&CBL
SK4120012691,"EUR 1,875 SLOVAK, REP. (R",7.25,CBF&CBL
DE000A2NBSN0,"EUR 1,00 KSPK. LUDWIGSBUR",1.00,CBF&CBL
SK4120014531,"EUR 1,50 VSEOB. UVEROVA B",0.56,CBF&CBL
DE000LB2CQG8,"EUR 0,01 LBK BADEN-WUERTT",0.36,CBF&CBL
FR0014000C08,"EUR 0,875 SOC. NAT. SNCF ",12.44,CBF&CBL
EU000A3KWCF4,"EUR 0,00 EUROPEAN UNION (",0.54,CBF&CBL
FR0014006318,"EUR 0,00 AUVERGNE- RHONE ",0.72,CBF&CBL
BE0002986678,"EUR 3,25 BELFIUS BANK SA/",1.71,CBF&CBL
XS2825483998,"EUR FL.R BIL LUXEMBOURG S",7.50,CBF&CBL
DE000LB5CX87,"EUR 2,40 LBK BADEN-WUERTT",13.51,CBF&CBL
XS2998752880,"USD 4,375 BNG BANK N.V. (",0.51,CBF&CBL
SK4120005679,"EUR 4,90 VSEOB. UVEROVA B",3.68,CBF&CBL
FR0012969723,"EUR 2,006 PARIS, VILLE DE",5.50,CBF&CBL
FR0013188430,"EUR 0,793 COMP.FINA.FONCI",1.86,CBF&CBL
XS1548493946,"EUR 1,375 ABN AMRO BK NV ",2.89,CBF&CBL
IT0004548373,"EUR 0,00 ITALY, REP.OF (S",5.50,CBF&CBL
XS1622415674,"EUR 0,75 KOMMUNEKREDIT (R",7.50,CBF&CBL
FR0014009KL1,"EUR 1,625 SOCIETE GRAND (",5.53,CBF&CBL
DE0001143881,"EUR 0,00 BUNDES DEUTSCH 2",0.90,CBF&CBL
LU2773894873,"EUR 2,875 LUXEMBOURG, G-D",2.30,CBF&CBL
DE000LB5DUZ1,"EUR 2,35 LBK BADEN-WUERTT",10.60,CBF&CBL
IT0005672024,"EUR 2,60 ITALY, REP.OF 25",6.89,CBF&CBL
DE000LB63UC2,"EUR 2,50 LBK BADEN-WUERTT",7.50,CBF&CBL
IT0004889033,"EUR 4,75 ITALY, REP.OF (B",1.08,CBF&CBL
DE000DK0C950,"EUR FL.R DEKABANK 15-2027",7.50,CBF&CBL
BE0002246156,"EUR 1,30 BELFIUS BANK SA/",1.68,CBF&CBL
FR0013190220,"EUR 0,625 BPIFRANCE (REGS",3.38,CBF&CBL
XS1558472129,"EUR 1,50 SNCF MOBILITES (",1.66,CBF&CBL
AT000B049648,"EUR 0,50 UNICREDIT BK AT ",1.14,CBF&CBL
DE000BLB5382,"EUR 0,85 BAYERISCH.LANDES",0.68,CBF&CBL
DE000HLB4VB1,"EUR 1,35 LANDESBANK HESS-",4.46,CBF&CBL
EU000A1G0D96,"EUR 1,75 EFSF (REGS) 18-2",12.20,CBF&CBL
BE0002622034,"EUR 1,375 VLAAMS GEMEENSC",3.02,CBF&CBL
ES0000012E51,"EUR 1,45 SPAIN, KINGDOM O",1.27,CBF&CBL
FR0013433679,"EUR 1,20 ORANGE (REGS) 19",21.03,CBF&CBL
FR0013450822,"EUR 0,375 CREDIT MUTU ARK",7.50,CBF&CBL
DE000A289NF1,"EUR 1,00 DEUTSCHE WOHNEN ",10.69,CBF&CBL
XS2613159719,"EUR 3,25 FEDE.CAIS.DESJAR",0.61,CBF&CBL
DE000A30V3A2,"EUR 3,125 INVESTITIONSBK ",0.50,CBF&CBL
FR001400P9R1,"EUR 3,098 CREDIT MUT ARK ",4.13,CBF&CBL
DE000DJ9AXB6,"EUR 2,67 DZ BANK AG - FFT",12.56,CBF&CBL
XS3268040964,"EUR 2,875 POLAND, REP.OF ",3.45,CBF&CBL
XS3344465813,"EUR FL.R AKTIA BANK PLC (",7.50,CBF&CBL
DE000NWB0B08,"EUR 3,625 NRW.BANK (REGS/",4.99,CBF&CBL
BE0008516776,"EUR 0,00 BELGIUM, KINGDOM",1.87,CBF&CBL
DE000A169NC2,"EUR 1,375 MERCEDES-BENZ G",5.00,CBF&CBL
DE0003811451,"EUR 0,00 BUNDES DEUTSCH (",0.20,CBF&CBL
XS1463101680,"EUR 1,60 VODAFONE GROUP P",13.97,CBF&CBL
IT0005243065,"EUR FL.R INTESA SANPAOLO ",0.58,CBF&CBL
ES0001351545,"EUR 1,27 CASTILLA Y LEON ",9.81,CBF&CBL
FR001400DCB7,"EUR 3,50 AFD (REGS) 22-20",3.94,CBF&CBL
DE000A3LT431,"EUR 3,00 BMW US CAP.LLC (",5.00,CBF&CBL
DE000DJ9AH69,"EUR 2,85 DZ BANK AG - FFT",12.03,CBF&CBL
IT0005550436,"EUR 0,00 ITALY, REP.OF (B",7.92,CBF&CBL
IT0005696668,"EUR 2,75 BANCO BPM S.P.A ",1.71,CBF&CBL
XS3520620579,"EUR 0,00 EUROP.INVEST.BK ",0.06,CBF&CBL
XS0301022231,"EUR 4,548 RESEAU FERRE FR",3.46,CBF&CBL
FR0010809830,"EUR 0,00 FRANCE (OAT STRI",3.78,CBF&CBL
FR0011461037,"EUR 3,25 FRANCE (REGS OAT",3.12,CBF&CBL
DE000A1X25H2,"EUR 2,50 LAND BERLIN 14-2",0.50,CBF&CBL
XS1167667283,"EUR 1,625 VOLKSWAGEN INTL",9.89,CBF&CBL
XS1422953932,"EUR 1,00 EUROP.INVEST.BK ",1.20,CBF&CBL
BE0002831122,"EUR 0,625 FLUVIUS SYSTEM ",14.94,CBF&CBL
DE000LFA2022,"EUR 1,50 LFA FRDRBK.BAYER",0.38,CBF&CBL
DE000LB39CA4,"EUR 3,524 LBK BADEN-WUERT",18.45,CBF&CBL
IT0005550121,"EUR 0,00 ITALY, REP.OF (B",4.02,CBF&CBL
DE000DJ9AMM6,"EUR 2,80 DZ BANK AG - FFT",13.04,CBF&CBL
XS2887901598,"EUR 3,125 BMW INTL INV BV",9.85,CBF&CBL
XS2980741099,"EUR 3,25 SBAB BK AB (PUBL",11.40,CBF&CBL
IT0005623753,"EUR 2,75 ICCREA BANCA SPA",1.13,CBF&CBL
DE000BU4Z136,"EUR 0,00 BUNDES DEUTSCH 2",1.32,CBF&CBL
DE000HEL0K89,"EUR 2,15 LANDESBANK HESS-",7.50,CBF&CBL
DE000A46ZYT5,"EUR 2,75 HAMBURGER SPARK.",12.26,CBF&CBL
DE000DDA0UD2,"EUR 0,22 DZ BANK AG - FFT",10.76,CBF&CBL
XS2168048564,"EUR 0,00 EUROP.INVEST.BK ",0.15,CBF&CBL
DE000A289NN5,"EUR 0,30 LAND, BRANDENBUR",5.93,CBF&CBL
DE000SLB0GH4,"EUR 0,71 LANDESBK SAAR 21",27.99,CBF&CBL
DE000NLB4QS7,"EUR 4,20 NORD/LB GZ 23-20",22.29,CBF&CBL
DE000CZ45W65,"EUR 2,56 COMMERZBK AG 22-",3.22,CBF&CBL
DE000HLB48G1,"EUR 2,85 LANDESBANK HESS-",7.50,CBF&CBL
FR001400EZL5,"EUR 3,25 ARKEA PUBLIC (RE",1.45,CBF&CBL
DE000NLB46L3,"EUR 2,10 NORD/LB GZ 24-20",7.50,CBF&CBL
DE000LB5R776,"EUR 2,50 LBK BADEN-WUERTT",11.77,CBF&CBL
DE000DJ9AZG0,"EUR 1,75 DZ BANK AG - FFT",7.50,CBF&CBL
DE000LB67YR3,"EUR 3,20 LBK BADEN-WUERTT",20.73,CBF&CBL
XS0162990229,"EUR 5,625 EDF SERV.NATL. ",16.20,CBF&CBL
DE000LBW2P46,"EUR FL.R LBK BADEN-WUERTT",7.50,CBF&CBL
XS0494026940,"EUR 4,18 RESEAU FERRE FR ",2.38,CBF&CBL
FR0013222247,"EUR 2,45 ALTAREA 16-2026",5.00,CBF&CBL
IT0003748792,"EUR 0,00 ITALY, REP.OF (B",1.23,CBF&CBL
XS1747670922,"EUR 1,25 ABN AMRO BK NV (",1.95,CBF&CBL
DE000DG4UF27,"EUR FL.R DZ BANK AG - FFT",7.50,CBF&CBL
XS2109453691,"EUR 0,40 DEKABANK (REGS/1",2.94,CBF&CBL
BE0002718998,"EUR 0,01 VLAAMS GEMEENSCH",0.40,CBF&CBL
IT0005433245,"EUR FL.R INTESA SANPAOLO ",3.30,CBF&CBL
XS2579050639,"EUR 3,00 QUEBEC,PROVINCE ",3.94,CBF&CBL
DE000LFA2196,"EUR 2,875 LFA FRDRBK.BAYE",0.88,CBF&CBL
DE000A352ED1,"EUR 2,625 KFW (REGS) 24-2",2.39,CBF&CBL
FR001400N9U7,"EUR 3,125 AGENCE FRANCE L",4.53,CBF&CBL
IT0005550139,"EUR 0,00 ITALY, REP.OF (B",4.16,CBF&CBL
XS3015760567,"EUR 2,875 ASIAN DEV.BK (R",2.28,CBF&CBL
DE000NLB5FD9,"EUR 1,85 NORD/LB GZ 25-20",7.50,CBF&CBL
DE000A3H2564,"EUR 2,75 BADEN-WUERTTEMBE",2.08,CBF&CBL
DE000LB664A8,"EUR 2,60 LBK BADEN-WUERTT",7.50,CBF&CBL
DE000NLB8FS1,"EUR FL.R NORD/LB GZ 15-20",10.29,CBF&CBL
XS1754989231,"EUR 2,029 SNCF RESEAU (RE",9.88,CBF&CBL
BE0002585637,"EUR FL.R BRUSSELS, REG. O",0.72,CBF&CBL
DE000SLB8197,"EUR 0,80 LANDESBK SAAR 19",7.50,CBF&CBL
XS2149280948,"EUR 2,00 BERTELSM.SE+CO K",5.00,CBF&CBL
DE000DFK0HK0,"EUR 0,18 DZ BANK AG - FFT",15.35,CBF&CBL
XS2430965538,"EUR 0,25 BNG BANK N.V. (R",1.88,CBF&CBL
XS2694874533,"EUR 4,75 VOLKSWAGEN LEASI",13.47,CBF&CBL
DE000LB5EW11,"EUR 2,55 LBK BADEN-WUERTT",10.68,CBF&CBL
XS2958538592,"EUR FL.R CENT. BK SAVINGS",7.50,CBF&CBL
DE000BYL0DF7,"EUR 2,30 BAYERISCH.LANDES",9.74,CBF&CBL
DE000LB6FV28,"EUR 2,00 LBK BADEN-WUERTT",7.50,CBF&CBL
XS1533957301,"EUR 1,595 BNP PARIBAS (RE",17.01,CBF&CBL
XS1823375875,"EUR 1,82 NIBC BANK NV. (R",7.50,CBF&CBL
XS2152796426,"EUR 2,375 AIRBUS SE (REGS",13.35,CBF&CBL
XS2171874519,"EUR 0,50 NORDEA BK ABP (R",7.50,CBF&CBL
DE000A3MQYK2,"EUR 1,25 LAND BERLIN 22-2",0.66,CBF&CBL
XS2576390459,"EUR 3,25 BK.NOVA SCOTIA  ",0.51,CBF&CBL
DE000DJ9ACP0,"EUR 4,90 DZ BANK AG - FFT",20.57,CBF&CBL
DE000DDA0PM3,"EUR FL.R DZ BANK AG - FFT",7.50,CBF&CBL
ES00000129B6,"EUR 0,00 SPAIN, KINGDOM O",3.29,CBF&CBL
DE000A2E4C76,"EUR FL.R AAREAL BK AG. 20",0.39,CBF&CBL
BE0002792738,"EUR 1,00 WALLONE, REGION ",10.26,CBF&CBL
XS2673978644,"EUR 3,375 AB SVENSK EXP (",2.09,CBF&CBL
DE000HEL0CK7,"EUR 2,50 LANDESBANK HESS-",11.14,CBF&CBL
DE000A4DE2R2,"EUR 2,75 IB SCHLESWIG-HOL",22.25,CBF&CBL
DE000LB6JCZ4,"EUR 2,50 LBK BADEN-WUERTT",11.08,CBF&CBL
DE000LB6XEE6,"EUR 2,83 LBK BADEN-WUERTT",7.50,CBF&CBL
XS0422750009,"EUR FL.R EUROP.INVEST.BK ",1.57,CBF&CBL
XS0944835734,"EUR 2,75 ASFINAG(AT) (REG",2.91,CBF&CBL
ES00000125M1,"EUR 0,00 SPAIN, KINGDOM O",1.08,CBF&CBL
FR0011982776,"EUR FL.R FRANCE (REGS OAT",2.07,CBF&CBL
DE000DK0EXB4,"EUR FL.R DEKABANK 17-2027",7.50,CBF&CBL
FR0013296704,"EUR FL.R PARIS, VILLE DE ",5.16,CBF&CBL
IE00BKFVC899,"EUR 0,20 IRELAND, REP OF ",2.44,CBF&CBL
DE000NLB3D71,"EUR FL.R NORD/LB GZ 20-20",13.06,CBF&CBL
DE000CB0HRT3,"EUR 0,288 COMMERZBK AG 20",7.50,CBF&CBL
DE000A3H2Y24,"EUR 0,15 LAND BERLIN 21-2",3.37,CBF&CBL
ES0413679525,"EUR 3,05 BANKINTER (REGS)",0.58,CBF&CBL
FR001400JM74,"EUR 3,392 CREDIT AGRICOLE",1.11,CBF&CBL
DE000NLB43R7,"EUR 3,95 NORD/LB GZ 24-20",19.76,CBF&CBL
DE000DB9VVP4,"EUR 2,75 DEUTSCHE BANK AG",10.14,CBF&CBL
BE0390251206,"EUR 2,625 BELFIUS BANK SA",1.37,CBF&CBL
XS3295066735,"GBP 3,875 NEDERLAND.WATER",1.04,CBF&CBL
ES0L02704093,"EUR 0,00 SPAIN, KINGDOM O",0.24,CBF&CBL
XS0866276800,"EUR 3,30 RESEAU FERRE FR ",7.75,CBF&CBL
SI0002103602,"EUR 2,25 SLOVENIA REP.OF ",4.15,CBF&CBL
FR0012881878,"EUR 1,587 SOC.GEN.SCF (RE",2.09,CBF&CBL
DE000NRW0H57,"EUR 1,435 NORDRHEIN-WESTF",2.09,CBF&CBL
FR0013204260,"EUR 0,74 ALPES COTE D AZU",1.43,CBF&CBL
XS1945130620,"EUR 0,875 EIKA BOLIGKREDI",0.83,CBF&CBL
DE000BHY0SL9,"EUR 0,375 LBK BADEN-WUERT",14.83,CBF&CBL
EU000A3K4EW6,"EUR 2,875 EUROPEAN UNION ",0.30,CBF&CBL
DE000HV2A078,"EUR 2,10 UNICREDIT BANK 2",11.16,CBF&CBL
FR001401B3Y5,"EUR FL.R DANONE (REGS) 26",5.00,CBF&CBL
DE000NRW23F7,"EUR 2,375 NORDRHEIN-WESTF",0.50,CBF&CBL
XS1199014306,"EUR 1,771 ITALY, REP.OF (",1.44,CBF&CBL
DE000A2AARL5,"EUR 0,574 LAND SACHSEN AN",0.38,CBF&CBL
FR0013254273,"EUR 0,75 CREDIT AGR HOME ",0.36,CBF&CBL
XS1771909345,"EUR 1,25 ASSA ABLOY AB (R",5.00,CBF&CBL
DE000LB1P9L9,"EUR 1,10 LBK BADEN-WUERTT",7.50,CBF&CBL
DE000LB11744,"EUR 1,20 LBK BADEN-WUERTT",7.50,CBF&CBL
DE000A2LQPC1,"EUR 0,01 HAMBURG HANSESTA",1.26,CBF&CBL
ES0001351586,"EUR 0,425 CASTILLA Y LEON",1.71,CBF&CBL
DE000A3E5LU1,"EUR 0,00 KFW (REGS) 21-20",0.83,CBF&CBL
XS2388557998,"EUR 1,467 BP CAPITAL MRKT",29.53,CBF&CBL
DE000CZ45WY7,"EUR 0,25 COMMERZBK AG (RE",1.69,CBF&CBL
EU000A3K4DM9,"EUR 2,625 EUROPEAN UNION ",3.66,CBF&CBL
FR001400BPA5,"EUR 2,727 CREDIT AGRICOLE",8.09,CBF&CBL
AT0000A30673,"EUR 2,60 ERSTE GR.BK AG 2",7.50,CBF&CBL
DE000A352E14,"EUR 2,875 HAMBURGISCHE IN",20.66,CBF&CBL
DE000CZ45YU1,"EUR FL.R COMMERZBK AG 24-",0.91,CBF&CBL
DE000LB5GJD4,"EUR 2,50 LBK BADEN-WUERTT",11.00,CBF&CBL
DE000A351UL2,"EUR FL.R LAND, BRANDENBUR",1.15,CBF&CBL
DE000SLB9195,"EUR FL.R LANDESBK SAAR 26",12.15,CBF&CBL
XS0144628053,"GBP 5,375 SNCF(1-2) 02-20",0.79,CBF&CBL
XS0430954049,"EUR 0,00 MUNICIPALITY FIN",8.99,CBF&CBL
IT0004955271,"EUR 4,15 CREDITO EMILIANO",0.88,CBF&CBL
DE000A12T3U6,"EUR 0,60 SAECHS.AUFBAUBK ",7.50,CBF&CBL
FR0013230885,"EUR 1,403 BPCE SFH (REGS)",3.79,CBF&CBL
FR0013347085,"EUR 1,326 CAISSE FCSE DE ",2.33,CBF&CBL
ES0000012A48,"EUR 0,00 SPAIN, KINGDOM O",10.92,CBF&CBL
DE000HLB4YB5,"EUR 0,435 LANDESBANK HESS",7.50,CBF&CBL
DE000DDA0WL1,"EUR 1,50 DZ BANK AG - FFT",7.50,CBF&CBL
DE000SLB8601,"EUR 0,425 LANDESBK SAAR 2",15.02,CBF&CBL
BE0002763440,"EUR 0,592 BRUSSELS, REG. ",15.64,CBF&CBL
DE000A3E5TU4,"EUR 0,01 NIEDERSACHSEN LA",0.57,CBF&CBL
DE000A2LQZ91,"EUR FL.R HAMBURGISCHE INV",15.84,CBF&CBL
XS2703627021,"GBP 5,125 JOHN DEERE BK S",7.50,CBF&CBL
FR001400LDK9,"EUR 3,625 CAISSE FCSE DE ",0.80,CBF&CBL
XS2908107019,"EUR 2,617 ING BANK N.V. 2",1.04,CBF&CBL
FR001400TEY1,"EUR 3,037 BPCE SFH 24-203",2.32,CBF&CBL
DE000A352AE7,"EUR 2,535 LAND SACHSEN AN",0.66,CBF&CBL
FR0014018OI0,"EUR 3,25 FRANCE (OAT) 26-",1.22,CBF&CBL
DE000LB6JC43,"EUR 2,50 LBK BADEN-WUERTT",8.49,CBF&CBL
FR0129704138,"EUR 0,00 FRANCE (BTF) 060",0.07,CBF&CBL
ES0000107104,"EUR 3,9295 COMUNIDAD ARAG",5.28,CBF&CBL
DE000HBE1MF6,"EUR 0,00 HYPOTHEKENBK FRF",3.45,CBF&CBL
DE000NRW0BT4,"EUR FL.R NORDRHEIN-WESTFA",1.12,CBF&CBL
FR0012792000,"EUR 1,875 BPIFRANCE (REGS",2.55,CBF&CBL
FR0013154358,"EUR 0,00 FRANCE (OAT STRI",9.46,CBF&CBL
AT0000A28L89,"EUR 0,36 EB UND HYPO 19-2",1.95,CBF&CBL
XS2351073098,"EUR 0,375 KNAB N.V. (REGS",3.04,CBF&CBL
DE0001789352,"EUR 2,875 SACHSEN, FREIST",0.51,CBF&CBL
XS2687917018,"GBP 6,50 VOLKSWAGEN FIN(N",5.00,CBF&CBL
DE000HLB57L2,"EUR 2,90 LANDESBANK HESS-",9.40,CBF&CBL
XS2883451044,"EUR 2,625 DEV.BK OF JAPAN",7.50,CBF&CBL
NL00150027W2,"EUR 2,65 COOPERATIEVE RA ",1.14,CBF&CBL
BE0000365743,"EUR 2,60 BELGIUM, KINGDOM",2.67,CBF&CBL
EU000A4E0866,"EUR 0,00 EUROPEAN UNION (",4.78,CBF&CBL
XS0532426425,"EUR FL.R RESEAU FERRE FR ",0.92,CBF&CBL
XS0918601989,"EUR 4,75 ENEL FINANCE INT",5.00,CBF&CBL
DE000LFA1586,"EUR 1,05 LFA FRDRBK.BAYER",0.38,CBF&CBL
DE000NLB2773,"EUR 0,25 NORD/LB GZ 19-20",7.50,CBF&CBL
DE000A1RQD01,"EUR 0,00 HESSEN LAND (REG",1.64,CBF&CBL
DE000A3E5XN1,"EUR 0,125 KFW (REGS) 22-2",1.88,CBF&CBL
DE000DW6CYG8,"EUR 2,57 DZ BANK AG - FFT",7.50,CBF&CBL
DE000BU27006,"EUR 2,40 BUNDES DEUTSCH 2",0.90,CBF&CBL
IT0005561888,"EUR 4,00 ITALY, REP.OF (R",2.01,CBF&CBL
DE000SHFM964,"EUR 2,50 SCHLESWIG-HOLSTE",1.31,CBF&CBL
DE000LB6F6L2,"EUR 2,80 LBK BADEN-WUERTT",21.48,CBF&CBL
FR001401AQN6,"EUR 3,625 BPIFRANCE (REGS",3.00,CBF&CBL
DE000LB69L74,"EUR 3,50 LBK BADEN-WUERTT",26.67,CBF&CBL
XS1205548164,"EUR 1,625 WPP FINANCE DEU",10.40,CBF&CBL
XS1309529680,"EUR 1,375 BNG BANK N.V. (",1.56,CBF&CBL
FR0013323870,"EUR 1,375 ORANGE (REGS) 1",5.00,CBF&CBL
FR0013342748,"EUR 1,782 CAISSE DES DEPO",10.26,CBF&CBL
AT0000A26804,"EUR 1,30 ERSTE GR.BK AG (",8.55,CBF&CBL
DE000NRW0LM8,"EUR 1,10 NORDRHEIN-WESTFA",2.60,CBF&CBL
XS2056396919,"EUR 0,25 TELENOR ASA (REG",5.00,CBF&CBL
AT000B127089,"EUR 0,23 OBERBANK AG(AT) ",4.96,CBF&CBL
FR0014003LZ2,"EUR 0,945 BOURGOGNE FRANC",7.54,CBF&CBL
AT000B049911,"EUR 1,50 UNICREDIT BK AT ",0.58,CBF&CBL
DE000HLB4249,"EUR 3,235 LANDESBANK HESS",2.68,CBF&CBL
DE000DJ9AD48,"EUR FL.R DZ BANK AG - FFT",7.71,CBF&CBL
DE000BLB9YA2,"EUR 2,353 BAYERISCH.LANDE",31.22,CBF&CBL
AT0000A3CZ74,"EUR 3,125 HYPO VORARLBERG",1.25,CBF&CBL
ES04139000A7,"EUR 2,375 BCO SANTANDER (",0.98,CBF&CBL
DE000SLB9179,"EUR 3,50 LANDESBK SAAR 26",25.49,CBF&CBL
DE000NLB51D0,"EUR 2,00 NORD/LB GZ 26-20",11.01,CBF&CBL
AT0000A3RVH9,"EUR 3,20 AUSTRIA, REP.OF ",4.11,CBF&CBL
DE000DKB0747,"EUR 3,50 DEUTSCHE KREDITB",3.42,CBF&CBL
XS0096806590,"GBP 5,20 BNG BANK N.V. (R",0.97,CBF&CBL
XS0868517177,"EUR 3,00 DEUT.TKOM.INT.FI",14.55,CBF&CBL
BE0001786400,"EUR 0,852 WALLONE, REGION",0.72,CBF&CBL
DE000BHY0C21,"EUR 0,11 LBK BADEN-WUERTT",14.15,CBF&CBL
DE000NWB0AN7,"EUR 0,00 NRW.BANK (REGS/8",2.39,CBF&CBL
DE000HLB5RB6,"EUR 3,10 LANDESBANK HESS-",7.50,CBF&CBL
IT0005544082,"EUR 4,35 ITALY, REP.OF (B",2.72,CBF&CBL
DE000LB5KNW8,"EUR 2,82 LBK BADEN-WUERTT",16.67,CBF&CBL
DE000NLB48X4,"EUR 1,90 NORD/LB GZ 25-20",7.50,CBF&CBL
DE000A460Q35,"EUR 1,50 HAMBURGER SPARK.",7.50,CBF&CBL
DE000HEL0TF1,"EUR 2,00 LANDESBANK HESS-",7.50,CBF&CBL
XS3435288769,"EUR 4,25 HUNGARY, REP.OF ",10.24,CBF&CBL
FR0010871046,"EUR 0,00 FRANCE (OAT STRI",7.51,CBF&CBL
BE0001733840,"EUR 1,568 WALLONE, REGION",4.09,CBF&CBL
EU000A1G0DT0,"EUR 1,25 EFSF (REGS) 17-2",4.31,CBF&CBL
FR0013283140,"EUR 1,625 SUEZ SA (REGS) ",16.65,CBF&CBL
DE000A2LQHT2,"EUR 1,125 KFW (REGS) 18-2",2.28,CBF&CBL
DE000SLB8163,"EUR 1,25 LANDESBK SAAR 19",10.41,CBF&CBL
IT0004534357,"EUR 0,00 ITALY, REP.OF (B",1.18,CBF&CBL
FR0014000SN9,"EUR 0,27 BOURGOGNE FRANCH",6.05,CBF&CBL
DE0001143915,"EUR 0,00 BUNDES DEUTSCH 2",1.57,CBF&CBL
DE000A3LBMY2,"EUR 3,00 MERCEDES-BENZ F ",5.00,CBF&CBL
DE0001053650,"EUR 3,27 BAYERN, FREISTAA",5.48,CBF&CBL
FR001400JHV1,"EUR 3,513 CREDIT AGRICOLE",2.82,CBF&CBL
DE000DJ9ACR6,"EUR FL.R DZ BANK AG - FFT",19.78,CBF&CBL
FR001400NJB1,"EUR 3,00 SOCIETE GEN.SFH ",0.36,CBF&CBL
DE000CZ439X0,"EUR 3,48 COMMERZBK AG (RE",7.50,CBF&CBL
AT0000A3BPR4,"EUR 3,10 ERSTE GR.BK AG 2",7.50,CBF&CBL
DE000LB5EW29,"EUR 2,70 LBK BADEN-WUERTT",13.67,CBF&CBL
XS2975081303,"GBP 4,375 KFW 25-2028",0.61,CBF&CBL
DE000DJ9A0B8,"EUR 2,10 DZ BANK AG - FFT",7.50,CBF&CBL
DE000HEL0WH1,"EUR 2,80 LANDESBANK HESS-",12.42,CBF&CBL
DE000LB6W7B0,"EUR 3,19 LBK BADEN-WUERTT",7.50,CBF&CBL
DE000LB13BY1,"EUR 0,835 LBK BADEN-WUERT",7.76,CBF&CBL
FR0013506300,"EUR 1,625 ORANGE (REGS) 2",15.55,CBF&CBL
FR0013522133,"EUR 1,00 AEROPORTS DE PAR",6.98,CBF&CBL
DE000A2GSR62,"EUR 0,06 WIRTSCHAFTS-INFR",3.62,CBF&CBL
XS2984223797,"USD 4,50 NRW.BANK (REGS/1",0.64,CBF&CBL
DE000A4D7WW0,"EUR 3,125 NIEDEROESTERREI",5.06,CBF&CBL
DE000LB4XBT5,"EUR FL.R LBK BADEN-WUERTT",0.61,CBF&CBL
AT0000A3T5S1,"EUR 3,00 ERSTE GR.BK AG (",19.92,CBF&CBL
XS3344647840,"EUR FL.R AKTIA BANK PLC (",11.28,CBF&CBL
ES0L02706049,"EUR 0,00 SPAIN, KINGDOM O",0.30,CBF&CBL
FR0012612588,"EUR 1,214 PARIS, VILLE DE",2.57,CBF&CBL
XS1587900843,"EUR 1,383 LANDESBANK HESS",8.61,CBF&CBL
FR0013255866,"EUR 1,25 CAISSE FCSE DE (",1.75,CBF&CBL
XS1691781865,"EUR 1,50 HEINEKEN NV (REG",9.09,CBF&CBL
DE000NLB0R29,"EUR 1,40 NORD/LB GZ (REGS",7.50,CBF&CBL
FR0014007VS7,"EUR 0,375 CREDIT MUTUEL H",2.01,CBF&CBL
DE0001143857,"EUR 0,00 BUNDES DEUTSCH 2",0.13,CBF&CBL
IT0005552507,"EUR 3,75 BANCO BPM S.P.A ",0.64,CBF&CBL
DE000HLB5139,"EUR 3,10 LANDESBANK HESS-",7.50,CBF&CBL
IT0005550071,"EUR 0,00 ITALY, REP.OF (B",3.09,CBF&CBL
IT0005550360,"EUR 0,00 ITALY, REP.OF (B",7.41,CBF&CBL
DE000RLP1551,"EUR 2,875 RHEINLAND-PFALZ",5.83,CBF&CBL
FR001400TEV7,"EUR FL.R BPCE (BANQUE PO ",2.07,CBF&CBL
DE000BYL0GD5,"EUR 2,15 BAYERISCH.LANDES",7.50,CBF&CBL
XS3286679835,"EUR 3,125 NORDEA BK ABP (",18.49,CBF&CBL
XS3307980170,"GBP 3,75 NORDIC INVEST.BK",1.18,CBF&CBL
DE000LB66YH6,"EUR 2,95 LBK BADEN-WUERTT",15.79,CBF&CBL
DE000NRW23P6,"EUR 2,125 NORDRHEIN-WESTF",0.50,CBF&CBL
FR0013284270,"EUR 2,00 ENGIE (REGS) 17-",26.41,CBF&CBL
DE000BLB7T82,"EUR 0,70 BAYERISCH.LANDES",9.43,CBF&CBL
XS2019816979,"EUR 0,805 BNG BANK N.V. (",6.53,CBF&CBL
AT0000A2GKJ3,"EUR 0,22 NIEDEROESTERREIC",1.81,CBF&CBL
DE000HLB47G3,"EUR 3,05 LANDESBANK HESS-",7.50,CBF&CBL
DE000A351XS1,"EUR 3,25 DZ HYP AG (REGS)",0.36,CBF&CBL
ES0413320153,"EUR FL.R DEUTSCHE BANK SA",0.36,CBF&CBL
DE000DJ9AZ00,"EUR 2,44 DZ BANK AG - FFT",7.50,CBF&CBL
XS3272371876,"EUR 2,375 ASIAN DEV.BK 26",0.76,CBF&CBL
XS3353682589,"EUR 3,875 QUEBEC,PROVINCE",4.91,CBF&CBL
FR001401ARM6,"GBP 6,25 SOC. NAT. SNCF (",6.57,CBF&CBL
ES00000120U5,"EUR 0,00 SPAIN, KINGDOM O",4.45,CBF&CBL
FR0012033280,"EUR 2,28 PARIS, VILLE DE ",1.56,CBF&CBL
DE000A11QE45,"EUR 1,0625 LAND, BRANDENB",0.42,CBF&CBL
DE000BLB4V81,"EUR FL.R BAYERISCH.LANDES",7.50,CBF&CBL
BE0001773275,"EUR 1,656 VLAAMS GEMEENSC",6.65,CBF&CBL
ES0000012A14,"EUR 0,00 SPAIN, KINGDOM O",10.02,CBF&CBL
DE000MHB4057,"EUR 0,075 MUENCHENER HYPO",0.40,CBF&CBL
IT0004534498,"EUR 0,00 ITALY, REP.OF (B",4.01,CBF&CBL
XS2113121904,"EUR 0,05 JAPANFINANCE ORG",5.00,CBF&CBL
IT0005402117,"EUR 1,45 ITALY, REP.OF (R",3.57,CBF&CBL
XS2404589694,"EUR 0,70 MANITOBA, PROV.O",6.13,CBF&CBL
XS2607781882,"EUR 3,125 SWEDBANK MORTGA",0.62,CBF&CBL
DE000DJ9ABL1,"EUR 3,90 DZ BANK AG - FFT",25.02,CBF&CBL
IT0005593212,"EUR 3,50 BCA.MONTE DEI PA",0.93,CBF&CBL
XS3192966383,"EUR 3,20 SEB (REGS/348) 2",19.92,CBF&CBL
DE000DJ9AZ59,"EUR 2,45 DZ BANK AG - FFT",16.55,CBF&CBL
XS3241240558,"EUR 3,455 AUSTRIA, REP.OF",3.72,CBF&CBL
DE000LB664F7,"EUR 3,00 LBK BADEN-WUERTT",20.57,CBF&CBL
DE000HV2A2P7,"EUR 2,65 UNICREDIT BANK 2",15.65,CBF&CBL
ES0L02708060,"EUR 0,00 SPAIN, KINGDOM O",0.38,CBF&CBL
IT0004286966,"EUR 5,00 ITALY, REP.OF (R",3.80,CBF&CBL
DE000MHB10J3,"EUR 2,50 MUENCHENER HYPOB",0.62,CBF&CBL
IT0005248197,"EUR 0,00 ITALY, REP.OF (B",11.65,CBF&CBL
DE000SLB8007,"EUR 1,00 LANDESBK SAAR 18",7.50,CBF&CBL
FR0013342649,"EUR 1,30 BPCE (BANQUE PO ",7.50,CBF&CBL
FR0013426756,"EUR 0,959 DEPT DE L EURE ",6.77,CBF&CBL
IT0004534456,"EUR 0,00 ITALY, REP.OF (B",3.28,CBF&CBL
BE0002704857,"EUR 1,095 VLAAMS GEMEENSC",9.05,CBF&CBL
FR0014000YO5,"EUR 0,00 SAVOIE 20-2028",0.93,CBF&CBL
XS2390400807,"EUR 0,875 ENEL FINANCE IN",21.76,CBF&CBL
DE000DB9VBV4,"EUR 3,30 DEUTSCHE BANK AG",7.50,CBF&CBL
FR001400I2W5,"EUR 3,00 BNP PARIBAS HOME",0.58,CBF&CBL
BE6344564859,"EUR 3,375 ARGENTA SPAARBA",0.61,CBF&CBL
FR001400JMN8,"EUR 3,389 CREDIT AGRICOLE",1.27,CBF&CBL
DE000DK01172,"EUR 3,78 DEKABANK (REGS) ",21.40,CBF&CBL
FR001400WJ56,"EUR 2,75 BPIFRANCE (REGS)",1.69,CBF&CBL
XS3172152152,"EUR 2,75 INTL.DEVEL..ASSO",1.89,CBF&CBL
DE000DJ9AZH8,"EUR 1,75 DZ BANK AG - FFT",7.50,CBF&CBL
DE000HV2A1B9,"EUR 2,40 UNICREDIT BANK 2",14.23,CBF&CBL
AT0000A3X198,"EUR 3,625 OBERBANK AG(AT)",2.53,CBF&CBL
DE000DL19T91,"EUR 1,405 DEUTSCHE BANK A",2.44,CBF&CBL
FR0013397403,"EUR 1,5825 COMP.FINA.FONC",3.76,CBF&CBL
XS2001346480,"EUR 0,25 LANDESBANK HESS-",0.47,CBF&CBL
ES00000129A8,"EUR 0,00 SPAIN, KINGDOM O",3.07,CBF&CBL
DE000A28V301,"EUR 2,50 JAB HOLDINGS B.V",5.00,CBF&CBL
FR0013516077,"EUR 0,50 ESSILORLUXOTTIC ",5.00,CBF&CBL
FR0013534484,"EUR 0,125 ORANGE (REGS) 2",9.09,CBF&CBL
DE000A3E5XR2,"EUR 0,10 SPARKASSE KREFEL",2.17,CBF&CBL
DE000A3SJZU0,"EUR 3,05 WIRTSCHAFTS-INFR",5.69,CBF&CBL
DE000BHY0GM2,"EUR 3,00 LBK BADEN-WUERTT",1.87,CBF&CBL
DE000DJ9AB40,"EUR FL.R DZ BANK AG - FFT",7.52,CBF&CBL
XS2802587258,"EUR 3,00 YORKSH. BUILD.SO",1.54,CBF&CBL
XS2975276143,"EUR 3,625 POLAND, REP.OF ",5.80,CBF&CBL
FI4000602560,"EUR 0,00 FINLAND REP.OF (",0.54,CBF&CBL
XS2056484889,"EUR 0,01 LANDESBANK HESS-",1.07,CBF&CBL
XS2081246410,"EUR 0,53 OP CORPOR BK PL ",10.43,CBF&CBL
XS2406578059,"EUR 0,01 YORKSH. BUILD.SO",0.76,CBF&CBL
AT0000A2YP06,"EUR FL.R ERSTE GR.BK AG 2",25.27,CBF&CBL
AT0000A2Y9H0,"EUR 1,90 ERSTE GR.BK AG (",7.50,CBF&CBL
DE000A383CD0,"EUR 3,00 SPK DORTMUND (RE",1.68,CBF&CBL
DE000A351PP3,"EUR FL.R LAND BERLIN 24-2",0.60,CBF&CBL
XS2898821033,"EUR 2,375 NORDIC INVEST.B",0.70,CBF&CBL
XS2924823532,"USD 4,00 L-BANK (REGS/568",0.49,CBF&CBL
FR001400TUC3,"EUR 3,00 AGENCE FRANCE LO",3.69,CBF&CBL
DE000A4DFC16,"EUR 2,75 NIEDERSACHSEN LA",2.09,CBF&CBL
DE000NLB50V4,"EUR 2,05 NORD/LB GZ 25-20",7.50,CBF&CBL
DE000LB6GLQ0,"EUR 2,60 LBK BADEN-WUERTT",13.98,CBF&CBL
DE000LB6G462,"EUR 2,00 LBK BADEN-WUERTT",7.67,CBF&CBL
DE000A2AARB6,"EUR 1,223 LAND SACHSEN AN",7.21,CBF&CBL
XS1410582313,"EUR 1,375 AIRBUS FINANCE ",11.75,CBF&CBL
FR0013319043,"EUR 1,78 CAISSE DES DEPOT",10.19,CBF&CBL
XS2055728054,"EUR 0,375 BMW FIN.NV (REG",5.00,CBF&CBL
BE6319015473,"EUR 0,591 WALLONE, REGION",8.15,CBF&CBL
DE000DDA0YQ6,"EUR 0,73 DZ BANK AG - FFT",12.19,CBF&CBL
XS2241825111,"EUR 1,375 GLOBAL SWITCH (",11.89,CBF&CBL
DE000LB39C31,"EUR 3,24 LBK BADEN-WUERTT",8.33,CBF&CBL
DE000NLB43M8,"EUR 3,55 NORD/LB GZ 24-20",9.17,CBF&CBL
DE000A3MQTT3,"EUR 3,125 HAMBURG HANSEST",2.62,CBF&CBL
DE0008153289,"EUR FL.R DEPFA DEUTSCHE P",0.47,CBF&CBL
ES0001350174,"EUR 5,95 JC.CASTILLA-MANC",4.15,CBF&CBL
DE000A1HG1K6,"EUR 3,00 ALLIANZ FINANCE ",5.00,CBF&CBL
XS0960306578,"EUR 2,75 EUROP.INVEST.BK ",0.87,CBF&CBL
XS1511904564,"EUR 0,875 KOMMUNEKREDIT (",27.36,CBF&CBL
DE000A168502,"EUR 1,45 HAMBURG HANSESTA",3.18,CBF&CBL
XS2203969329,"EUR 0,10 ASFINAG(AT) (REG",4.08,CBF&CBL
DE000NLB3W86,"EUR FL.R NORD/LB GZ 22-20",7.50,CBF&CBL
DE000LB3QYB1,"EUR 2,60 LBK BADEN-WUERTT",7.50,CBF&CBL
XS2764457078,"EUR FL.R UNICREDIT BK CZ ",0.47,CBF&CBL
DE000A383B10,"EUR 2,75 KFW (REGS) 24-20",0.39,CBF&CBL
DE000LB6A077,"EUR 2,45 LBK BADEN-WUERTT",13.38,CBF&CBL
DE000LB6JC35,"EUR 2,25 LBK BADEN-WUERTT",7.50,CBF&CBL
DE000A460KR9,"EUR FL.R DEUTSCHE BANK AG",0.82,CBF&CBL
FR0013221389,"EUR 1,125 CAISSE FCSE DE ",1.62,CBF&CBL
IT0005365165,"EUR 3,00 ITALY, REP.OF (R",1.56,CBF&CBL
BE0001796508,"EUR 0,375 VLAAMS GEMEENSC",1.40,CBF&CBL
DE000A3H2TQ6,"EUR 0,01 DZ HYP AG (REGS)",0.91,CBF&CBL
DE000HV2AYJ2,"EUR 0,01 UNICREDIT BANK (",0.94,CBF&CBL
FR001400A9N7,"EUR 1,625 LA BQE POST HOM",1.26,CBF&CBL
XS2489808696,"EUR 2,312 ING BANK N.V. (",0.36,CBF&CBL
DE000DJ9AHM6,"EUR FL.R DZ BANK AG - FFT",13.46,CBF&CBL
XS2800680121,"EUR FL.R NORDIC INVEST.BK",0.66,CBF&CBL
XS2901886361,"GBP 3,875 KFW (REGS) 24-2",0.49,CBF&CBL
DE000LFA2444,"EUR 2,375 LFA FRDRBK.BAYE",0.57,CBF&CBL
XS3002404294,"EUR 2,471 KNAB N.V. (REGS",0.36,CBF&CBL
FR0129939643,"EUR 0,00 CAISSE DES DEPOT",0.72,CBF&CBL
XS1190892635,"EUR 1,375 RED ELECTRICA F",5.00,CBF&CBL
FR0013214137,"EUR 0,625 SAGESS (REGS) 1",5.52,CBF&CBL
XS1770139787,"EUR 1,585 DNB BOLIGKREDIT",3.53,CBF&CBL
DE000SCB0005,"EUR 0,875 DEUTSCHE KREDIT",0.71,CBF&CBL
XS1955187775,"EUR 0,90 SIEMENS FIN.NL (",5.00,CBF&CBL
FR0013436623,"EUR 0,1833 CAISSE FCSE DE",1.11,CBF&CBL
XS2182093943,"USD 1,00 BNG BANK N.V. (R",1.38,CBF&CBL
XS2229470146,"EUR 0,875 KONINKLIJKE KPN",17.53,CBF&CBL
XS2541394750,"EUR 3,875 DEUTSCHE BAHN A",24.86,CBF&CBL
XS2695039128,"EUR 3,50 BNG BANK N.V. (R",3.33,CBF&CBL
IT0005582421,"EUR 4,15 ITALY, REP.OF (B",3.89,CBF&CBL
DE000DJ9APB2,"EUR 3,50 DZ BANK AG - FFT",7.50,CBF&CBL
DE000LB4XBU3,"EUR FL.R LBK BADEN-WUERTT",0.37,CBF&CBL
XS3208013030,"EUR 2,75 SBAB BK AB (PUBL",15.01,CBF&CBL
FR0014014270,"EUR 3,221 SOCIETE GEN.SFH",2.50,CBF&CBL
DE000NLB5123,"EUR FL.R NORD/LB GZ 25-20",4.41,CBF&CBL
FR0014014MY0,"EUR FL.R EDF (REGS) 25-20",5.00,CBF&CBL
DE000DP9BMG8,"EUR 2,80 DZ BANK AG - FFT",14.69,CBF&CBL
DE0001142644,"EUR 0,00 BRD(STRIP CPN) 0",1.10,CBF&CBL
DE000A1EWJQ9,"EUR FL.R DT. PFANDBRIEFBA",1.08,CBF&CBL
DE000HLB2KX2,"EUR FL.R LANDESBANK HESS-",7.50,CBF&CBL
XS2177443343,"EUR 1,75 MOHAWK CAP. SA (",5.00,CBF&CBL
DE000A2YN1B4,"EUR 0,01 INVESTITIONSBK (",0.77,CBF&CBL
DE000A3E5P03,"EUR 0,36 MUENCHENER HYPOB",2.19,CBF&CBL
AT000B127261,"EUR 3,09 OBERBANK AG(AT) ",1.57,CBF&CBL
DE000NRW0N91,"EUR 3,15 NORDRHEIN-WESTFA",0.40,CBF&CBL
DE000A161RY4,"EUR 2,885 BAYERISCHE LAND",0.93,CBF&CBL
DE000LB54RM6,"EUR 2,25 LBK BADEN-WUERTT",10.97,CBF&CBL
IT0005647273,"EUR 2,55 ITALY, REP.OF (B",16.47,CBF&CBL
DE000LB51CU7,"EUR 3,05 LBK BADEN-WUERTT",19.98,CBF&CBL
FR0014012IV8,"EUR 3,375 BPCE (REGS) 25-",17.70,CBF&CBL
ES0000012Q16,"EUR 2,60 SPAIN, KINGDOM O",1.97,CBF&CBL
DE000NRW22F9,"EUR FL.R NORDRHEIN-WESTFA",0.38,CBF&CBL
XS0954197470,"EUR 2,125 OEBB INFRASTRUK",2.99,CBF&CBL
DE000NRW0F34,"EUR 1,61 NORDRHEIN-WESTFA",1.51,CBF&CBL
XS1476654584,"EUR 0,75 SHELL INTL.FIN.B",5.04,CBF&CBL
DE0001108843,"EUR 0,00 BUNDES DEUTSCH (",0.33,CBF&CBL
DE000DP9BMX3,"EUR 3,50 DZ BANK AG - FFT",16.17,CBF&CBL
DE000LBW6PJ2,"EUR 4,167 LBK BADEN-WUERT",1.21,CBF&CBL
XS0752034206,"EUR 3,625 EUROP.INVEST.BK",2.59,CBF&CBL
FR0013432069,"EUR 0,05 AXA HOME LOAN (R",0.36,CBF&CBL
DE000A2LQPF4,"EUR 0,01 HAMBURG HANSESTA",2.80,CBF&CBL
ES0000012D94,"EUR 0,00 SPAIN, KINGDOM O",10.48,CBF&CBL
DE000LB3Q8X3,"EUR 2,85 LBK BADEN-WUERTT",7.50,CBF&CBL
FR001400CM22,"EUR 2,375 COMP.FINA.FONCI",1.20,CBF&CBL
FR0014010A24,"EUR 2,625 CREDIT AGRICOLE",1.44,CBF&CBL
DE000LB619L9,"EUR 2,55 LBK BADEN-WUERTT",7.50,CBF&CBL
AT000B050000,"EUR 3,00 UNICREDIT BK AT ",1.72,CBF&CBL
IT0004976574,"EUR 0,00 ITALY, REP.OF (B",2.43,CBF&CBL
FR0013156577,"EUR FL.R PARIS, VILLE DE ",1.24,CBF&CBL
FR0013267754,"EUR 1,001 CAISSE FCSE DE ",0.67,CBF&CBL
BE0002607852,"EUR 1,50 BRUSSELS, REG. O",6.90,CBF&CBL
XS2068071641,"EUR 0,00 ASIAN DEV.BK (1)",1.03,CBF&CBL
DE000A3H3KE9,"EUR 0,375 KFW (REGS) 21-2",3.36,CBF&CBL
DE000BLB9TJ3,"EUR FL.R BAYERISCH.LANDES",0.39,CBF&CBL
FR001400AJW4,"EUR 1,75 BPCE (REGS) 22-2",1.74,CBF&CBL
DE000DW6C9U3,"EUR FL.R DZ BANK AG - FFT",7.50,CBF&CBL
DE000A161RZ1,"EUR 3,00 BAYERISCHE LANDB",0.38,CBF&CBL
DE000SHFM980,"EUR FL.R SCHLESWIG-HOLSTE",0.56,CBF&CBL
XS3280519318,"EUR 3,75 BMW FIN.NV (REGS",19.49,CBF&CBL
DE000A4DFKV8,"EUR 3,25 DZ HYP AG (REGS)",1.59,CBF&CBL
XS1331756442,"EUR 1,616 ROYAL BK.CANADA",2.77,CBF&CBL
XS1617831026,"EUR 1,25 BANQUE FEDERATIV",7.50,CBF&CBL
BE6305926535,"EUR 1,00 WALLONE, REGION ",1.27,CBF&CBL
BE6312080961,"EUR 1,007 WALLONE, REGION",1.93,CBF&CBL
BE0002772532,"EUR 0,65 BRUSSELS, REG. O",15.25,CBF&CBL
FR0014003F93,"EUR 0,6621 REG CENTRE-VAL",4.99,CBF&CBL
DE000NLB4WN6,"EUR 3,05 NORD/LB GZ 23-20",7.50,CBF&CBL
DE000A161RW8,"EUR FL.R BAYERISCHE LANDB",0.38,CBF&CBL
DE000LB39AS0,"EUR 2,75 LBK BADEN-WUERTT",1.51,CBF&CBL
IT0005550485,"EUR 0,00 ITALY, REP.OF (B",8.63,CBF&CBL
FR001400P6E5,"EUR 3,494 LYON, METROPOLE",6.49,CBF&CBL
XS1354465566,"EUR 1,35 LLOYDS BANK PLC ",1.68,CBF&CBL
XS1615677280,"EUR 0,625 LANDWIRT.RENTEN",0.39,CBF&CBL
FR0013344215,"EUR 1,375 SCHNEIDER ELEC.",5.00,CBF&CBL
DE000NWB2KW3,"EUR 0,125 NRW.BANK (REGS/",0.50,CBF&CBL
IT0005408023,"EUR FL.R INTESA SANPAOLO ",2.83,CBF&CBL
EU000A283867,"EUR 0,10 EUROPEAN UNION (",3.01,CBF&CBL
XS2353182020,"EUR FL.R ENEL FINANCE INT",5.00,CBF&CBL
AT000B122155,"EUR 4,75 VOLKSBANK WIEN 2",7.50,CBF&CBL
DE000DJ9AH36,"EUR 3,00 DZ BANK AG - FFT",7.50,CBF&CBL
DE000A3513S8,"EUR 2,50 LAND BERLIN (REG",3.43,CBF&CBL
XS2289841087,"EUR 1,50 VOLKSWAGEN INTL.",32.22,CBF&CBL
DE000A2TR190,"EUR 2,125 IB SCHLESWIG-HO",12.10,CBF&CBL
DE000HCB0BH9,"EUR 0,01 HAMBURG COM BK (",0.36,CBF&CBL
IT0005489932,"EUR 0,75 BANCO BPM S.P.A ",0.37,CBF&CBL
FR001400PPL2,"EUR 3,765 HOPIT MARSEILLE",23.77,CBF&CBL
BE6357339561,"USD 4,35 BELGIUM, KINGDOM",2.95,CBF&CBL
DE000DJ9ATV2,"EUR FL.R DZ BANK AG - FFT",12.72,CBF&CBL
ES0000012O75,"EUR 3,50 SPAIN, KINGDOM O",3.90,CBF&CBL
FR00140173A6,"EUR 3,75 UNEDIC (REGS) 26",3.60,CBF&CBL
EU000A4DMLY0,"EUR 0,00 ESM (REGS) 05112",0.03,CBF&CBL
FR0011928472,"EUR 2,54 BPCE SFH (REGS) ",2.52,CBF&CBL
ES00000126K3,"EUR 0,00 SPAIN, KINGDOM O",3.34,CBF&CBL
FR0013152907,"EUR 2,00 RTE EDF TRANSPOR",21.07,CBF&CBL
DE000A1RQDB8,"EUR 1,30 HESSEN LAND (REG",2.44,CBF&CBL
XS2056374353,"EUR 0,875 MONDELEZ INTL (",14.48,CBF&CBL
FR0014000QO1,"EUR 0,65 PARIS, VILLE DE ",16.42,CBF&CBL
FR0014000WE0,"EUR 0,33 AGENCE FRANCE LO",8.81,CBF&CBL
FR0014000YG1,"EUR 0,509 MARSEILLE, VILL",9.17,CBF&CBL
IE00BMD03L28,"EUR 0,35 IRELAND, REP OF ",3.41,CBF&CBL
AT0000A32HA3,"EUR 4,00 HYPO NOE LANDES ",7.50,CBF&CBL
DE000LB39AR2,"EUR 3,25 LBK BADEN-WUERTT",20.43,CBF&CBL
DE000NLB41Q3,"EUR 2,75 NORD/LB GZ 24-20",7.50,CBF&CBL
DE000LB5WY09,"EUR 3,15 LBK BADEN-WUERTT",22.48,CBF&CBL
DE000LB5X8W4,"USD 4,00 LBK BADEN-WUERTT",15.20,CBF&CBL
XS3182454952,"EUR FL.R DANSKE BANK AS (",0.79,CBF&CBL
DE000LB6JC76,"EUR 2,90 LBK BADEN-WUERTT",17.14,CBF&CBL
DE000DP9BHP9,"EUR 2,40 DZ BANK AG - FFT",7.50,CBF&CBL
AT0000A3X1X4,"EUR FL.R ERSTE GR.BK AG (",0.72,CBF&CBL
FR0011549997,"EUR 2,875 CAISSE FCSE DE ",0.73,CBF&CBL
ES00000127U0,"EUR 0,00 SPAIN, KINGDOM O",0.38,CBF&CBL
ES0440609339,"EUR 1,25 CAIXABANK S.A. (",0.36,CBF&CBL
BE6294583594,"EUR FL.R BRUSSELS, REG. O",0.72,CBF&CBL
DE000A3MQZZ7,"EUR 1,28 INV.UND STR.BK I",9.82,CBF&CBL
DE000A30WF19,"EUR FL.R DT. PFANDBRIEFBA",0.50,CBF&CBL
AT0000A30772,"EUR 3,15 ERSTE GR.BK AG (",7.50,CBF&CBL
FR0014010658,"EUR 3,218 SOCIETE GEN.SFH",2.45,CBF&CBL
DE000LB6GMA2,"EUR 3,20 LBK BADEN-WUERTT",29.32,CBF&CBL
XS0986099116,"EUR 2,88 BNG BANK N.V. (R",2.02,CBF&CBL
ES0000107450,"EUR 5,15 COMUNIDAD ARAGON",5.40,CBF&CBL
ES0000101826,"EUR FL.R COMUN.DE MADRID ",4.15,CBF&CBL
IT0005345175,"EUR FL.R INTESA SANPAOLO ",0.99,CBF&CBL
IT0004534365,"EUR 0,00 ITALY, REP.OF (B",1.50,CBF&CBL
DE000SLB0GC5,"EUR 0,54 LANDESBK SAAR 20",22.88,CBF&CBL
DE000A3E5FC1,"EUR 0,35 MUENCHENER HYPOB",1.02,CBF&CBL
DK0009404618,"EUR 0,01 JYSKE REALKREDI ",0.36,CBF&CBL
FR00140033E4,"EUR 0,01 CAISSE FCSE DE (",0.92,CBF&CBL
DE000A1RQEH3,"EUR 2,875 HESSEN LAND 23-",2.11,CBF&CBL
DE000A4DFT41,"EUR FL.R IB SCHLESWIG-HOL",13.57,CBF&CBL
DE000LB6BQY4,"USD 3,50 LBK BADEN-WUERTT",16.01,CBF&CBL
DE000DP9BLA3,"EUR 2,30 DZ BANK AG - FFT",7.50,CBF&CBL
XS1346201889,"EUR 2,375 POLAND, REP.OF ",6.63,CBF&CBL
DE000HLB4W53,"EUR FL.R LANDESBANK HESS-",8.47,CBF&CBL
NL0013423122,"EUR 1,40 NATIONALE NL BAN",3.84,CBF&CBL
DE000A3MP4V7,"EUR 0,75 VONOVIA SE (REGS",16.87,CBF&CBL
FR0014005XD9,"EUR 0,623 ALPES COTE D AZ",5.86,CBF&CBL
XS2475492349,"EUR 1,75 INTL.DEVEL..ASSO",3.10,CBF&CBL
DE000A289MK3,"EUR 4,488 AAREAL BK AG. 2",10.06,CBF&CBL
DE000LB39CH9,"EUR 2,41 LBK BADEN-WUERTT",30.62,CBF&CBL
DE000A1RQEW2,"EUR FL.R HESSEN LAND 24-2",0.49,CBF&CBL
DE000HV2A029,"EUR 2,30 UNICREDIT BANK 2",13.55,CBF&CBL
FR00140162H4,"EUR FL.R CAISSE DES DEPOT",2.75,CBF&CBL
EU000A4ERVC2,"EUR 3,25 EUROPEAN UNION 2",2.03,CBF&CBL
ES0000090284,"EUR 5,70 JUNTA DE ANDALUC",1.27,CBF&CBL
FR0011472034,"EUR 3,073 AUTOROUTE DU SU",5.00,CBF&CBL
IE00BV8C9186,"EUR 2,00 IRELAND, REP OF ",8.01,CBF&CBL
FR0012530509,"EUR 1,09 ALPES COTE D AZU",0.72,CBF&CBL
BE0001752063,"EUR 1,825 COMMUNAUT FRANC",5.85,CBF&CBL
DE0003811626,"EUR 0,00 BUNDES DEUTSCH (",4.03,CBF&CBL
AT0000A2AYL3,"EUR 0,01 HYPO TIROL BANK ",0.36,CBF&CBL
DE000BHY0C39,"EUR 0,02 LBK BADEN-WUERTT",11.07,CBF&CBL
FR00140028K1,"EUR 0,251 REGION PAYS LOI",3.15,CBF&CBL
XS2618711068,"EUR 3,25 LANSFORSAKRINGAR",0.90,CBF&CBL
DE000DJ9ABN7,"EUR 4,00 DZ BANK AG - FFT",28.26,CBF&CBL
XS3292846030,"EUR 2,75 KFW (REGS) 26-20",2.15,CBF&CBL
XS3325368267,"USD 3,875 NED.FIN.MAATSCH",1.61,CBF&CBL
XS3449045965,"GBP 4,625 BNG BANK N.V. (",2.03,CBF&CBL
DE000HEL4B45,"EUR 4,035 LANDESBANK HESS",19.53,CBF&CBL
FR0011233394,"EUR 6,00 CDC HABITAT (REG",12.15,CBF&CBL
XS0777338764,"EUR FL.R BNG BANK N.V. (R",0.39,CBF&CBL
DE000A1KRJQ6,"EUR 0,25 ING DIBA AG (REG",0.36,CBF&CBL
FR0013309820,"EUR 1,78 CAISSE DES DEPOT",10.13,CBF&CBL
XS1859440007,"EUR 1,495 ASN BANK N.V. (",3.65,CBF&CBL
DE000MHB22J8,"EUR 1,00 MUENCHENER HYPOB",3.52,CBF&CBL
BE0002743244,"EUR 0,60 VLAAMS GEMEENSCH",14.67,CBF&CBL
AT0000A305U3,"EUR 2,20 ERSTE GR.BK AG 2",8.73,CBF&CBL
DE000LB4W621,"EUR 3,28 LBK BADEN-WUERTT",23.67,CBF&CBL
DE000HEL0ND9,"EUR 1,75 LANDESBANK HESS-",7.50,CBF&CBL
XS3029429357,"USD 4,125 KOMM.INV.I SVER",7.50,CBF&CBL
DE000DJ9A016,"EUR 2,10 DZ BANK AG - FFT",11.13,CBF&CBL
FR0129672582,"EUR 2,625 ACOSS (BMTN) 26",0.79,CBF&CBL
DE000DP9BLP1,"EUR 2,92 DZ BANK AG - FFT",9.15,CBF&CBL
FI4000046545,"EUR FL.R FINLAND REP.OF (",6.02,CBF&CBL
XS1261795378,"EUR 1,7025 NATIONWIDE BS ",1.83,CBF&CBL
BE0001767210,"EUR 1,007 VLAAMS GEMEENSC",3.38,CBF&CBL
ES0000012A89,"EUR 1,45 SPAIN, KINGDOM O",0.45,CBF&CBL
DE000MHB19J4,"EUR 0,625 MUENCHENER HYPO",0.36,CBF&CBL
FR0013369758,"EUR 0,875 UNEDIC (REGS) 1",0.76,CBF&CBL
AT0000A277Q2,"EUR FL.R ERSTE GR.BK AG (",8.03,CBF&CBL
XS2177026155,"USD 0,875 FINLAND REP.OF ",1.54,CBF&CBL
DE000A2GS4L4,"EUR 1,60 SAECHS.AUFBAUBK ",16.48,CBF&CBL
BE0002826072,"EUR 0,30 VLAAMS GEMEENSCH",1.82,CBF&CBL
AT0000A2XLA5,"EUR 1,25 RAIF.LBK.OBEROS.",0.36,CBF&CBL
IT0005521981,"EUR 3,40 ITALY, REP.OF (B",0.77,CBF&CBL
DE000HLB56Q3,"EUR 2,70 LANDESBANK HESS-",9.17,CBF&CBL
DE000AAR0421,"EUR 3,25 AAREAL BK AG. (R",0.91,CBF&CBL
DE000LB5GFS0,"EUR 2,60 LBK BADEN-WUERTT",7.65,CBF&CBL
DE000NLB5CH7,"EUR 2,65 NORD/LB GZ 25-20",12.16,CBF&CBL
DE000LB5X980,"EUR 2,85 LBK BADEN-WUERTT",20.49,CBF&CBL
FR0014015RA6,"EUR 3,75 AFD (REGS) 26-20",5.32,CBF&CBL
DE000DP9BMM6,"EUR 2,985 DZ BANK AG - FF",7.50,CBF&CBL
ES00000126G1,"EUR 0,00 SPAIN, KINGDOM O",1.96,CBF&CBL
XS1500338618,"EUR 0,50 EUROP.INVEST.BK ",2.24,CBF&CBL
XS1781401085,"EUR 1,50 GRAND CITY PROPE",5.00,CBF&CBL
BE6306226620,"EUR 0,95 COMMUNAUT FRANCA",1.28,CBF&CBL
XS2013525410,"EUR 0,125 NORDEA MORTGAGE",0.36,CBF&CBL
AT0000A2B5S2,"EUR 0,77 ERSTE GR.BK AG (",22.68,CBF&CBL
XS2154348424,"EUR 2,375 OMV AG (REGS/17",13.36,CBF&CBL
XS2195092601,"EUR 2,25 ABERTIS INFRAES ",7.59,CBF&CBL
FR0014000UD6,"EUR 1,375 UNIBAIL-ROD WES",14.77,CBF&CBL
XS2281343413,"EUR 0,625 BAYER AG (REGS)",14.12,CBF&CBL
DE000A460B73,"EUR 2,875 THUERINGEN, FRE",2.46,CBF&CBL
XS3324600215,"EUR 3,00 SPAREBNK 1 BOLIK",1.65,CBF&CBL
DE0001143428,"EUR 0,00 BUNDES DEUTSCH (",2.90,CBF&CBL
NL0009446418,"EUR 3,75 DUTCH STATE (REG",3.91,CBF&CBL
DE000NRW0F59,"EUR 1,50 NORDRHEIN-WESTFA",1.54,CBF&CBL
XS1754982061,"EUR 1,70 UTD.UTIL.WATER.F",17.40,CBF&CBL
AT0000A205L4,"EUR 1,80 RAIF.LBK NIEDERO",6.00,CBF&CBL
XS1853269428,"EUR 1,445 ING BANK N.V. (",3.65,CBF&CBL
FR00140006K7,"EUR 0,01 CAISSE FCSE DE (",2.90,CBF&CBL
FR001400AO14,"EUR 2,625 SOCIETE GENERAL",9.30,CBF&CBL
FR001400CRK8,"EUR FL.R JEFFERIES GMBH (",6.81,CBF&CBL
XS2627121507,"EUR 4,50 FERROVIE DEL STA",17.03,CBF&CBL
DE000CZ43Z56,"EUR 3,294 COMMERZBK AG 23",1.31,CBF&CBL
ES0413679582,"EUR FL.R BANKINTER (REGS)",1.18,CBF&CBL
DE000A4DE9M8,"EUR FL.R LAND BERLIN 26-2",1.81,CBF&CBL
DE000DP9BHY1,"EUR FL.R DZ BANK AG - FFT",20.11,CBF&CBL
FR0013231099,"EUR 1,25 AUTOROUTE DU SUD",5.00,CBF&CBL
DE000NRW0K45,"EUR 1,50 NORDRHEIN-WESTFA",2.92,CBF&CBL
DE000A2LQRS3,"EUR 2,25 DEUT.TELEKOM 19-",25.16,CBF&CBL
IT0005398406,"EUR 2,45 ITALY, REP.OF (R",5.43,CBF&CBL
DE000DDA0YK9,"EUR FL.R DZ BANK AG - FFT",7.50,CBF&CBL
DE000BU4Z011,"EUR 0,00 BUNDES DEUTSCH 2",1.13,CBF&CBL
IT0005547812,"EUR 2,40 ITALY, REP.OF (B",8.62,CBF&CBL
FR001400IWZ3,"EUR 3,125 SAGESS (REGS) 2",9.48,CBF&CBL
BE0002966472,"EUR 4,00 VLAAMS GEMEENSCH",4.02,CBF&CBL
DE000A351082,"EUR 3,625 SSPK.MUENCHEN (",0.95,CBF&CBL
FR001400PPK4,"EUR 3,88 HOPIT MARSEILLE ",28.40,CBF&CBL
DE000A4DE9W7,"EUR 2,375 SPARKASS.PFORZH",0.73,CBF&CBL
FR001400YWH8,"EUR 2,625 BPCE (REGS) 25-",1.31,CBF&CBL
DE000LB6A0A3,"EUR 2,80 LBK BADEN-WUERTT",21.07,CBF&CBL
EU000A4ETDK9,"EUR FL.R EUROP.INVEST.BK ",0.50,CBF&CBL
DE000A46ZWM4,"EUR FL.R HAMBURGER SPARK.",14.18,CBF&CBL
DE000LB67YP7,"EUR 3,10 LBK BADEN-WUERTT",15.91,CBF&CBL
DE0001345908,"EUR 0,00 EUROP. INVEST. B",0.03,CBF&CBL
XS0888667200,"EUR 3,25 BASF SE (REGS/15",27.94,CBF&CBL
BE6251438790,"EUR 3,00 BRUSSELS, REG. O",1.09,CBF&CBL
FR0013256187,"EUR 1,30 ALPES COTE D AZU",2.55,CBF&CBL
XS1764691611,"EUR 2,00 SNCF RESEAU (REG",9.97,CBF&CBL
AT0000A26Z44,"EUR FL.R ERSTE GR.BK AG (",7.50,CBF&CBL
DE000A2LQZ67,"EUR 0,38 HAMBURGISCHE INV",38.79,CBF&CBL
FR0014008JP6,"EUR 0,75 BPCE SFH (REGS) ",0.85,CBF&CBL
XS2547936984,"EUR 5,75 RAIFFEISEN BANK ",7.50,CBF&CBL
AT0000A321D6,"EUR 3,90 ERSTE GR.BK AG 2",18.71,CBF&CBL
DE000NLB4VE7,"EUR 3,33 NORD/LB GZ 23-20",7.50,CBF&CBL
DE000DK012D3,"EUR 3,70 DEKABANK 24-2033",19.35,CBF&CBL
FR001400NJA3,"USD 4,25 CAISSE DES DEPOT",0.71,CBF&CBL
BE6359190640,"EUR 2,748 BRUSSELS, REG. ",0.72,CBF&CBL
DE000DP9BF42,"EUR 2,20 DZ BANK AG - FFT",11.84,CBF&CBL
DE0007490245,"EUR 5,25 NORDRHEIN-WESTFA",0.92,CBF&CBL
FR0010172494,"EUR 0,00 FRANCE (OAT STRI",4.28,CBF&CBL
FR0011212554,"EUR FL.R COMP.FINA.FONCIE",0.40,CBF&CBL
IT0004976814,"EUR 0,00 ITALY, REP.OF (B",6.01,CBF&CBL
IT0004548324,"EUR 0,00 ITALY, REP.OF (S",4.63,CBF&CBL
XS1755428502,"EUR 1,50 NATURGY FINANCE ",5.00,CBF&CBL
DE000BHY0GL4,"EUR 0,01 LBK BADEN-WUERTT",0.36,CBF&CBL
DE000DHY5181,"EUR 0,42 NORD/LB GZ (REGS",7.50,CBF&CBL
DE000WBP0BF9,"EUR FL.R WUESTENROT BSPK ",0.39,CBF&CBL
XS2464936264,"EUR 1,40 COOP RABOBK UA (",3.32,CBF&CBL
BE0002847284,"EUR 1,50 BRUSSELS, REG. O",6.26,CBF&CBL
ES0000012E93,"EUR 0,00 SPAIN, KINGDOM O",1.35,CBF&CBL
BE0002948298,"EUR 3,25 KBC BANK NV (REG",0.59,CBF&CBL
FR0128170075,"EUR 4,006 CDC HABITAT (BM",22.62,CBF&CBL
IT0005597916,"EUR 3,50 ICCREA BANCA SPA",2.30,CBF&CBL
XS2851609102,"USD 6,25 BANK GOSPODARSTW",34.06,CBF&CBL
DE000NLB45H3,"EUR 2,60 NORD/LB GZ 24-20",7.50,CBF&CBL
DE000A1RQFE7,"EUR 3,60 HESSEN LAND (REG",5.68,CBF&CBL
IT0001247391,"EUR 0,00 ITALY, REP.OF (B",0.32,CBF&CBL
ES00000129R2,"EUR 0,00 SPAIN, KINGDOM O",7.13,CBF&CBL
DE000DDA0TS2,"EUR 0,16 DZ BANK AG - FFT",7.50,CBF&CBL
IT0004534522,"EUR 0,00 ITALY, REP.OF (B",4.32,CBF&CBL
XS2234568983,"EUR 0,01 SPAREBNK 1 BOLIK",0.36,CBF&CBL
DE000MHB26J9,"EUR 0,01 MUENCHENER HYPOB",4.24,CBF&CBL
BE0390239086,"EUR FL.R COMMUNAUT FRANCA",6.66,CBF&CBL
DE000DJ9A1C4,"EUR 2,43 DZ BANK AG - FFT",7.63,CBF&CBL
FR0129437580,"EUR 0,00 BANQUE DE FRANCE",0.08,CBF&CBL
XS3304272217,"EUR 3,75 BANK GOSPODARSTW",22.17,CBF&CBL
ES00000124H4,"EUR 5,15 SPAIN, KINGDOM O",4.07,CBF&CBL
BE0008533946,"EUR 0,00 BELGIUM, KINGDOM",11.91,CBF&CBL
DE000NLB2PR5,"EUR FL.R NORD/LB GZ (REGS",7.50,CBF&CBL
